matchUrl,chosenSourceFile,allSourceFiles,sourceCopies
https://ru.bsportsfan.com/table-tennis/r/12294743/filip-wolf-vs-jan-mecl-jnr,bsportsfan-telegram-prediction-dataset-500-1785096901271.json,bsportsfan-telegram-prediction-dataset-500-1785096901271.json,1
https://ru.bsportsfan.com/table-tennis/r/12295071/julius-didi-vs-vaclav-kosar,bsportsfan-telegram-prediction-dataset-500-1785096901271.json,bsportsfan-telegram-prediction-dataset-500-1785096901271.json,1
https://ru.bsportsfan.com/table-tennis/r/12295797/jan-hrabec-vs-tomas-kraninger,bsportsfan-telegram-prediction-dataset-500-1785096901271.json,bsportsfan-telegram-prediction-dataset-500-1785096901271.json,1
https://ru.bsportsfan.com/table-tennis/r/12295801/daniel-tuma-vs-jan-trefny,bsportsfan-telegram-prediction-dataset-500-1785096901271.json,bsportsfan-telegram-prediction-dataset-500-1785096901271.json,1
https://ru.bsportsfan.com/table-tennis/r/12295804/martin-bittner-vs-milan-klement,bsportsfan-telegram-prediction-dataset-500-1785096901271.json,bsportsfan-telegram-prediction-dataset-500-1785096901271.json,1
https://ru.bsportsfan.com/table-tennis/r/12295813/filip-wolf-vs-jiri-ruzicka,bsportsfan-telegram-prediction-dataset-500-1785096901271.json,bsportsfan-telegram-prediction-dataset-500-1785096901271.json,1
https://ru.bsportsfan.com/table-tennis/r/12295817/pavel-fojt-vs-daniel-tuma,bsportsfan-telegram-prediction-dataset-500-1785096901271.json,bsportsfan-telegram-prediction-dataset-500-1785096901271.json,1
https://ru.bsportsfan.com/table-tennis/r/12295818/milan-klement-vs-robin-pacha,bsportsfan-telegram-prediction-dataset-500-1785096901271.json,bsportsfan-telegram-prediction-dataset-500-1785096901271.json,1
https://ru.bsportsfan.com/table-tennis/r/12295820/jiri-ruzicka-vs-martin-huk,bsportsfan-telegram-prediction-dataset-500-1785096901271.json,bsportsfan-telegram-prediction-dataset-500-1785096901271.json,1
https://ru.bsportsfan.com/table-tennis/r/12295833/dominik-oborny-vs-daniel-langer,bsportsfan-telegram-prediction-dataset-500-1785096901271.json,bsportsfan-telegram-prediction-dataset-500-1785096901271.json,1
https://ru.bsportsfan.com/table-tennis/r/12295838/frantisek-trojan-vs-julius-didi,bsportsfan-telegram-prediction-dataset-500-1785096901271.json,bsportsfan-telegram-prediction-dataset-500-1785096901271.json,1
https://ru.bsportsfan.com/table-tennis/r/12295840/milan-smrcek-vs-oleg-vitrovyj,bsportsfan-telegram-prediction-dataset-500-1785096901271.json,bsportsfan-telegram-prediction-dataset-500-1785096901271.json,1
https://ru.bsportsfan.com/table-tennis/r/12295841/david-barton-vs-milan-smrcek,bsportsfan-telegram-prediction-dataset-500-1785096901271.json,bsportsfan-telegram-prediction-dataset-500-1785096901271.json,1
https://ru.bsportsfan.com/table-tennis/r/12295848/jiri-dedek-vs-dmitro-parhomenko,bsportsfan-telegram-prediction-dataset-500-1785096901271.json,bsportsfan-telegram-prediction-dataset-500-1785096901271.json,1
https://ru.bsportsfan.com/table-tennis/r/12295855/jan-mecl-jnr-vs-jiri-ruzicka,bsportsfan-telegram-prediction-dataset-500-1785096901271.json,bsportsfan-telegram-prediction-dataset-500-1785096901271.json,1
https://ru.bsportsfan.com/table-tennis/r/12295866/adam-svoboda-vs-mihail-trinta,bsportsfan-telegram-prediction-dataset-500-1785096901271.json,bsportsfan-telegram-prediction-dataset-500-1785096901271.json,1
https://ru.bsportsfan.com/table-tennis/r/12295867/matous-klimenta-vs-martin-huk,bsportsfan-telegram-prediction-dataset-500-1785096901271.json,bsportsfan-telegram-prediction-dataset-500-1785096901271.json,1
https://ru.bsportsfan.com/table-tennis/r/12295870/milan-smrcek-vs-adam-svoboda,bsportsfan-telegram-prediction-dataset-500-1785096901271.json,bsportsfan-telegram-prediction-dataset-500-1785096901271.json,1
https://ru.bsportsfan.com/table-tennis/r/12295871/jiri-dedek-vs-radim-pavelka,bsportsfan-telegram-prediction-dataset-500-1785096901271.json,bsportsfan-telegram-prediction-dataset-500-1785096901271.json,1
https://ru.bsportsfan.com/table-tennis/r/12295872/jan-mecl-jnr-vs-matous-klimenta,bsportsfan-telegram-prediction-dataset-500-1785096901271.json,bsportsfan-telegram-prediction-dataset-500-1785096901271.json,1
https://ru.bsportsfan.com/table-tennis/r/12295881/viktor-vejvoda-vs-richard-wagner,bsportsfan-telegram-prediction-dataset-500-1785096901271.json,bsportsfan-telegram-prediction-dataset-500-1785096901271.json,1
https://ru.bsportsfan.com/table-tennis/r/12295882/jan-trefny-vs-pavel-fojt,bsportsfan-telegram-prediction-dataset-500-1785096901271.json,bsportsfan-telegram-prediction-dataset-500-1785096901271.json,1
https://ru.bsportsfan.com/table-tennis/r/12295884/radim-pavelka-vs-dmitro-parhomenko,bsportsfan-telegram-prediction-dataset-500-1785096901271.json,bsportsfan-telegram-prediction-dataset-500-1785096901271.json,1
https://ru.bsportsfan.com/table-tennis/r/12295888/filip-zurek-vs-jan-hrabec,bsportsfan-telegram-prediction-dataset-500-1785096901271.json,bsportsfan-telegram-prediction-dataset-500-1785096901271.json,1
https://ru.bsportsfan.com/table-tennis/r/12295891/radim-pavelka-vs-jan-trefny,bsportsfan-telegram-prediction-dataset-500-1785096901271.json,bsportsfan-telegram-prediction-dataset-500-1785096901271.json,1
https://ru.bsportsfan.com/table-tennis/r/12295892/dmitro-parhomenko-vs-pavel-fojt,bsportsfan-telegram-prediction-dataset-500-1785096901271.json,bsportsfan-telegram-prediction-dataset-500-1785096901271.json,1
https://ru.bsportsfan.com/table-tennis/r/12295893/oleg-vitrovyj-vs-mihail-trinta,bsportsfan-telegram-prediction-dataset-500-1785096901271.json,bsportsfan-telegram-prediction-dataset-500-1785096901271.json,1
https://ru.bsportsfan.com/table-tennis/r/12295894/david-barton-vs-oleg-vitrovyj,bsportsfan-telegram-prediction-dataset-500-1785096901271.json,bsportsfan-telegram-prediction-dataset-500-1785096901271.json,1
https://ru.bsportsfan.com/table-tennis/r/12296637/dmytro-shchegelskyi-vs-oleksandr-alieksieev,bsportsfan-telegram-prediction-dataset-500-1785096901271.json,bsportsfan-telegram-prediction-dataset-500-1785096901271.json,1
https://ru.bsportsfan.com/table-tennis/r/12296649/yaroslav-makovka-vs-yevhenii-holoborodko,bsportsfan-telegram-prediction-dataset-500-1785096901271.json,bsportsfan-telegram-prediction-dataset-500-1785096901271.json,1
https://ru.bsportsfan.com/table-tennis/r/12296652/maksym-khomenko-vs-volodymyr-ivasiv-1971,bsportsfan-telegram-prediction-dataset-500-1785096901271.json,bsportsfan-telegram-prediction-dataset-500-1785096901271.json,1
https://ru.bsportsfan.com/table-tennis/r/12296654/vasyl-moshovskyi-vs-yaroslav-tebenko,bsportsfan-telegram-prediction-dataset-500-1785096901271.json,bsportsfan-telegram-prediction-dataset-500-1785096901271.json,1
https://ru.bsportsfan.com/table-tennis/r/12296655/petr-kotrbacek-vs-jakub-dufek-jnr,bsportsfan-telegram-prediction-dataset-500-1785096901271.json,bsportsfan-telegram-prediction-dataset-500-1785096901271.json,1
https://ru.bsportsfan.com/table-tennis/r/12296656/taras-gil-vs-volodymyr-dobrovolskyi,bsportsfan-telegram-prediction-dataset-500-1785096901271.json,bsportsfan-telegram-prediction-dataset-500-1785096901271.json,1
https://ru.bsportsfan.com/table-tennis/r/12296673/yevhen-masko-vs-oleksandr-tuzhylin,bsportsfan-telegram-prediction-dataset-500-1785096901271.json,bsportsfan-telegram-prediction-dataset-500-1785096901271.json,1
https://ru.bsportsfan.com/table-tennis/r/12296679/maksym-marchuk-vs-oleksandr-gomilko,bsportsfan-telegram-prediction-dataset-500-1785096901271.json,bsportsfan-telegram-prediction-dataset-500-1785096901271.json,1
https://ru.bsportsfan.com/table-tennis/r/12296689/ruslan-novak-vs-volodymyr-ivasiv-1971,bsportsfan-telegram-prediction-dataset-500-1785096901271.json,bsportsfan-telegram-prediction-dataset-500-1785096901271.json,1
https://ru.bsportsfan.com/table-tennis/r/12296695/yevhen-masko-vs-valerii-melnyk,bsportsfan-telegram-prediction-dataset-500-1785096901271.json,bsportsfan-telegram-prediction-dataset-500-1785096901271.json,1
https://ru.bsportsfan.com/table-tennis/r/12296710/yevhen-masko-vs-roman-reznychenko,bsportsfan-telegram-prediction-dataset-500-1785096901271.json,bsportsfan-telegram-prediction-dataset-500-1785096901271.json,1
https://ru.bsportsfan.com/table-tennis/r/12296736/yaroslav-tebenko-vs-oleksii-rodin,bsportsfan-telegram-prediction-dataset-500-1785096901271.json,bsportsfan-telegram-prediction-dataset-500-1785096901271.json,1
https://ru.bsportsfan.com/table-tennis/r/12296740/josef-hanacek-vs-jan-seeman,bsportsfan-telegram-prediction-dataset-500-1785096901271.json,bsportsfan-telegram-prediction-dataset-500-1785096901271.json,1
https://ru.bsportsfan.com/table-tennis/r/12296745/dmytro-derevynskyi-vs-yan-krol,bsportsfan-telegram-prediction-dataset-500-1785096901271.json,bsportsfan-telegram-prediction-dataset-500-1785096901271.json,1
https://ru.bsportsfan.com/table-tennis/r/12296754/volodymyr-korobko-vs-vladyslav-kovalchuk,bsportsfan-telegram-prediction-dataset-500-1785096901271.json,bsportsfan-telegram-prediction-dataset-500-1785096901271.json,1
https://ru.bsportsfan.com/table-tennis/r/12296762/oleksandr-melashenko-vs-yan-krol,bsportsfan-telegram-prediction-dataset-500-1785096901271.json,bsportsfan-telegram-prediction-dataset-500-1785096901271.json,1
https://ru.bsportsfan.com/table-tennis/r/12296769/roman-cherevko-vs-oleksandr-tuzhylin,bsportsfan-telegram-prediction-dataset-500-1785096901271.json,bsportsfan-telegram-prediction-dataset-500-1785096901271.json,1
https://ru.bsportsfan.com/table-tennis/r/12296792/yurii-parahailo-vs-dmytro-shchegelskyi,bsportsfan-telegram-prediction-dataset-500-1785096901271.json,bsportsfan-telegram-prediction-dataset-500-1785096901271.json,1
https://ru.bsportsfan.com/table-tennis/r/12296801/yaroslav-tebenko-vs-oleksandr-storozhenko,bsportsfan-telegram-prediction-dataset-500-1785096901271.json,bsportsfan-telegram-prediction-dataset-500-1785096901271.json,1
https://ru.bsportsfan.com/table-tennis/r/12296803/oleksii-rodin-vs-vladyslav-kovalchuk,bsportsfan-telegram-prediction-dataset-500-1785096901271.json,bsportsfan-telegram-prediction-dataset-500-1785096901271.json,1
https://ru.bsportsfan.com/table-tennis/r/12296812/maksym-khomenko-vs-dmytro-shchegelskyi,bsportsfan-telegram-prediction-dataset-500-1785096901271.json,bsportsfan-telegram-prediction-dataset-500-1785096901271.json,1
https://ru.bsportsfan.com/table-tennis/r/12296815/yurii-parahailo-vs-ruslan-novak,bsportsfan-telegram-prediction-dataset-500-1785096901271.json,bsportsfan-telegram-prediction-dataset-500-1785096901271.json,1
https://ru.bsportsfan.com/table-tennis/r/12296819/vasyl-moshovskyi-vs-oleksii-rodin,bsportsfan-telegram-prediction-dataset-500-1785096901271.json,bsportsfan-telegram-prediction-dataset-500-1785096901271.json,1
https://ru.bsportsfan.com/table-tennis/r/12296820/oleg-gavryshko-vs-oleksii-hrymovskyi,bsportsfan-telegram-prediction-dataset-500-1785096901271.json,bsportsfan-telegram-prediction-dataset-500-1785096901271.json,1
https://ru.bsportsfan.com/table-tennis/r/12296855/maksym-marchuk-vs-yan-krol,bsportsfan-telegram-prediction-dataset-500-1785096901271.json,bsportsfan-telegram-prediction-dataset-500-1785096901271.json,1
https://ru.bsportsfan.com/table-tennis/r/12296860/oleksandr-tuzhylin-vs-roman-reznychenko,bsportsfan-telegram-prediction-dataset-500-1785096901271.json,bsportsfan-telegram-prediction-dataset-500-1785096901271.json,1
https://ru.bsportsfan.com/table-tennis/r/12296861/dmytro-shchegelskyi-vs-ruslan-novak,bsportsfan-telegram-prediction-dataset-500-1785096901271.json,bsportsfan-telegram-prediction-dataset-500-1785096901271.json,1
https://ru.bsportsfan.com/table-tennis/r/12296881/volodymyr-korobko-vs-yaroslav-tebenko,bsportsfan-telegram-prediction-dataset-500-1785096901271.json,bsportsfan-telegram-prediction-dataset-500-1785096901271.json,1
https://ru.bsportsfan.com/table-tennis/r/12296895/yevhen-pysmennyi-vs-valerii-melnyk,bsportsfan-telegram-prediction-dataset-500-1785096901271.json,bsportsfan-telegram-prediction-dataset-500-1785096901271.json,1
https://ru.bsportsfan.com/table-tennis/r/12296905/maksym-marchuk-vs-vitalii-khamurda,bsportsfan-telegram-prediction-dataset-500-1785096901271.json,bsportsfan-telegram-prediction-dataset-500-1785096901271.json,1
https://ru.bsportsfan.com/table-tennis/r/12296906/dmytro-derevynskyi-vs-oleksandr-melashenko,bsportsfan-telegram-prediction-dataset-500-1785096901271.json,bsportsfan-telegram-prediction-dataset-500-1785096901271.json,1
https://ru.bsportsfan.com/table-tennis/r/12296913/yurii-parahailo-vs-oleksandr-alieksieev,bsportsfan-telegram-prediction-dataset-500-1785096901271.json,bsportsfan-telegram-prediction-dataset-500-1785096901271.json,1
https://ru.bsportsfan.com/table-tennis/r/12296923/vasyl-moshovskyi-vs-oleksandr-storozhenko,bsportsfan-telegram-prediction-dataset-500-1785096901271.json,bsportsfan-telegram-prediction-dataset-500-1785096901271.json,1
https://ru.bsportsfan.com/table-tennis/r/12296927/bohdan-zaika-vs-serhii-solomko,bsportsfan-telegram-prediction-dataset-500-1785096901271.json,bsportsfan-telegram-prediction-dataset-500-1785096901271.json,1
https://ru.bsportsfan.com/table-tennis/r/12296937/anton-shypilov-vs-nazarii-kovalchuk,bsportsfan-telegram-prediction-dataset-500-1785096901271.json,bsportsfan-telegram-prediction-dataset-500-1785096901271.json,1
https://ru.bsportsfan.com/table-tennis/r/12296939/adam-dvoracek-vs-oleh-plyska,bsportsfan-telegram-prediction-dataset-500-1785096901271.json,bsportsfan-telegram-prediction-dataset-500-1785096901271.json,1
https://ru.bsportsfan.com/table-tennis/r/12296950/vitalii-khamurda-vs-oleksandr-gomilko,bsportsfan-telegram-prediction-dataset-500-1785096901271.json,bsportsfan-telegram-prediction-dataset-500-1785096901271.json,1
https://ru.bsportsfan.com/table-tennis/r/12296951/yurii-parahailo-vs-volodymyr-ivasiv-1971,bsportsfan-telegram-prediction-dataset-500-1785096901271.json,bsportsfan-telegram-prediction-dataset-500-1785096901271.json,1
https://ru.bsportsfan.com/table-tennis/r/12296958/oleksandr-melashenko-vs-vitalii-khamurda,bsportsfan-telegram-prediction-dataset-500-1785096901271.json,bsportsfan-telegram-prediction-dataset-500-1785096901271.json,1
https://ru.bsportsfan.com/table-tennis/r/12296971/yevhen-pysmennyi-vs-roman-cherevko,bsportsfan-telegram-prediction-dataset-500-1785096901271.json,bsportsfan-telegram-prediction-dataset-500-1785096901271.json,1
https://ru.bsportsfan.com/table-tennis/r/12299308/michal-prochazka-vs-jan-vonasek,bsportsfan-telegram-prediction-dataset-500-1785096901271.json,bsportsfan-telegram-prediction-dataset-500-1785096901271.json,1
https://ru.bsportsfan.com/table-tennis/r/12299319/miroslav-barta-vs-jiri-hyrsl,bsportsfan-telegram-prediction-dataset-500-1785096901271.json,bsportsfan-telegram-prediction-dataset-500-1785096901271.json,1
https://ru.bsportsfan.com/table-tennis/r/12299345/martin-tacinec-vs-jan-pleskot,bsportsfan-telegram-prediction-dataset-500-1785096901271.json,bsportsfan-telegram-prediction-dataset-500-1785096901271.json,1
https://ru.bsportsfan.com/table-tennis/r/12299371/pavel-bajtek-vs-ivo-taichman,bsportsfan-telegram-prediction-dataset-500-1785096901271.json,bsportsfan-telegram-prediction-dataset-500-1785096901271.json,1
https://ru.bsportsfan.com/table-tennis/r/12299372/marek-holub-vs-zbynek-pagac,bsportsfan-telegram-prediction-dataset-500-1785096901271.json,bsportsfan-telegram-prediction-dataset-500-1785096901271.json,1
https://ru.bsportsfan.com/table-tennis/r/12299373/vaclav-nohejl-1975-vs-tibor-kolenic,bsportsfan-telegram-prediction-dataset-500-1785096901271.json,bsportsfan-telegram-prediction-dataset-500-1785096901271.json,1
https://ru.bsportsfan.com/table-tennis/r/12299374/milan-kolar-vs-dmitro-parhomenko,bsportsfan-telegram-prediction-dataset-500-1785096901271.json,bsportsfan-telegram-prediction-dataset-500-1785096901271.json,1
https://ru.bsportsfan.com/table-tennis/r/12299382/radim-pavelka-vs-jakub-stolfa,bsportsfan-telegram-prediction-dataset-500-1785096901271.json,bsportsfan-telegram-prediction-dataset-500-1785096901271.json,1
https://ru.bsportsfan.com/table-tennis/r/12299385/michal-chalupa-vs-roman-hudeczek,bsportsfan-telegram-prediction-dataset-500-1785096901271.json,bsportsfan-telegram-prediction-dataset-500-1785096901271.json,1
https://ru.bsportsfan.com/table-tennis/r/12299414/jiri-louda-vs-viktor-vejvoda,bsportsfan-telegram-prediction-dataset-500-1785096901271.json,bsportsfan-telegram-prediction-dataset-500-1785096901271.json,1
https://ru.bsportsfan.com/table-tennis/r/12299415/viktor-vejvoda-vs-martin-bittner,bsportsfan-telegram-prediction-dataset-500-1785096901271.json,bsportsfan-telegram-prediction-dataset-500-1785096901271.json,1
https://ru.bsportsfan.com/table-tennis/r/12299416/viktor-vejvoda-vs-robin-pacha,bsportsfan-telegram-prediction-dataset-500-1785096901271.json,bsportsfan-telegram-prediction-dataset-500-1785096901271.json,1
https://ru.bsportsfan.com/table-tennis/r/12299421/jiri-zuzanek-vs-denis-hofman,bsportsfan-telegram-prediction-dataset-500-1785096901271.json,bsportsfan-telegram-prediction-dataset-500-1785096901271.json,1
https://ru.bsportsfan.com/table-tennis/r/12299423/martin-sobisek-vs-tomas-vinter,bsportsfan-telegram-prediction-dataset-500-1785096901271.json,bsportsfan-telegram-prediction-dataset-500-1785096901271.json,1
https://ru.bsportsfan.com/table-tennis/r/12299424/tomas-vinter-vs-mark-robin-wagner,bsportsfan-telegram-prediction-dataset-500-1785096901271.json,bsportsfan-telegram-prediction-dataset-500-1785096901271.json,1
https://ru.bsportsfan.com/table-tennis/r/12299425/tomas-vinter-vs-ales-bayer,bsportsfan-telegram-prediction-dataset-500-1785096901271.json,bsportsfan-telegram-prediction-dataset-500-1785096901271.json,1
https://ru.bsportsfan.com/table-tennis/r/12299426/jiri-zuzanek-vs-petr-sebera,bsportsfan-telegram-prediction-dataset-500-1785096901271.json,bsportsfan-telegram-prediction-dataset-500-1785096901271.json,1
https://ru.bsportsfan.com/table-tennis/r/12299444/mark-robin-wagner-vs-ales-bayer,bsportsfan-telegram-prediction-dataset-500-1785096901271.json,bsportsfan-telegram-prediction-dataset-500-1785096901271.json,1
https://ru.bsportsfan.com/table-tennis/r/12299518/dominik-oborny-vs-marcel-heczko,bsportsfan-telegram-prediction-dataset-500-1785096901271.json,bsportsfan-telegram-prediction-dataset-500-1785096901271.json,1
https://ru.bsportsfan.com/table-tennis/r/12299519/radomir-vavrecka-vs-marek-volny,bsportsfan-telegram-prediction-dataset-500-1785096901271.json,bsportsfan-telegram-prediction-dataset-500-1785096901271.json,1
https://ru.bsportsfan.com/table-tennis/r/12299536/richard-wagner-vs-petr-sebera,bsportsfan-telegram-prediction-dataset-500-1785096901271.json,bsportsfan-telegram-prediction-dataset-500-1785096901271.json,1
https://ru.bsportsfan.com/table-tennis/r/12299537/richard-wagner-vs-denis-hofman,bsportsfan-telegram-prediction-dataset-500-1785096901271.json,bsportsfan-telegram-prediction-dataset-500-1785096901271.json,1
https://ru.bsportsfan.com/table-tennis/r/12299538/denis-hofman-vs-richard-wagner,bsportsfan-telegram-prediction-dataset-500-1785096901271.json,bsportsfan-telegram-prediction-dataset-500-1785096901271.json,1
https://ru.bsportsfan.com/table-tennis/r/12299539/jiri-louda-vs-richard-wagner,bsportsfan-telegram-prediction-dataset-500-1785096901271.json,bsportsfan-telegram-prediction-dataset-500-1785096901271.json,1
https://ru.bsportsfan.com/table-tennis/r/12299544/petr-sebera-vs-denis-hofman,bsportsfan-telegram-prediction-dataset-500-1785096901271.json,bsportsfan-telegram-prediction-dataset-500-1785096901271.json,1
https://ru.bsportsfan.com/table-tennis/r/12299545/denis-hofman-vs-jiri-louda,bsportsfan-telegram-prediction-dataset-500-1785096901271.json,bsportsfan-telegram-prediction-dataset-500-1785096901271.json,1
https://ru.bsportsfan.com/table-tennis/r/12299579/milan-fisera-vs-rostislav-hasmanda,bsportsfan-telegram-prediction-dataset-500-1785096901271.json,bsportsfan-telegram-prediction-dataset-500-1785096901271.json,1
https://ru.bsportsfan.com/table-tennis/r/12299684/oleg-gavryshko-vs-serhii-hohenko,bsportsfan-telegram-prediction-dataset-500-1785096901271.json,bsportsfan-telegram-prediction-dataset-500-1785096901271.json,1
https://ru.bsportsfan.com/table-tennis/r/12299711/matej-levicky-vs-zbynek-zientek,bsportsfan-telegram-prediction-dataset-500-1785096901271.json,bsportsfan-telegram-prediction-dataset-500-1785096901271.json,1
https://ru.bsportsfan.com/table-tennis/r/12299847/david-horak-vs-kyryl-darin,bsportsfan-telegram-prediction-dataset-500-1785096901271.json,bsportsfan-telegram-prediction-dataset-500-1785096901271.json,1
https://ru.bsportsfan.com/table-tennis/r/12300085/jiri-plachy-vs-frantisek-briza,bsportsfan-telegram-prediction-dataset-500-1785096901271.json,bsportsfan-telegram-prediction-dataset-500-1785096901271.json,1
https://ru.bsportsfan.com/table-tennis/r/12300091/miloslav-dvorak-vs-richard-vavricka,bsportsfan-telegram-prediction-dataset-500-1785096901271.json,bsportsfan-telegram-prediction-dataset-500-1785096901271.json,1
https://ru.bsportsfan.com/table-tennis/r/12300092/david-hons-vs-richard-vavricka,bsportsfan-telegram-prediction-dataset-500-1785096901271.json,bsportsfan-telegram-prediction-dataset-500-1785096901271.json,1
https://ru.bsportsfan.com/table-tennis/r/12300095/marek-kulisek-vs-michal-prochazka,bsportsfan-telegram-prediction-dataset-500-1785096901271.json,bsportsfan-telegram-prediction-dataset-500-1785096901271.json,1
https://ru.bsportsfan.com/table-tennis/r/12300096/radek-sedlacek-vs-michal-macurak,bsportsfan-telegram-prediction-dataset-500-1785096901271.json,bsportsfan-telegram-prediction-dataset-500-1785096901271.json,1
https://ru.bsportsfan.com/table-tennis/r/12300097/tomas-ogrocki-vs-laurent-lasota,bsportsfan-telegram-prediction-dataset-500-1785096901271.json,bsportsfan-telegram-prediction-dataset-500-1785096901271.json,1
https://ru.bsportsfan.com/table-tennis/r/12300098/jan-vonasek-vs-michal-brozek,bsportsfan-telegram-prediction-dataset-500-1785096901271.json,bsportsfan-telegram-prediction-dataset-500-1785096901271.json,1
https://ru.bsportsfan.com/table-tennis/r/12300102/marek-kulisek-vs-jan-vonasek,bsportsfan-telegram-prediction-dataset-500-1785096901271.json,bsportsfan-telegram-prediction-dataset-500-1785096901271.json,1
https://ru.bsportsfan.com/table-tennis/r/12300123/jiri-grohsgott-vs-miroslav-barta,bsportsfan-telegram-prediction-dataset-500-1785096901271.json,bsportsfan-telegram-prediction-dataset-500-1785096901271.json,1
https://ru.bsportsfan.com/table-tennis/r/12300130/ales-bayer-vs-daniel-tuma,bsportsfan-telegram-prediction-dataset-500-1785096901271.json,bsportsfan-telegram-prediction-dataset-500-1785096901271.json,1
https://ru.bsportsfan.com/table-tennis/r/12300133/daniel-tyn-vs-daniel-priesol,bsportsfan-telegram-prediction-dataset-500-1785096901271.json,bsportsfan-telegram-prediction-dataset-500-1785096901271.json,1
https://ru.bsportsfan.com/table-tennis/r/12300135/daniel-langer-vs-pavel-bajtek,bsportsfan-telegram-prediction-dataset-500-1785096901271.json,bsportsfan-telegram-prediction-dataset-500-1785096901271.json,1
https://ru.bsportsfan.com/table-tennis/r/12300136/tomas-regner-vs-martin-tacinec,bsportsfan-telegram-prediction-dataset-500-1785096901271.json,bsportsfan-telegram-prediction-dataset-500-1785096901271.json,1
https://ru.bsportsfan.com/table-tennis/r/12300137/martin-sobisek-vs-mark-robin-wagner,bsportsfan-telegram-prediction-dataset-500-1785096901271.json,bsportsfan-telegram-prediction-dataset-500-1785096901271.json,1
https://ru.bsportsfan.com/table-tennis/r/12300138/frantisek-trojan-vs-miroslav-barta,bsportsfan-telegram-prediction-dataset-500-1785096901271.json,bsportsfan-telegram-prediction-dataset-500-1785096901271.json,1
https://ru.bsportsfan.com/table-tennis/r/12300139/ladislav-havel-1956-vs-michal-syroha,bsportsfan-telegram-prediction-dataset-500-1785096901271.json,bsportsfan-telegram-prediction-dataset-500-1785096901271.json,1
https://ru.bsportsfan.com/table-tennis/r/12300140/miroslav-barta-vs-michal-syroha,bsportsfan-telegram-prediction-dataset-500-1785096901271.json,bsportsfan-telegram-prediction-dataset-500-1785096901271.json,1
https://ru.bsportsfan.com/table-tennis/r/12300145/daniel-priesol-vs-zbynek-zientek,bsportsfan-telegram-prediction-dataset-500-1785096901271.json,bsportsfan-telegram-prediction-dataset-500-1785096901271.json,1
https://ru.bsportsfan.com/table-tennis/r/12300149/kyryl-darin-vs-frantisek-briza,bsportsfan-telegram-prediction-dataset-500-1785096901271.json,bsportsfan-telegram-prediction-dataset-500-1785096901271.json,1
https://ru.bsportsfan.com/table-tennis/r/12300159/ladislav-havel-1956-vs-miroslav-barta,bsportsfan-telegram-prediction-dataset-500-1785096901271.json,bsportsfan-telegram-prediction-dataset-500-1785096901271.json,1
https://ru.bsportsfan.com/table-tennis/r/12300181/daniel-tuma-vs-mark-robin-wagner,bsportsfan-telegram-prediction-dataset-500-1785096901271.json,bsportsfan-telegram-prediction-dataset-500-1785096901271.json,1
https://ru.bsportsfan.com/table-tennis/r/12300212/frantisek-briza-vs-david-horak,bsportsfan-telegram-prediction-dataset-500-1785096901271.json,bsportsfan-telegram-prediction-dataset-500-1785096901271.json,1
https://ru.bsportsfan.com/table-tennis/r/12300216/josef-toth-vs-alois-kanak,bsportsfan-telegram-prediction-dataset-500-1785096901271.json,bsportsfan-telegram-prediction-dataset-500-1785096901271.json,1
https://ru.bsportsfan.com/table-tennis/r/12300234/ales-bayer-vs-martin-sobisek,bsportsfan-telegram-prediction-dataset-500-1785096901271.json,bsportsfan-telegram-prediction-dataset-500-1785096901271.json,1
https://ru.bsportsfan.com/table-tennis/r/12300284/michal-blaha-vs-radek-adamczyk,bsportsfan-telegram-prediction-dataset-500-1785096901271.json,bsportsfan-telegram-prediction-dataset-500-1785096901271.json,1
https://ru.bsportsfan.com/table-tennis/r/12300289/radek-adamczyk-vs-alois-kanak,bsportsfan-telegram-prediction-dataset-500-1785096901271.json,bsportsfan-telegram-prediction-dataset-500-1785096901271.json,1
https://ru.bsportsfan.com/table-tennis/r/12300291/michal-syroha-vs-frantisek-trojan,bsportsfan-telegram-prediction-dataset-500-1785096901271.json,bsportsfan-telegram-prediction-dataset-500-1785096901271.json,1
https://ru.bsportsfan.com/table-tennis/r/12300292/ivo-taichman-vs-daniel-langer,bsportsfan-telegram-prediction-dataset-500-1785096901271.json,bsportsfan-telegram-prediction-dataset-500-1785096901271.json,1
https://ru.bsportsfan.com/table-tennis/r/12300296/dalimil-machander-vs-evzen-rychlik,bsportsfan-telegram-prediction-dataset-500-1785096901271.json,bsportsfan-telegram-prediction-dataset-500-1785096901271.json,1
https://ru.bsportsfan.com/table-tennis/r/12300297/jan-pleskot-vs-tomas-regner,bsportsfan-telegram-prediction-dataset-500-1785096901271.json,bsportsfan-telegram-prediction-dataset-500-1785096901271.json,1
https://ru.bsportsfan.com/table-tennis/r/12300298/daniel-priesol-vs-matej-levicky,bsportsfan-telegram-prediction-dataset-500-1785096901271.json,bsportsfan-telegram-prediction-dataset-500-1785096901271.json,1
https://ru.bsportsfan.com/table-tennis/r/12300301/daniel-tyn-vs-matej-levicky,bsportsfan-telegram-prediction-dataset-500-1785096901271.json,bsportsfan-telegram-prediction-dataset-500-1785096901271.json,1
https://ru.bsportsfan.com/table-tennis/r/12300305/josef-toth-vs-radek-adamczyk,bsportsfan-telegram-prediction-dataset-500-1785096901271.json,bsportsfan-telegram-prediction-dataset-500-1785096901271.json,1
https://ru.bsportsfan.com/table-tennis/r/12300461/jaroslav-neuwirth-snr-vs-dalimil-machander,bsportsfan-telegram-prediction-dataset-500-1785096901271.json,bsportsfan-telegram-prediction-dataset-500-1785096901271.json,1
https://ru.bsportsfan.com/table-tennis/r/12300462/radomir-vavrecka-vs-dominik-oborny,bsportsfan-telegram-prediction-dataset-500-1785096901271.json,bsportsfan-telegram-prediction-dataset-500-1785096901271.json,1
https://ru.bsportsfan.com/table-tennis/r/12300463/jiri-hyrsl-vs-jiri-grohsgott,bsportsfan-telegram-prediction-dataset-500-1785096901271.json,bsportsfan-telegram-prediction-dataset-500-1785096901271.json,1
https://ru.bsportsfan.com/table-tennis/r/12300464/marek-volny-vs-marcel-heczko,bsportsfan-telegram-prediction-dataset-500-1785096901271.json,bsportsfan-telegram-prediction-dataset-500-1785096901271.json,1
https://ru.bsportsfan.com/table-tennis/r/12300466/kyryl-darin-vs-jiri-plachy,bsportsfan-telegram-prediction-dataset-500-1785096901271.json,bsportsfan-telegram-prediction-dataset-500-1785096901271.json,1
https://ru.bsportsfan.com/table-tennis/r/12300467/alois-kanak-vs-michal-blaha,bsportsfan-telegram-prediction-dataset-500-1785096901271.json,bsportsfan-telegram-prediction-dataset-500-1785096901271.json,1
https://ru.bsportsfan.com/table-tennis/r/12300468/mark-robin-wagner-vs-martin-sobisek,bsportsfan-telegram-prediction-dataset-500-1785096901271.json,bsportsfan-telegram-prediction-dataset-500-1785096901271.json,1
https://ru.bsportsfan.com/table-tennis/r/12300469/rostislav-hasmanda-vs-vaclav-nohejl-1975,bsportsfan-telegram-prediction-dataset-500-1785096901271.json,bsportsfan-telegram-prediction-dataset-500-1785096901271.json,1
https://ru.bsportsfan.com/table-tennis/r/12300473/zbynek-zientek-vs-tomas-hrabec,bsportsfan-telegram-prediction-dataset-500-1785096901271.json,bsportsfan-telegram-prediction-dataset-500-1785096901271.json,1
https://ru.bsportsfan.com/table-tennis/r/12300474/evzen-rychlik-vs-jaroslav-neuwirth-snr,bsportsfan-telegram-prediction-dataset-500-1785096901271.json,bsportsfan-telegram-prediction-dataset-500-1785096901271.json,1
https://ru.bsportsfan.com/table-tennis/r/12300475/rostislav-hasmanda-vs-tibor-kolenic,bsportsfan-telegram-prediction-dataset-500-1785096901271.json,bsportsfan-telegram-prediction-dataset-500-1785096901271.json,1
https://ru.bsportsfan.com/table-tennis/r/12300477/martin-sobisek-vs-ales-bayer,bsportsfan-telegram-prediction-dataset-500-1785096901271.json,bsportsfan-telegram-prediction-dataset-500-1785096901271.json,1
https://ru.bsportsfan.com/table-tennis/r/12300479/ales-bayer-vs-mark-robin-wagner,bsportsfan-telegram-prediction-dataset-500-1785096901271.json,bsportsfan-telegram-prediction-dataset-500-1785096901271.json,1
https://ru.bsportsfan.com/table-tennis/r/12300480/tomas-hrabec-vs-matej-levicky,bsportsfan-telegram-prediction-dataset-500-1785096901271.json,bsportsfan-telegram-prediction-dataset-500-1785096901271.json,1
https://ru.bsportsfan.com/table-tennis/r/12300482/daniel-priesol-vs-matej-levicky,bsportsfan-telegram-prediction-dataset-500-1785096901271.json,bsportsfan-telegram-prediction-dataset-500-1785096901271.json,1
https://ru.bsportsfan.com/table-tennis/r/12300483/milan-fisera-vs-vaclav-nohejl-1975,bsportsfan-telegram-prediction-dataset-500-1785096901271.json,bsportsfan-telegram-prediction-dataset-500-1785096901271.json,1
https://ru.bsportsfan.com/table-tennis/r/12300485/marek-volny-vs-dominik-oborny,bsportsfan-telegram-prediction-dataset-500-1785096901271.json,bsportsfan-telegram-prediction-dataset-500-1785096901271.json,1
https://ru.bsportsfan.com/table-tennis/r/12300486/daniel-priesol-vs-zbynek-zientek,bsportsfan-telegram-prediction-dataset-500-1785096901271.json,bsportsfan-telegram-prediction-dataset-500-1785096901271.json,1
https://ru.bsportsfan.com/table-tennis/r/12300487/matej-levicky-vs-zbynek-zientek,bsportsfan-telegram-prediction-dataset-500-1785096901271.json,bsportsfan-telegram-prediction-dataset-500-1785096901271.json,1
https://ru.bsportsfan.com/table-tennis/r/12300596/artem-chepurnyi-vs-oleksandr-dukhovenko,bsportsfan-telegram-prediction-dataset-500-1785096901271.json,bsportsfan-telegram-prediction-dataset-500-1785096901271.json,1
https://ru.bsportsfan.com/table-tennis/r/12300663/vaclav-zidek-vs-tomas-milota,bsportsfan-telegram-prediction-dataset-500-1785096901271.json,bsportsfan-telegram-prediction-dataset-500-1785096901271.json,1
https://ru.bsportsfan.com/table-tennis/r/12300666/robin-pacha-vs-jiri-louda,bsportsfan-telegram-prediction-dataset-500-1785096901271.json,bsportsfan-telegram-prediction-dataset-500-1785096901271.json,1
https://ru.bsportsfan.com/table-tennis/r/12300667/milan-kolar-vs-radim-pavelka,bsportsfan-telegram-prediction-dataset-500-1785096901271.json,bsportsfan-telegram-prediction-dataset-500-1785096901271.json,1
https://ru.bsportsfan.com/table-tennis/r/12300669/vaclav-zidek-vs-dominik-oborny,bsportsfan-telegram-prediction-dataset-500-1785096901271.json,bsportsfan-telegram-prediction-dataset-500-1785096901271.json,1
https://ru.bsportsfan.com/table-tennis/r/12300672/michal-chalupa-vs-marek-holub,bsportsfan-telegram-prediction-dataset-500-1785096901271.json,bsportsfan-telegram-prediction-dataset-500-1785096901271.json,1
https://ru.bsportsfan.com/table-tennis/r/12300676/tomas-milota-vs-dominik-oborny,bsportsfan-telegram-prediction-dataset-500-1785096901271.json,bsportsfan-telegram-prediction-dataset-500-1785096901271.json,1
https://ru.bsportsfan.com/table-tennis/r/12300679/martin-bittner-vs-robin-pacha,bsportsfan-telegram-prediction-dataset-500-1785096901271.json,bsportsfan-telegram-prediction-dataset-500-1785096901271.json,1
https://ru.bsportsfan.com/table-tennis/r/12300709/jiri-plachy-vs-david-horak,bsportsfan-telegram-prediction-dataset-500-1785096901271.json,bsportsfan-telegram-prediction-dataset-500-1785096901271.json,1
https://ru.bsportsfan.com/table-tennis/r/12300710/zbynek-pagac-vs-michal-chalupa,bsportsfan-telegram-prediction-dataset-500-1785096901271.json,bsportsfan-telegram-prediction-dataset-500-1785096901271.json,1
https://ru.bsportsfan.com/table-tennis/r/12300728/dmitro-parhomenko-vs-radim-pavelka,bsportsfan-telegram-prediction-dataset-500-1785096901271.json,bsportsfan-telegram-prediction-dataset-500-1785096901271.json,1
https://ru.bsportsfan.com/table-tennis/r/12300731/dominik-oborny-vs-marcel-heczko,bsportsfan-telegram-prediction-dataset-500-1785096901271.json,bsportsfan-telegram-prediction-dataset-500-1785096901271.json,1
https://ru.bsportsfan.com/table-tennis/r/12300734/jakub-stolfa-vs-milan-kolar,bsportsfan-telegram-prediction-dataset-500-1785096901271.json,bsportsfan-telegram-prediction-dataset-500-1785096901271.json,1
https://ru.bsportsfan.com/table-tennis/r/12300735/kyryl-darin-vs-jiri-plachy,bsportsfan-telegram-prediction-dataset-500-1785096901271.json,bsportsfan-telegram-prediction-dataset-500-1785096901271.json,1
https://ru.bsportsfan.com/table-tennis/r/12300739/david-horak-vs-jiri-plachy,bsportsfan-telegram-prediction-dataset-500-1785096901271.json,bsportsfan-telegram-prediction-dataset-500-1785096901271.json,1
https://ru.bsportsfan.com/table-tennis/r/12300741/marcel-heczko-vs-vaclav-zidek,bsportsfan-telegram-prediction-dataset-500-1785096901271.json,bsportsfan-telegram-prediction-dataset-500-1785096901271.json,1
https://ru.bsportsfan.com/table-tennis/r/12300744/roman-hudeczek-vs-marek-holub,bsportsfan-telegram-prediction-dataset-500-1785096901271.json,bsportsfan-telegram-prediction-dataset-500-1785096901271.json,1
https://ru.bsportsfan.com/table-tennis/r/12300749/david-horak-vs-kyryl-darin,bsportsfan-telegram-prediction-dataset-500-1785096901271.json,bsportsfan-telegram-prediction-dataset-500-1785096901271.json,1
https://ru.bsportsfan.com/table-tennis/r/12300756/frantisek-briza-vs-david-horak,bsportsfan-telegram-prediction-dataset-500-1785096901271.json,bsportsfan-telegram-prediction-dataset-500-1785096901271.json,1
https://ru.bsportsfan.com/table-tennis/r/12300846/jiri-plachy-vs-frantisek-briza,bsportsfan-telegram-prediction-dataset-500-1785096901271.json,bsportsfan-telegram-prediction-dataset-500-1785096901271.json,1
https://ru.bsportsfan.com/table-tennis/r/12301095/radim-urbaniec-vs-david-szotek,bsportsfan-telegram-prediction-dataset-500-1785096901271.json,bsportsfan-telegram-prediction-dataset-500-1785096901271.json,1
https://ru.bsportsfan.com/table-tennis/r/12301106/libor-jemelka-vs-filip-zurek,bsportsfan-telegram-prediction-dataset-500-1785096901271.json,bsportsfan-telegram-prediction-dataset-500-1785096901271.json,1
https://ru.bsportsfan.com/table-tennis/r/12301132/martin-chmelicek-vs-radek-hruby,bsportsfan-telegram-prediction-dataset-500-1785096901271.json,bsportsfan-telegram-prediction-dataset-500-1785096901271.json,1
https://ru.bsportsfan.com/table-tennis/r/12301139/dmitro-kuzmenko-vs-dmytro-prylepa,bsportsfan-telegram-prediction-dataset-500-1785096901271.json,bsportsfan-telegram-prediction-dataset-500-1785096901271.json,1
https://ru.bsportsfan.com/table-tennis/r/12301140/roman-horokh-vs-dmytro-yurkov,bsportsfan-telegram-prediction-dataset-500-1785096901271.json,bsportsfan-telegram-prediction-dataset-500-1785096901271.json,1
https://ru.bsportsfan.com/table-tennis/r/12301143/pavel-moulis-vs-victor-kucala,bsportsfan-telegram-prediction-dataset-500-1785096901271.json,bsportsfan-telegram-prediction-dataset-500-1785096901271.json,1
https://ru.bsportsfan.com/table-tennis/r/12301144/jiri-zuzanek-vs-tomas-vinter,bsportsfan-telegram-prediction-dataset-500-1785096901271.json,bsportsfan-telegram-prediction-dataset-500-1785096901271.json,1
https://ru.bsportsfan.com/table-tennis/r/12301148/martin-huk-vs-jan-kanera,bsportsfan-telegram-prediction-dataset-500-1785096901271.json,bsportsfan-telegram-prediction-dataset-500-1785096901271.json,1
https://ru.bsportsfan.com/table-tennis/r/12301150/viktor-vejvoda-vs-richard-wagner,bsportsfan-telegram-prediction-dataset-500-1785096901271.json,bsportsfan-telegram-prediction-dataset-500-1785096901271.json,1
https://ru.bsportsfan.com/table-tennis/r/12301171/michal-macurak-vs-lukas-kantor,bsportsfan-telegram-prediction-dataset-500-1785096901271.json,bsportsfan-telegram-prediction-dataset-500-1785096901271.json,1
https://ru.bsportsfan.com/table-tennis/r/12301672/lukas-krupnik-jnr-vs-martin-sobota,bsportsfan-telegram-prediction-dataset-500-1785096901271.json,bsportsfan-telegram-prediction-dataset-500-1785096901271.json,1
https://ru.bsportsfan.com/table-tennis/r/12301716/martin-stusek-vs-ondrej-kadavy,bsportsfan-telegram-prediction-dataset-500-1785096901271.json,bsportsfan-telegram-prediction-dataset-500-1785096901271.json,1
https://ru.bsportsfan.com/table-tennis/r/12301717/vit-benak-vs-tomas-vorisek,bsportsfan-telegram-prediction-dataset-500-1785096901271.json,bsportsfan-telegram-prediction-dataset-500-1785096901271.json,1
https://ru.bsportsfan.com/table-tennis/r/12301975/radek-fnukal-vs-radek-fitl,bsportsfan-telegram-prediction-dataset-500-1785096901271.json,bsportsfan-telegram-prediction-dataset-500-1785096901271.json,1
https://ru.bsportsfan.com/table-tennis/r/12301976/jan-ruzicka-vs-matej-holub,bsportsfan-telegram-prediction-dataset-500-1785096901271.json,bsportsfan-telegram-prediction-dataset-500-1785096901271.json,1
https://ru.bsportsfan.com/table-tennis/r/12301979/lukas-pour-vs-michal-nemec,bsportsfan-telegram-prediction-dataset-500-1785096901271.json,bsportsfan-telegram-prediction-dataset-500-1785096901271.json,1
https://ru.bsportsfan.com/table-tennis/r/12302015/jaroslav-brynych-vs-radek-zeman,bsportsfan-telegram-prediction-dataset-500-1785096901271.json,bsportsfan-telegram-prediction-dataset-500-1785096901271.json,1
https://ru.bsportsfan.com/table-tennis/r/12302036/taras-gil-vs-oleh-lutsyshyn,bsportsfan-telegram-prediction-dataset-500-1785096901271.json,bsportsfan-telegram-prediction-dataset-500-1785096901271.json,1
https://ru.bsportsfan.com/table-tennis/r/12302049/oleg-shvydkyi-vs-serhii-honcharenko,bsportsfan-telegram-prediction-dataset-500-1785096901271.json,bsportsfan-telegram-prediction-dataset-500-1785096901271.json,1
https://ru.bsportsfan.com/table-tennis/r/12302050/ondrej-chadima-vs-jachym-juppa,bsportsfan-telegram-prediction-dataset-500-1785096901271.json,bsportsfan-telegram-prediction-dataset-500-1785096901271.json,1
https://ru.bsportsfan.com/table-tennis/r/12302057/valerii-melnyk-vs-oleksandr-tuzhylin,bsportsfan-telegram-prediction-dataset-500-1785096901271.json,bsportsfan-telegram-prediction-dataset-500-1785096901271.json,1
https://ru.bsportsfan.com/table-tennis/r/12302058/myhailo-styranets-vs-oleh-lutsyshyn,bsportsfan-telegram-prediction-dataset-500-1785096901271.json,bsportsfan-telegram-prediction-dataset-500-1785096901271.json,1
https://ru.bsportsfan.com/table-tennis/r/12302059/ihor-serdiuk-vs-ihor-torhachov,bsportsfan-telegram-prediction-dataset-500-1785096901271.json,bsportsfan-telegram-prediction-dataset-500-1785096901271.json,1
https://ru.bsportsfan.com/table-tennis/r/12302069/vsevolod-kheresko-vs-dmytro-belanchyk,bsportsfan-telegram-prediction-dataset-500-1785096901271.json,bsportsfan-telegram-prediction-dataset-500-1785096901271.json,1
https://ru.bsportsfan.com/table-tennis/r/12302080/oleksandr-alieksieev-vs-yurii-parahailo,bsportsfan-telegram-prediction-dataset-500-1785096901271.json,bsportsfan-telegram-prediction-dataset-500-1785096901271.json,1
https://ru.bsportsfan.com/table-tennis/r/12302083/volodymyr-melnykov-vs-maksym-stetsenko,bsportsfan-telegram-prediction-dataset-500-1785096901271.json,bsportsfan-telegram-prediction-dataset-500-1785096901271.json,1
https://ru.bsportsfan.com/table-tennis/r/12302086/artem-kasyanov-vs-oleksandr-syksa,bsportsfan-telegram-prediction-dataset-500-1785096901271.json,bsportsfan-telegram-prediction-dataset-500-1785096901271.json,1
https://ru.bsportsfan.com/table-tennis/r/12302087/oleksandr-mytsyk-vs-vasil-smyk,bsportsfan-telegram-prediction-dataset-500-1785096901271.json,bsportsfan-telegram-prediction-dataset-500-1785096901271.json,1
https://ru.bsportsfan.com/table-tennis/r/12302088/ondrej-mezera-vs-adam-radkovsky,bsportsfan-telegram-prediction-dataset-500-1785096901271.json,bsportsfan-telegram-prediction-dataset-500-1785096901271.json,1
https://ru.bsportsfan.com/table-tennis/r/12302102/andrii-martyniuk-vs-serhii-solomko,bsportsfan-telegram-prediction-dataset-500-1785096901271.json,bsportsfan-telegram-prediction-dataset-500-1785096901271.json,1
https://ru.bsportsfan.com/table-tennis/r/12302111/sergii-skhabitskiy-vs-maksym-stetsenko,bsportsfan-telegram-prediction-dataset-500-1785096901271.json,bsportsfan-telegram-prediction-dataset-500-1785096901271.json,1
https://ru.bsportsfan.com/table-tennis/r/12302114/petr-hlina-vs-josef-hanacek,bsportsfan-telegram-prediction-dataset-500-1785096901271.json,bsportsfan-telegram-prediction-dataset-500-1785096901271.json,1
https://ru.bsportsfan.com/table-tennis/r/12302118/serhii-rak-vs-nikita-hoshko,bsportsfan-telegram-prediction-dataset-500-1785096901271.json,bsportsfan-telegram-prediction-dataset-500-1785096901271.json,1
https://ru.bsportsfan.com/table-tennis/r/12302119/martin-holub-vs-marcel-cmil,bsportsfan-telegram-prediction-dataset-500-1785096901271.json,bsportsfan-telegram-prediction-dataset-500-1785096901271.json,1
https://ru.bsportsfan.com/table-tennis/r/12302120/serhii-prus-vs-oleh-lutsyshyn,bsportsfan-telegram-prediction-dataset-500-1785096901271.json,bsportsfan-telegram-prediction-dataset-500-1785096901271.json,1
https://ru.bsportsfan.com/table-tennis/r/12302131/zdenek-zahradka-vs-pavel-rissky,bsportsfan-telegram-prediction-dataset-500-1785096901271.json,bsportsfan-telegram-prediction-dataset-500-1785096901271.json,1
https://ru.bsportsfan.com/table-tennis/r/12302230/vaclav-zidek-vs-jaroslav-schwan,bsportsfan-telegram-prediction-dataset-500-1785096901271.json,bsportsfan-telegram-prediction-dataset-500-1785096901271.json,1
https://ru.bsportsfan.com/table-tennis/r/12302232/ondrej-skvor-vs-laurent-lasota,bsportsfan-telegram-prediction-dataset-500-1785096901271.json,bsportsfan-telegram-prediction-dataset-500-1785096901271.json,1
https://ru.bsportsfan.com/table-tennis/r/12302234/josef-hanacek-vs-jakub-mejzlik,bsportsfan-telegram-prediction-dataset-500-1785096901271.json,bsportsfan-telegram-prediction-dataset-500-1785096901271.json,1
https://ru.bsportsfan.com/table-tennis/r/12302236/radek-hruby-vs-miloslav-dvorak,bsportsfan-telegram-prediction-dataset-500-1785096901271.json,bsportsfan-telegram-prediction-dataset-500-1785096901271.json,1
https://ru.bsportsfan.com/table-tennis/r/12302238/frantisek-trojan-vs-jiri-grohsgott,bsportsfan-telegram-prediction-dataset-500-1785096901271.json,bsportsfan-telegram-prediction-dataset-500-1785096901271.json,1
https://ru.bsportsfan.com/table-tennis/r/12302241/adam-dvoracek-vs-petr-kotrbacek,bsportsfan-telegram-prediction-dataset-500-1785096901271.json,bsportsfan-telegram-prediction-dataset-500-1785096901271.json,1
https://ru.bsportsfan.com/table-tennis/r/12302245/dominik-oborny-vs-daniel-langer,bsportsfan-telegram-prediction-dataset-500-1785096901271.json,bsportsfan-telegram-prediction-dataset-500-1785096901271.json,1
https://ru.bsportsfan.com/table-tennis/r/12302250/ondrej-kus-vs-michal-macurak,bsportsfan-telegram-prediction-dataset-500-1785096901271.json,bsportsfan-telegram-prediction-dataset-500-1785096901271.json,1
https://ru.bsportsfan.com/table-tennis/r/12302257/milan-klement-vs-jiri-louda,bsportsfan-telegram-prediction-dataset-500-1785096901271.json,bsportsfan-telegram-prediction-dataset-500-1785096901271.json,1
https://ru.bsportsfan.com/table-tennis/r/12302271/david-skulina-vs-daniel-vitasek,bsportsfan-telegram-prediction-dataset-500-1785096901271.json,bsportsfan-telegram-prediction-dataset-500-1785096901271.json,1
https://ru.bsportsfan.com/table-tennis/r/12302283/jan-krupnik-vs-daniel-vitasek,bsportsfan-telegram-prediction-dataset-500-1785096901271.json,bsportsfan-telegram-prediction-dataset-500-1785096901271.json,1
https://ru.bsportsfan.com/table-tennis/r/12302302/kamil-kleprlik-vs-borek-moravec,bsportsfan-telegram-prediction-dataset-500-1785096901271.json,bsportsfan-telegram-prediction-dataset-500-1785096901271.json,1
https://ru.bsportsfan.com/table-tennis/r/12302325/richard-vavricka-vs-david-hons,bsportsfan-telegram-prediction-dataset-500-1785096901271.json,bsportsfan-telegram-prediction-dataset-500-1785096901271.json,1
https://ru.bsportsfan.com/table-tennis/r/12302329/tomas-kraninger-vs-radim-adam,bsportsfan-telegram-prediction-dataset-500-1785096901271.json,bsportsfan-telegram-prediction-dataset-500-1785096901271.json,1
https://ru.bsportsfan.com/table-tennis/r/12302371/robin-pacha-vs-martin-bittner,bsportsfan-telegram-prediction-dataset-500-1785096901271.json,bsportsfan-telegram-prediction-dataset-500-1785096901271.json,1
https://ru.bsportsfan.com/table-tennis/r/12302372/jan-hrabec-vs-filip-zurek,bsportsfan-telegram-prediction-dataset-500-1785096901271.json,bsportsfan-telegram-prediction-dataset-500-1785096901271.json,1
https://ru.bsportsfan.com/table-tennis/r/12302373/daniel-tuma-vs-pavel-fojt,bsportsfan-telegram-prediction-dataset-500-1785096901271.json,bsportsfan-telegram-prediction-dataset-500-1785096901271.json,1
https://ru.bsportsfan.com/table-tennis/r/12302375/julius-didi-vs-vaclav-kosar,bsportsfan-telegram-prediction-dataset-500-1785096901271.json,bsportsfan-telegram-prediction-dataset-500-1785096901271.json,1
https://ru.bsportsfan.com/table-tennis/r/12302435/martin-sobota-vs-kamil-drozd,bsportsfan-telegram-prediction-dataset-500-1785096901271.json,bsportsfan-telegram-prediction-dataset-500-1785096901271.json,1
https://ru.bsportsfan.com/table-tennis/r/12302449/dmytro-patalakha-vs-bohdan-zaika,bsportsfan-telegram-prediction-dataset-500-1785096901271.json,bsportsfan-telegram-prediction-dataset-500-1785096901271.json,1
https://ru.bsportsfan.com/table-tennis/r/12302451/anatolii-kovalenko-vs-maksym-stetsenko,bsportsfan-telegram-prediction-dataset-500-1785096901271.json,bsportsfan-telegram-prediction-dataset-500-1785096901271.json,1
https://ru.bsportsfan.com/table-tennis/r/12302452/vadym-kucheriavyi-vs-vasyl-kondratenko,bsportsfan-telegram-prediction-dataset-500-1785096901271.json,bsportsfan-telegram-prediction-dataset-500-1785096901271.json,1
https://ru.bsportsfan.com/table-tennis/r/12302453/oleksandr-mytsyk-vs-anatolii-kovalenko,bsportsfan-telegram-prediction-dataset-500-1785096901271.json,bsportsfan-telegram-prediction-dataset-500-1785096901271.json,1
https://ru.bsportsfan.com/table-tennis/r/12302454/artem-kasyanov-vs-maksym-hubenko,bsportsfan-telegram-prediction-dataset-500-1785096901271.json,bsportsfan-telegram-prediction-dataset-500-1785096901271.json,1
https://ru.bsportsfan.com/table-tennis/r/12302456/sergii-skhabitskiy-vs-oleksandr-mytsyk,bsportsfan-telegram-prediction-dataset-500-1785096901271.json,bsportsfan-telegram-prediction-dataset-500-1785096901271.json,1
https://ru.bsportsfan.com/table-tennis/r/12302457/leon-kolman-vs-jan-botka,bsportsfan-telegram-prediction-dataset-500-1785096901271.json,bsportsfan-telegram-prediction-dataset-500-1785096901271.json,1
https://ru.bsportsfan.com/table-tennis/r/12302458/stepan-rejent-vs-adam-radkovsky,bsportsfan-telegram-prediction-dataset-500-1785096901271.json,bsportsfan-telegram-prediction-dataset-500-1785096901271.json,1
https://ru.bsportsfan.com/table-tennis/r/12302459/taras-gil-vs-denys-kozoriz,bsportsfan-telegram-prediction-dataset-500-1785096901271.json,bsportsfan-telegram-prediction-dataset-500-1785096901271.json,1
https://ru.bsportsfan.com/table-tennis/r/12302463/oleh-kuzyshyn-vs-oleksandr-zhyrnov,bsportsfan-telegram-prediction-dataset-500-1785096901271.json,bsportsfan-telegram-prediction-dataset-500-1785096901271.json,1
https://ru.bsportsfan.com/table-tennis/r/12302466/oleksandr-maslovskyi-vs-oleg-sapuzhak,bsportsfan-telegram-prediction-dataset-500-1785096901271.json,bsportsfan-telegram-prediction-dataset-500-1785096901271.json,1
https://ru.bsportsfan.com/table-tennis/r/12302467/yurii-kolos-vs-volodymyr-ivasiv-1971,bsportsfan-telegram-prediction-dataset-500-1785096901271.json,bsportsfan-telegram-prediction-dataset-500-1785096901271.json,1
https://ru.bsportsfan.com/table-tennis/r/12302468/oleksandr-mytsyk-vs-volodymyr-melnykov,bsportsfan-telegram-prediction-dataset-500-1785096901271.json,bsportsfan-telegram-prediction-dataset-500-1785096901271.json,1
https://ru.bsportsfan.com/table-tennis/r/12302470/oleksii-mitla-vs-andrii-kotyk,bsportsfan-telegram-prediction-dataset-500-1785096901271.json,bsportsfan-telegram-prediction-dataset-500-1785096901271.json,1
https://ru.bsportsfan.com/table-tennis/r/12302471/vladyslav-stukalov-vs-vadym-kucheriavyi,bsportsfan-telegram-prediction-dataset-500-1785096901271.json,bsportsfan-telegram-prediction-dataset-500-1785096901271.json,1
https://ru.bsportsfan.com/table-tennis/r/12302473/vit-herrmann-vs-marek-cizek,bsportsfan-telegram-prediction-dataset-500-1785096901271.json,bsportsfan-telegram-prediction-dataset-500-1785096901271.json,1
https://ru.bsportsfan.com/table-tennis/r/12302474/ihor-serdiuk-vs-serhii-priadko,bsportsfan-telegram-prediction-dataset-500-1785096901271.json,bsportsfan-telegram-prediction-dataset-500-1785096901271.json,1
https://ru.bsportsfan.com/table-tennis/r/12302475/serhii-priadko-vs-roman-boklah,bsportsfan-telegram-prediction-dataset-500-1785096901271.json,bsportsfan-telegram-prediction-dataset-500-1785096901271.json,1
https://ru.bsportsfan.com/table-tennis/r/12302476/vsevolod-kheresko-vs-mykola-treshchetka,bsportsfan-telegram-prediction-dataset-500-1785096901271.json,bsportsfan-telegram-prediction-dataset-500-1785096901271.json,1
https://ru.bsportsfan.com/table-tennis/r/12302481/oleh-maksymkiv-vs-mykola-treshchetka,bsportsfan-telegram-prediction-dataset-500-1785096901271.json,bsportsfan-telegram-prediction-dataset-500-1785096901271.json,1
https://ru.bsportsfan.com/table-tennis/r/12302483/vit-herrmann-vs-adam-dvoracek,bsportsfan-telegram-prediction-dataset-500-1785096901271.json,bsportsfan-telegram-prediction-dataset-500-1785096901271.json,1
https://ru.bsportsfan.com/table-tennis/r/12302486/ihor-torhachov-vs-viktor-ziakun,bsportsfan-telegram-prediction-dataset-500-1785096901271.json,bsportsfan-telegram-prediction-dataset-500-1785096901271.json,1
https://ru.bsportsfan.com/table-tennis/r/12302488/stepan-rejent-vs-lukas-rulc,bsportsfan-telegram-prediction-dataset-500-1785096901271.json,bsportsfan-telegram-prediction-dataset-500-1785096901271.json,1
https://ru.bsportsfan.com/table-tennis/r/12302490/vadym-kucheriavyi-vs-kostiantyn-klymenko,bsportsfan-telegram-prediction-dataset-500-1785096901271.json,bsportsfan-telegram-prediction-dataset-500-1785096901271.json,1
https://ru.bsportsfan.com/table-tennis/r/12302494/yevhen-masko-vs-oleksandr-tuzhylin,bsportsfan-telegram-prediction-dataset-500-1785096901271.json,bsportsfan-telegram-prediction-dataset-500-1785096901271.json,1
https://ru.bsportsfan.com/table-tennis/r/12302495/serhii-priadko-vs-viktor-ziakun,bsportsfan-telegram-prediction-dataset-500-1785096901271.json,bsportsfan-telegram-prediction-dataset-500-1785096901271.json,1
https://ru.bsportsfan.com/table-tennis/r/12302496/mykola-zavoloka-vs-anton-danylov,bsportsfan-telegram-prediction-dataset-500-1785096901271.json,bsportsfan-telegram-prediction-dataset-500-1785096901271.json,1
https://ru.bsportsfan.com/table-tennis/r/12302503/oleksandr-leonenko-vs-vasyl-kondratenko,bsportsfan-telegram-prediction-dataset-500-1785096901271.json,bsportsfan-telegram-prediction-dataset-500-1785096901271.json,1
https://ru.bsportsfan.com/table-tennis/r/12302504/maksym-badai-vs-serhii-aristarkhov,bsportsfan-telegram-prediction-dataset-500-1785096901271.json,bsportsfan-telegram-prediction-dataset-500-1785096901271.json,1
https://ru.bsportsfan.com/table-tennis/r/12302507/vasil-smyk-vs-maksym-stetsenko,bsportsfan-telegram-prediction-dataset-500-1785096901271.json,bsportsfan-telegram-prediction-dataset-500-1785096901271.json,1
https://ru.bsportsfan.com/table-tennis/r/12302508/vsevolod-kheresko-vs-oleh-maksymkiv,bsportsfan-telegram-prediction-dataset-500-1785096901271.json,bsportsfan-telegram-prediction-dataset-500-1785096901271.json,1
https://ru.bsportsfan.com/table-tennis/r/12302510/leon-kolman-vs-jachym-juppa,bsportsfan-telegram-prediction-dataset-500-1785096901271.json,bsportsfan-telegram-prediction-dataset-500-1785096901271.json,1
https://ru.bsportsfan.com/table-tennis/r/12302511/andrii-kotyk-vs-mykyta-smyrnov,bsportsfan-telegram-prediction-dataset-500-1785096901271.json,bsportsfan-telegram-prediction-dataset-500-1785096901271.json,1
https://ru.bsportsfan.com/table-tennis/r/12302514/ihor-torhachov-vs-roman-boklah,bsportsfan-telegram-prediction-dataset-500-1785096901271.json,bsportsfan-telegram-prediction-dataset-500-1785096901271.json,1
https://ru.bsportsfan.com/table-tennis/r/12302515/mykola-treshchetka-vs-oleg-sapuzhak,bsportsfan-telegram-prediction-dataset-500-1785096901271.json,bsportsfan-telegram-prediction-dataset-500-1785096901271.json,1
https://ru.bsportsfan.com/table-tennis/r/12302516/ruslan-novak-vs-dmytro-shchegelskyi,bsportsfan-telegram-prediction-dataset-500-1785096901271.json,bsportsfan-telegram-prediction-dataset-500-1785096901271.json,1
https://ru.bsportsfan.com/table-tennis/r/12302518/oleksandr-maslovskyi-vs-dmytro-belanchyk,bsportsfan-telegram-prediction-dataset-500-1785096901271.json,bsportsfan-telegram-prediction-dataset-500-1785096901271.json,1
https://ru.bsportsfan.com/table-tennis/r/12302519/vladyslav-stukalov-vs-vasyl-kondratenko,bsportsfan-telegram-prediction-dataset-500-1785096901271.json,bsportsfan-telegram-prediction-dataset-500-1785096901271.json,1
https://ru.bsportsfan.com/table-tennis/r/12302522/oleksandr-osadchyi-vs-andrii-martyniuk,bsportsfan-telegram-prediction-dataset-500-1785096901271.json,bsportsfan-telegram-prediction-dataset-500-1785096901271.json,1
https://ru.bsportsfan.com/table-tennis/r/12302524/vasyl-matviichuk-vs-anatoliy-lysyi,bsportsfan-telegram-prediction-dataset-500-1785096901271.json,bsportsfan-telegram-prediction-dataset-500-1785096901271.json,1
https://ru.bsportsfan.com/table-tennis/r/12302528/volodymyr-burylov-vs-michal-makara,bsportsfan-telegram-prediction-dataset-500-1785096901271.json,bsportsfan-telegram-prediction-dataset-500-1785096901271.json,1
https://ru.bsportsfan.com/table-tennis/r/12302530/oleh-stopin-vs-oleksandr-leonenko,bsportsfan-telegram-prediction-dataset-500-1785096901271.json,bsportsfan-telegram-prediction-dataset-500-1785096901271.json,1
https://ru.bsportsfan.com/table-tennis/r/12302531/ruslan-sopivnyk-vs-yaroslav-makovka,bsportsfan-telegram-prediction-dataset-500-1785096901271.json,bsportsfan-telegram-prediction-dataset-500-1785096901271.json,1
https://ru.bsportsfan.com/table-tennis/r/12302534/andrii-kotyk-vs-nazarii-kovalchuk,bsportsfan-telegram-prediction-dataset-500-1785096901271.json,bsportsfan-telegram-prediction-dataset-500-1785096901271.json,1
https://ru.bsportsfan.com/table-tennis/r/12302540/roman-reznychenko-vs-yevhen-masko,bsportsfan-telegram-prediction-dataset-500-1785096901271.json,bsportsfan-telegram-prediction-dataset-500-1785096901271.json,1
https://ru.bsportsfan.com/table-tennis/r/12302541/kostiantyn-klymenko-vs-vasyl-kondratenko,bsportsfan-telegram-prediction-dataset-500-1785096901271.json,bsportsfan-telegram-prediction-dataset-500-1785096901271.json,1
https://ru.bsportsfan.com/table-tennis/r/12302542/stanislav-zherykhin-vs-oleksandr-levytskyi,bsportsfan-telegram-prediction-dataset-500-1785096901271.json,bsportsfan-telegram-prediction-dataset-500-1785096901271.json,1
https://ru.bsportsfan.com/table-tennis/r/12302546/volodymyr-melnykov-vs-anatolii-kovalenko,bsportsfan-telegram-prediction-dataset-500-1785096901271.json,bsportsfan-telegram-prediction-dataset-500-1785096901271.json,1
https://ru.bsportsfan.com/table-tennis/r/12302547/vladyslav-stukalov-vs-oleh-stopin,bsportsfan-telegram-prediction-dataset-500-1785096901271.json,bsportsfan-telegram-prediction-dataset-500-1785096901271.json,1
https://ru.bsportsfan.com/table-tennis/r/12302549/oleh-kuzyshyn-vs-ruslan-sopivnyk,bsportsfan-telegram-prediction-dataset-500-1785096901271.json,bsportsfan-telegram-prediction-dataset-500-1785096901271.json,1
https://ru.bsportsfan.com/table-tennis/r/12302551/oleksandr-tuzhylin-vs-yevhen-pysmennyi,bsportsfan-telegram-prediction-dataset-500-1785096901271.json,bsportsfan-telegram-prediction-dataset-500-1785096901271.json,1
https://ru.bsportsfan.com/table-tennis/r/12302552/oleh-stopin-vs-kostiantyn-klymenko,bsportsfan-telegram-prediction-dataset-500-1785096901271.json,bsportsfan-telegram-prediction-dataset-500-1785096901271.json,1
https://ru.bsportsfan.com/table-tennis/r/12302554/oleksandr-leonenko-vs-kostiantyn-klymenko,bsportsfan-telegram-prediction-dataset-500-1785096901271.json,bsportsfan-telegram-prediction-dataset-500-1785096901271.json,1
https://ru.bsportsfan.com/table-tennis/r/12302555/oleksii-mitla-vs-nazarii-kovalchuk,bsportsfan-telegram-prediction-dataset-500-1785096901271.json,bsportsfan-telegram-prediction-dataset-500-1785096901271.json,1
https://ru.bsportsfan.com/table-tennis/r/12302556/marek-cizek-vs-petr-maly,bsportsfan-telegram-prediction-dataset-500-1785096901271.json,bsportsfan-telegram-prediction-dataset-500-1785096901271.json,1
https://ru.bsportsfan.com/table-tennis/r/12302558/oleksandr-osadchyi-vs-bohdan-zaika,bsportsfan-telegram-prediction-dataset-500-1785096901271.json,bsportsfan-telegram-prediction-dataset-500-1785096901271.json,1
https://ru.bsportsfan.com/table-tennis/r/12302559/oleksandr-tymofeev-vs-serhii-solomko,bsportsfan-telegram-prediction-dataset-500-1785096901271.json,bsportsfan-telegram-prediction-dataset-500-1785096901271.json,1
https://ru.bsportsfan.com/table-tennis/r/12302561/michal-prochazka-vs-jan-vonasek,bsportsfan-telegram-prediction-dataset-500-1785096901271.json,bsportsfan-telegram-prediction-dataset-500-1785096901271.json,1
https://ru.bsportsfan.com/table-tennis/r/12302563/marek-kulisek-vs-michal-brozek,bsportsfan-telegram-prediction-dataset-500-1785096901271.json,bsportsfan-telegram-prediction-dataset-500-1785096901271.json,1
https://ru.bsportsfan.com/table-tennis/r/12302565/valerii-melnyk-vs-roman-cherevko,bsportsfan-telegram-prediction-dataset-500-1785096901271.json,bsportsfan-telegram-prediction-dataset-500-1785096901271.json,1
https://ru.bsportsfan.com/table-tennis/r/12302566/oleksandr-maslovskyi-vs-mykola-treshchetka,bsportsfan-telegram-prediction-dataset-500-1785096901271.json,bsportsfan-telegram-prediction-dataset-500-1785096901271.json,1
https://ru.bsportsfan.com/table-tennis/r/12302567/oleksandr-tymofeev-vs-andrii-martyniuk,bsportsfan-telegram-prediction-dataset-500-1785096901271.json,bsportsfan-telegram-prediction-dataset-500-1785096901271.json,1
https://ru.bsportsfan.com/table-tennis/r/12302568/martin-skyba-vs-martin-melisek,bsportsfan-telegram-prediction-dataset-500-1785096901271.json,bsportsfan-telegram-prediction-dataset-500-1785096901271.json,1
https://ru.bsportsfan.com/table-tennis/r/12302571/maksym-badai-vs-volodymyr-tatarnykov,bsportsfan-telegram-prediction-dataset-500-1785096901271.json,bsportsfan-telegram-prediction-dataset-500-1785096901271.json,1
https://ru.bsportsfan.com/table-tennis/r/12302574/oleh-stopin-vs-vadym-kucheriavyi,bsportsfan-telegram-prediction-dataset-500-1785096901271.json,bsportsfan-telegram-prediction-dataset-500-1785096901271.json,1
https://ru.bsportsfan.com/table-tennis/r/12302575/yurii-kolos-vs-yurii-parahailo,bsportsfan-telegram-prediction-dataset-500-1785096901271.json,bsportsfan-telegram-prediction-dataset-500-1785096901271.json,1
https://ru.bsportsfan.com/table-tennis/r/12302581/vsevolod-kheresko-vs-oleg-sapuzhak,bsportsfan-telegram-prediction-dataset-500-1785096901271.json,bsportsfan-telegram-prediction-dataset-500-1785096901271.json,1
https://ru.bsportsfan.com/table-tennis/r/12302582/sergii-skhabitskiy-vs-anatolii-kovalenko,bsportsfan-telegram-prediction-dataset-500-1785096901271.json,bsportsfan-telegram-prediction-dataset-500-1785096901271.json,1
https://ru.bsportsfan.com/table-tennis/r/12302583/roman-reznychenko-vs-valerii-melnyk,bsportsfan-telegram-prediction-dataset-500-1785096901271.json,bsportsfan-telegram-prediction-dataset-500-1785096901271.json,1
https://ru.bsportsfan.com/table-tennis/r/12302585/oleksandr-maslovskyi-vs-vsevolod-kheresko,bsportsfan-telegram-prediction-dataset-500-1785096901271.json,bsportsfan-telegram-prediction-dataset-500-1785096901271.json,1
https://ru.bsportsfan.com/table-tennis/r/12302588/roman-reznychenko-vs-oleksandr-tuzhylin,bsportsfan-telegram-prediction-dataset-500-1785096901271.json,bsportsfan-telegram-prediction-dataset-500-1785096901271.json,1
https://ru.bsportsfan.com/table-tennis/r/12302589/mikhail-taranko-vs-jan-simecek-jnr,bsportsfan-telegram-prediction-dataset-500-1785096901271.json,bsportsfan-telegram-prediction-dataset-500-1785096901271.json,1
https://ru.bsportsfan.com/table-tennis/r/12302595/oleksandr-levytskyi-vs-viacheslav-yarovyi,bsportsfan-telegram-prediction-dataset-500-1785096901271.json,bsportsfan-telegram-prediction-dataset-500-1785096901271.json,1
https://ru.bsportsfan.com/table-tennis/r/12302611/vladyslav-stukalov-vs-oleksandr-leonenko,bsportsfan-telegram-prediction-dataset-500-1785096901271.json,bsportsfan-telegram-prediction-dataset-500-1785096901271.json,1
https://ru.bsportsfan.com/table-tennis/r/12302615/oleksandr-maslovskyi-vs-oleh-maksymkiv,bsportsfan-telegram-prediction-dataset-500-1785096901271.json,bsportsfan-telegram-prediction-dataset-500-1785096901271.json,1
https://ru.bsportsfan.com/table-tennis/r/12302616/vadym-kucheriavyi-vs-oleksandr-leonenko,bsportsfan-telegram-prediction-dataset-500-1785096901271.json,bsportsfan-telegram-prediction-dataset-500-1785096901271.json,1
https://ru.bsportsfan.com/table-tennis/r/12302617/oleksii-mitla-vs-anton-shypilov,bsportsfan-telegram-prediction-dataset-500-1785096901271.json,bsportsfan-telegram-prediction-dataset-500-1785096901271.json,1
https://ru.bsportsfan.com/table-tennis/r/12302618/orest-hura-vs-nazarii-kovalchuk,bsportsfan-telegram-prediction-dataset-500-1785096901271.json,bsportsfan-telegram-prediction-dataset-500-1785096901271.json,1
https://ru.bsportsfan.com/table-tennis/r/12302620/valerii-melnyk-vs-yevhen-pysmennyi,bsportsfan-telegram-prediction-dataset-500-1785096901271.json,bsportsfan-telegram-prediction-dataset-500-1785096901271.json,1
https://ru.bsportsfan.com/table-tennis/r/12302621/maksym-mrykh-vs-ruslan-sopivnyk,bsportsfan-telegram-prediction-dataset-500-1785096901271.json,bsportsfan-telegram-prediction-dataset-500-1785096901271.json,1
https://ru.bsportsfan.com/table-tennis/r/12302622/david-sabuka-vs-marcel-cmil,bsportsfan-telegram-prediction-dataset-500-1785096901271.json,bsportsfan-telegram-prediction-dataset-500-1785096901271.json,1
https://ru.bsportsfan.com/table-tennis/r/12302623/mykola-zavoloka-vs-stanislav-zherykhin,bsportsfan-telegram-prediction-dataset-500-1785096901271.json,bsportsfan-telegram-prediction-dataset-500-1785096901271.json,1
https://ru.bsportsfan.com/table-tennis/r/12302624/oleh-stopin-vs-vasyl-kondratenko,bsportsfan-telegram-prediction-dataset-500-1785096901271.json,bsportsfan-telegram-prediction-dataset-500-1785096901271.json,1
https://ru.bsportsfan.com/table-tennis/r/12302625/martin-kocvara-vs-radovan-pisa,bsportsfan-telegram-prediction-dataset-500-1785096901271.json,bsportsfan-telegram-prediction-dataset-500-1785096901271.json,1
https://ru.bsportsfan.com/table-tennis/r/12302628/stanislav-zherykhin-vs-viacheslav-yarovyi,bsportsfan-telegram-prediction-dataset-500-1785096901271.json,bsportsfan-telegram-prediction-dataset-500-1785096901271.json,1
https://ru.bsportsfan.com/table-tennis/r/12302631/valerii-melnyk-vs-yevhen-masko,bsportsfan-telegram-prediction-dataset-500-1785096901271.json,bsportsfan-telegram-prediction-dataset-500-1785096901271.json,1
https://ru.bsportsfan.com/table-tennis/r/12302634/martin-holub-vs-david-sabuka,bsportsfan-telegram-prediction-dataset-500-1785096901271.json,bsportsfan-telegram-prediction-dataset-500-1785096901271.json,1
https://ru.bsportsfan.com/table-tennis/r/12302638/oleksandr-zhyrnov-vs-yevhenii-holoborodko,bsportsfan-telegram-prediction-dataset-500-1785096901271.json,bsportsfan-telegram-prediction-dataset-500-1785096901271.json,1
https://ru.bsportsfan.com/table-tennis/r/12302640/vasil-smyk-vs-volodymyr-melnykov,bsportsfan-telegram-prediction-dataset-500-1785096901271.json,bsportsfan-telegram-prediction-dataset-500-1785096901271.json,1
https://ru.bsportsfan.com/table-tennis/r/12302642/serhii-aristarkhov-vs-oleksandr-syksa,bsportsfan-telegram-prediction-dataset-500-1785096901271.json,bsportsfan-telegram-prediction-dataset-500-1785096901271.json,1
https://ru.bsportsfan.com/table-tennis/r/12302644/leon-kolman-vs-ondrej-chadima,bsportsfan-telegram-prediction-dataset-500-1785096901271.json,bsportsfan-telegram-prediction-dataset-500-1785096901271.json,1
https://ru.bsportsfan.com/table-tennis/r/12302645/vladyslav-stukalov-vs-kostiantyn-klymenko,bsportsfan-telegram-prediction-dataset-500-1785096901271.json,bsportsfan-telegram-prediction-dataset-500-1785096901271.json,1
https://ru.bsportsfan.com/table-tennis/r/12302646/dmytro-belanchyk-vs-oleg-sapuzhak,bsportsfan-telegram-prediction-dataset-500-1785096901271.json,bsportsfan-telegram-prediction-dataset-500-1785096901271.json,1
https://ru.bsportsfan.com/table-tennis/r/12302647/orest-hura-vs-mykyta-smyrnov,bsportsfan-telegram-prediction-dataset-500-1785096901271.json,bsportsfan-telegram-prediction-dataset-500-1785096901271.json,1
https://ru.bsportsfan.com/table-tennis/r/12302648/roman-boklah-vs-viktor-ziakun,bsportsfan-telegram-prediction-dataset-500-1785096901271.json,bsportsfan-telegram-prediction-dataset-500-1785096901271.json,1
https://ru.bsportsfan.com/table-tennis/r/12302650/stanislav-zherykhin-vs-anton-danylov,bsportsfan-telegram-prediction-dataset-500-1785096901271.json,bsportsfan-telegram-prediction-dataset-500-1785096901271.json,1
https://ru.bsportsfan.com/table-tennis/r/12302652/tomas-trnka-vs-jan-ruzicka,bsportsfan-telegram-prediction-dataset-500-1785096901271.json,bsportsfan-telegram-prediction-dataset-500-1785096901271.json,1
https://ru.bsportsfan.com/table-tennis/r/12302658/mykola-treshchetka-vs-dmytro-belanchyk,bsportsfan-telegram-prediction-dataset-500-1785096901271.json,bsportsfan-telegram-prediction-dataset-500-1785096901271.json,1
https://ru.bsportsfan.com/table-tennis/r/12302661/volodymyr-ivasiv-1971-vs-dmytro-shchegelskyi,bsportsfan-telegram-prediction-dataset-500-1785096901271.json,bsportsfan-telegram-prediction-dataset-500-1785096901271.json,1
https://ru.bsportsfan.com/table-tennis/r/12302663/ondrej-mezera-vs-lukas-rulc,bsportsfan-telegram-prediction-dataset-500-1785096901271.json,bsportsfan-telegram-prediction-dataset-500-1785096901271.json,1
https://ru.bsportsfan.com/table-tennis/r/12302665/ihor-torhachov-vs-serhii-priadko,bsportsfan-telegram-prediction-dataset-500-1785096901271.json,bsportsfan-telegram-prediction-dataset-500-1785096901271.json,1
https://ru.bsportsfan.com/table-tennis/r/12302667/ruslan-novak-vs-yurii-parahailo,bsportsfan-telegram-prediction-dataset-500-1785096901271.json,bsportsfan-telegram-prediction-dataset-500-1785096901271.json,1
https://ru.bsportsfan.com/table-tennis/r/12302670/petr-hlina-vs-jakub-mejzlik,bsportsfan-telegram-prediction-dataset-500-1785096901271.json,bsportsfan-telegram-prediction-dataset-500-1785096901271.json,1
https://ru.bsportsfan.com/table-tennis/r/12302671/dmytro-patalakha-vs-oleksandr-osadchyi,bsportsfan-telegram-prediction-dataset-500-1785096901271.json,bsportsfan-telegram-prediction-dataset-500-1785096901271.json,1
https://ru.bsportsfan.com/table-tennis/r/12302672/volodymyr-dobrovolskyi-vs-serhii-prus,bsportsfan-telegram-prediction-dataset-500-1785096901271.json,bsportsfan-telegram-prediction-dataset-500-1785096901271.json,1
https://ru.bsportsfan.com/table-tennis/r/12302681/ihor-serdiuk-vs-roman-boklah,bsportsfan-telegram-prediction-dataset-500-1785096901271.json,bsportsfan-telegram-prediction-dataset-500-1785096901271.json,1
https://ru.bsportsfan.com/table-tennis/r/12302682/petr-maly-vs-adam-dvoracek,bsportsfan-telegram-prediction-dataset-500-1785096901271.json,bsportsfan-telegram-prediction-dataset-500-1785096901271.json,1
https://ru.bsportsfan.com/table-tennis/r/12302687/volodymyr-ivasiv-1971-vs-yurii-parahailo,bsportsfan-telegram-prediction-dataset-500-1785096901271.json,bsportsfan-telegram-prediction-dataset-500-1785096901271.json,1
https://ru.bsportsfan.com/table-tennis/r/12302688/ondrej-mezera-vs-stepan-rejent,bsportsfan-telegram-prediction-dataset-500-1785096901271.json,bsportsfan-telegram-prediction-dataset-500-1785096901271.json,1
https://ru.bsportsfan.com/table-tennis/r/12302689/radek-fitl-vs-tomas-trnka,bsportsfan-telegram-prediction-dataset-500-1785096901271.json,bsportsfan-telegram-prediction-dataset-500-1785096901271.json,1
https://ru.bsportsfan.com/table-tennis/r/12302690/sergii-skhabitskiy-vs-vasil-smyk,bsportsfan-telegram-prediction-dataset-500-1785096901271.json,bsportsfan-telegram-prediction-dataset-500-1785096901271.json,1
https://ru.bsportsfan.com/table-tennis/r/12302692/oleksandr-mytsyk-vs-maksym-stetsenko,bsportsfan-telegram-prediction-dataset-500-1785096901271.json,bsportsfan-telegram-prediction-dataset-500-1785096901271.json,1
https://ru.bsportsfan.com/table-tennis/r/12302693/ihor-serdiuk-vs-viktor-ziakun,bsportsfan-telegram-prediction-dataset-500-1785096901271.json,bsportsfan-telegram-prediction-dataset-500-1785096901271.json,1
https://ru.bsportsfan.com/table-tennis/r/12302694/yurii-kolos-vs-ruslan-novak,bsportsfan-telegram-prediction-dataset-500-1785096901271.json,bsportsfan-telegram-prediction-dataset-500-1785096901271.json,1
https://ru.bsportsfan.com/table-tennis/r/12302696/michal-makara-vs-radovan-pisa,bsportsfan-telegram-prediction-dataset-500-1785096901271.json,bsportsfan-telegram-prediction-dataset-500-1785096901271.json,1
https://ru.bsportsfan.com/table-tennis/r/12302697/yevhen-masko-vs-roman-cherevko,bsportsfan-telegram-prediction-dataset-500-1785096901271.json,bsportsfan-telegram-prediction-dataset-500-1785096901271.json,1
https://ru.bsportsfan.com/table-tennis/r/12302698/martin-skyba-vs-petr-semrad,bsportsfan-telegram-prediction-dataset-500-1785096901271.json,bsportsfan-telegram-prediction-dataset-500-1785096901271.json,1
https://ru.bsportsfan.com/table-tennis/r/12302700/jan-botka-vs-jachym-juppa,bsportsfan-telegram-prediction-dataset-500-1785096901271.json,bsportsfan-telegram-prediction-dataset-500-1785096901271.json,1
https://ru.bsportsfan.com/table-tennis/r/12302706/dmytro-patalakha-vs-andrii-martyniuk,bsportsfan-telegram-prediction-dataset-500-1785096901271.json,bsportsfan-telegram-prediction-dataset-500-1785096901271.json,1
https://ru.bsportsfan.com/table-tennis/r/12302707/jan-botka-vs-ondrej-chadima,bsportsfan-telegram-prediction-dataset-500-1785096901271.json,bsportsfan-telegram-prediction-dataset-500-1785096901271.json,1
https://ru.bsportsfan.com/table-tennis/r/12302708/jan-simecek-jnr-vs-tadeas-bertho,bsportsfan-telegram-prediction-dataset-500-1785096901271.json,bsportsfan-telegram-prediction-dataset-500-1785096901271.json,1
https://ru.bsportsfan.com/table-tennis/r/12302710/serhii-aristarkhov-vs-maksym-hubenko,bsportsfan-telegram-prediction-dataset-500-1785096901271.json,bsportsfan-telegram-prediction-dataset-500-1785096901271.json,1
https://ru.bsportsfan.com/table-tennis/r/12302714/martin-holub-vs-vaclav-coubal,bsportsfan-telegram-prediction-dataset-500-1785096901271.json,bsportsfan-telegram-prediction-dataset-500-1785096901271.json,1
https://ru.bsportsfan.com/table-tennis/r/12302717/volodymyr-burylov-vs-martin-kocvara,bsportsfan-telegram-prediction-dataset-500-1785096901271.json,bsportsfan-telegram-prediction-dataset-500-1785096901271.json,1
https://ru.bsportsfan.com/table-tennis/r/12302722/vit-herrmann-vs-petr-maly,bsportsfan-telegram-prediction-dataset-500-1785096901271.json,bsportsfan-telegram-prediction-dataset-500-1785096901271.json,1
https://ru.bsportsfan.com/table-tennis/r/12302724/volodymyr-ivasiv-1971-vs-ruslan-novak,bsportsfan-telegram-prediction-dataset-500-1785096901271.json,bsportsfan-telegram-prediction-dataset-500-1785096901271.json,1
https://ru.bsportsfan.com/table-tennis/r/12302725/sergii-skhabitskiy-vs-volodymyr-melnykov,bsportsfan-telegram-prediction-dataset-500-1785096901271.json,bsportsfan-telegram-prediction-dataset-500-1785096901271.json,1
https://ru.bsportsfan.com/table-tennis/r/12302726/maksym-mrykh-vs-yaroslav-makovka,bsportsfan-telegram-prediction-dataset-500-1785096901271.json,bsportsfan-telegram-prediction-dataset-500-1785096901271.json,1
https://ru.bsportsfan.com/table-tennis/r/12302730/roman-reznychenko-vs-yevhen-pysmennyi,bsportsfan-telegram-prediction-dataset-500-1785096901271.json,bsportsfan-telegram-prediction-dataset-500-1785096901271.json,1
https://ru.bsportsfan.com/table-tennis/r/12302731/david-sabuka-vs-vaclav-coubal,bsportsfan-telegram-prediction-dataset-500-1785096901271.json,bsportsfan-telegram-prediction-dataset-500-1785096901271.json,1
https://ru.bsportsfan.com/table-tennis/r/12302734/oleh-maksymkiv-vs-oleg-sapuzhak,bsportsfan-telegram-prediction-dataset-500-1785096901271.json,bsportsfan-telegram-prediction-dataset-500-1785096901271.json,1
https://ru.bsportsfan.com/table-tennis/r/12302735/nazarii-kovalchuk-vs-mykyta-smyrnov,bsportsfan-telegram-prediction-dataset-500-1785096901271.json,bsportsfan-telegram-prediction-dataset-500-1785096901271.json,1
https://ru.bsportsfan.com/table-tennis/r/12302737/tomas-hucko-vs-martin-skyba,bsportsfan-telegram-prediction-dataset-500-1785096901271.json,bsportsfan-telegram-prediction-dataset-500-1785096901271.json,1
https://ru.bsportsfan.com/table-tennis/r/12302741/marek-cizek-vs-adam-dvoracek,bsportsfan-telegram-prediction-dataset-500-1785096901271.json,bsportsfan-telegram-prediction-dataset-500-1785096901271.json,1
https://ru.bsportsfan.com/table-tennis/r/12302742/yurii-kolos-vs-oleksandr-alieksieev,bsportsfan-telegram-prediction-dataset-500-1785096901271.json,bsportsfan-telegram-prediction-dataset-500-1785096901271.json,1
https://ru.bsportsfan.com/table-tennis/r/12302747/roman-reznychenko-vs-roman-cherevko,bsportsfan-telegram-prediction-dataset-500-1785096901271.json,bsportsfan-telegram-prediction-dataset-500-1785096901271.json,1
https://ru.bsportsfan.com/table-tennis/r/12302748/dmytro-shchegelskyi-vs-yurii-parahailo,bsportsfan-telegram-prediction-dataset-500-1785096901271.json,bsportsfan-telegram-prediction-dataset-500-1785096901271.json,1
https://ru.bsportsfan.com/table-tennis/r/12302749/oleksandr-osadchyi-vs-oleksandr-tymofeev,bsportsfan-telegram-prediction-dataset-500-1785096901271.json,bsportsfan-telegram-prediction-dataset-500-1785096901271.json,1
https://ru.bsportsfan.com/table-tennis/r/12302750/josef-hanacek-vs-oleh-plyska,bsportsfan-telegram-prediction-dataset-500-1785096901271.json,bsportsfan-telegram-prediction-dataset-500-1785096901271.json,1
https://ru.bsportsfan.com/table-tennis/r/12302751/oleksandr-syksa-vs-maksym-hubenko,bsportsfan-telegram-prediction-dataset-500-1785096901271.json,bsportsfan-telegram-prediction-dataset-500-1785096901271.json,1
https://ru.bsportsfan.com/table-tennis/r/12302755/yaroslav-makovka-vs-yevhenii-holoborodko,bsportsfan-telegram-prediction-dataset-500-1785096901271.json,bsportsfan-telegram-prediction-dataset-500-1785096901271.json,1
https://ru.bsportsfan.com/table-tennis/r/12302757/oleksandr-levytskyi-vs-anton-danylov,bsportsfan-telegram-prediction-dataset-500-1785096901271.json,bsportsfan-telegram-prediction-dataset-500-1785096901271.json,1
https://ru.bsportsfan.com/table-tennis/r/12302758/martin-melisek-vs-petr-semrad,bsportsfan-telegram-prediction-dataset-500-1785096901271.json,bsportsfan-telegram-prediction-dataset-500-1785096901271.json,1
https://ru.bsportsfan.com/table-tennis/r/12302759/vasyl-matviichuk-vs-oleg-shvydkyi,bsportsfan-telegram-prediction-dataset-500-1785096901271.json,bsportsfan-telegram-prediction-dataset-500-1785096901271.json,1
https://ru.bsportsfan.com/table-tennis/r/12302761/volodymyr-dobrovolskyi-vs-myhailo-styranets,bsportsfan-telegram-prediction-dataset-500-1785096901271.json,bsportsfan-telegram-prediction-dataset-500-1785096901271.json,1
https://ru.bsportsfan.com/table-tennis/r/12302762/bohdan-zaika-vs-serhii-solomko,bsportsfan-telegram-prediction-dataset-500-1785096901271.json,bsportsfan-telegram-prediction-dataset-500-1785096901271.json,1
https://ru.bsportsfan.com/table-tennis/r/12302764/viacheslav-yarovyi-vs-anton-danylov,bsportsfan-telegram-prediction-dataset-500-1785096901271.json,bsportsfan-telegram-prediction-dataset-500-1785096901271.json,1
https://ru.bsportsfan.com/table-tennis/r/12302767/maksym-mrykh-vs-oleh-kuzyshyn,bsportsfan-telegram-prediction-dataset-500-1785096901271.json,bsportsfan-telegram-prediction-dataset-500-1785096901271.json,1
https://ru.bsportsfan.com/table-tennis/r/12302770/vaclav-coubal-vs-marcel-cmil,bsportsfan-telegram-prediction-dataset-500-1785096901271.json,bsportsfan-telegram-prediction-dataset-500-1785096901271.json,1
https://ru.bsportsfan.com/table-tennis/r/12302771/yurii-kolos-vs-dmytro-shchegelskyi,bsportsfan-telegram-prediction-dataset-500-1785096901271.json,bsportsfan-telegram-prediction-dataset-500-1785096901271.json,1
https://ru.bsportsfan.com/table-tennis/r/12302772/tomas-hucko-vs-martin-melisek,bsportsfan-telegram-prediction-dataset-500-1785096901271.json,bsportsfan-telegram-prediction-dataset-500-1785096901271.json,1
https://ru.bsportsfan.com/table-tennis/r/12302782/mykola-zavoloka-vs-viacheslav-yarovyi,bsportsfan-telegram-prediction-dataset-500-1785096901271.json,bsportsfan-telegram-prediction-dataset-500-1785096901271.json,1
https://ru.bsportsfan.com/table-tennis/r/12302784/yevhen-masko-vs-yevhen-pysmennyi,bsportsfan-telegram-prediction-dataset-500-1785096901271.json,bsportsfan-telegram-prediction-dataset-500-1785096901271.json,1
https://ru.bsportsfan.com/table-tennis/r/12302794/radek-benes-vs-jiri-skalicky,bsportsfan-telegram-prediction-dataset-500-1785096901271.json,bsportsfan-telegram-prediction-dataset-500-1785096901271.json,1
https://ru.bsportsfan.com/table-tennis/r/12302804/jan-manhal-jnr-vs-radek-fitl,bsportsfan-telegram-prediction-dataset-500-1785096901271.json,bsportsfan-telegram-prediction-dataset-500-1785096901271.json,1
https://ru.bsportsfan.com/table-tennis/r/12302819/david-skulina-vs-radek-benes,bsportsfan-telegram-prediction-dataset-500-1785096901271.json,bsportsfan-telegram-prediction-dataset-500-1785096901271.json,1
https://ru.bsportsfan.com/table-tennis/r/12302884/radek-fnukal-vs-tomas-trnka,bsportsfan-telegram-prediction-dataset-500-1785096901271.json,bsportsfan-telegram-prediction-dataset-500-1785096901271.json,1
https://ru.bsportsfan.com/table-tennis/r/12302923/jiri-skalicky-vs-daniel-vitasek,bsportsfan-telegram-prediction-dataset-500-1785096901271.json,bsportsfan-telegram-prediction-dataset-500-1785096901271.json,1
https://ru.bsportsfan.com/table-tennis/r/12302935/radek-fnukal-vs-jan-manhal-jnr,bsportsfan-telegram-prediction-dataset-500-1785096901271.json,bsportsfan-telegram-prediction-dataset-500-1785096901271.json,1
https://ru.bsportsfan.com/table-tennis/r/12302941/jan-manhal-jnr-vs-jan-ruzicka,bsportsfan-telegram-prediction-dataset-500-1785096901271.json,bsportsfan-telegram-prediction-dataset-500-1785096901271.json,1
https://ru.bsportsfan.com/table-tennis/r/12302985/kamil-kleprlik-vs-jan-krupnik,bsportsfan-telegram-prediction-dataset-500-1785096901271.json,bsportsfan-telegram-prediction-dataset-500-1785096901271.json,1
https://ru.bsportsfan.com/table-tennis/r/12303049/richard-jancak-vs-lukas-krupnik-jnr,bsportsfan-telegram-prediction-dataset-500-1785096901271.json,bsportsfan-telegram-prediction-dataset-500-1785096901271.json,1
https://ru.bsportsfan.com/table-tennis/r/12303147/tomas-trnka-vs-jan-manhal-jnr,bsportsfan-telegram-prediction-dataset-500-1785096901271.json,bsportsfan-telegram-prediction-dataset-500-1785096901271.json,1
https://ru.bsportsfan.com/table-tennis/r/12303774/tomas-rein-vs-bohuslav-budik,bsportsfan-telegram-prediction-dataset-500-1785096901271.json,bsportsfan-telegram-prediction-dataset-500-1785096901271.json,1
https://ru.bsportsfan.com/table-tennis/r/12304120/pavel-cibik-vs-martin-zajicek,bsportsfan-telegram-prediction-dataset-500-1785096901271.json,bsportsfan-telegram-prediction-dataset-500-1785096901271.json,1
https://ru.bsportsfan.com/table-tennis/r/12304137/tomas-rein-vs-petr-vodal,bsportsfan-telegram-prediction-dataset-500-1785096901271.json,bsportsfan-telegram-prediction-dataset-500-1785096901271.json,1
https://ru.bsportsfan.com/table-tennis/r/12304170/ondrej-kus-vs-patrik-jokiel,bsportsfan-telegram-prediction-dataset-500-1785096901271.json,bsportsfan-telegram-prediction-dataset-500-1785096901271.json,1
https://ru.bsportsfan.com/table-tennis/r/12304183/michal-raska-vs-michal-macurak,bsportsfan-telegram-prediction-dataset-500-1785096901271.json,bsportsfan-telegram-prediction-dataset-500-1785096901271.json,1
https://ru.bsportsfan.com/table-tennis/r/12304184/adam-strelec-vs-filip-mandrysz,bsportsfan-telegram-prediction-dataset-500-1785096901271.json,bsportsfan-telegram-prediction-dataset-500-1785096901271.json,1
https://ru.bsportsfan.com/table-tennis/r/12304234/tomas-rein-vs-simon-holik,bsportsfan-telegram-prediction-dataset-500-1785096901271.json,bsportsfan-telegram-prediction-dataset-500-1785096901271.json,1
https://ru.bsportsfan.com/table-tennis/r/12304235/bohuslav-budik-vs-simon-holik,bsportsfan-telegram-prediction-dataset-500-1785096901271.json,bsportsfan-telegram-prediction-dataset-500-1785096901271.json,1
https://ru.bsportsfan.com/table-tennis/r/12304236/jaroslav-sindler-vs-jiri-matus,bsportsfan-telegram-prediction-dataset-500-1785096901271.json,bsportsfan-telegram-prediction-dataset-500-1785096901271.json,1
https://ru.bsportsfan.com/table-tennis/r/12304244/jaroslav-dohnal-vs-jiri-melichar,bsportsfan-telegram-prediction-dataset-500-1785096901271.json,bsportsfan-telegram-prediction-dataset-500-1785096901271.json,1
https://ru.bsportsfan.com/table-tennis/r/12304260/radek-neterda-vs-jan-vidourek,bsportsfan-telegram-prediction-dataset-500-1785096901271.json,bsportsfan-telegram-prediction-dataset-500-1785096901271.json,1
https://ru.bsportsfan.com/table-tennis/r/12304296/miroslav-sochor-vs-pavel-rissky,bsportsfan-telegram-prediction-dataset-500-1785096901271.json,bsportsfan-telegram-prediction-dataset-500-1785096901271.json,1
https://ru.bsportsfan.com/table-tennis/r/12304311/marek-zaskodny-vs-jonas-rak,bsportsfan-telegram-prediction-dataset-500-1785096901271.json,bsportsfan-telegram-prediction-dataset-500-1785096901271.json,1
https://ru.bsportsfan.com/table-tennis/r/12304316/david-sarganek-vs-jan-gembala,bsportsfan-telegram-prediction-dataset-500-1785096901271.json,bsportsfan-telegram-prediction-dataset-500-1785096901271.json,1
https://ru.bsportsfan.com/table-tennis/r/12304339/jakub-volny-vs-daniel-branny,bsportsfan-telegram-prediction-dataset-500-1785096901271.json,bsportsfan-telegram-prediction-dataset-500-1785096901271.json,1
https://ru.bsportsfan.com/table-tennis/r/12304363/jan-krupnik-vs-tomas-molin,bsportsfan-telegram-prediction-dataset-500-1785096901271.json,bsportsfan-telegram-prediction-dataset-500-1785096901271.json,1
https://ru.bsportsfan.com/table-tennis/r/12304394/richard-vavricka-vs-jan-kabelka,bsportsfan-telegram-prediction-dataset-500-1785096901271.json,bsportsfan-telegram-prediction-dataset-500-1785096901271.json,1
https://ru.bsportsfan.com/table-tennis/r/12304421/tadeas-bertho-vs-mikhail-taranko,bsportsfan-telegram-prediction-dataset-500-1785096901271.json,bsportsfan-telegram-prediction-dataset-500-1785096901271.json,1
https://ru.bsportsfan.com/table-tennis/r/12304475/jan-simecek-jnr-vs-roman-merkl,bsportsfan-telegram-prediction-dataset-500-1785096901271.json,bsportsfan-telegram-prediction-dataset-500-1785096901271.json,1
https://ru.bsportsfan.com/table-tennis/r/12304519/jan-szotkowski-vs-radomir-revay,bsportsfan-telegram-prediction-dataset-79-1785154148829.json,bsportsfan-telegram-prediction-dataset-79-1785154148829.json,1
https://ru.bsportsfan.com/table-tennis/r/12304522/michael-sedlacek-vs-tadeas-zika,bsportsfan-telegram-prediction-dataset-79-1785154148829.json,bsportsfan-telegram-prediction-dataset-79-1785154148829.json,1
https://ru.bsportsfan.com/table-tennis/r/12304545/david-szotek-vs-sebastian-kasnik,bsportsfan-telegram-prediction-dataset-79-1785154148829.json,bsportsfan-telegram-prediction-dataset-79-1785154148829.json,1
https://ru.bsportsfan.com/table-tennis/r/12304546/radim-urbaniec-vs-michal-chalupa,bsportsfan-telegram-prediction-dataset-79-1785154148829.json,bsportsfan-telegram-prediction-dataset-79-1785154148829.json,1
https://ru.bsportsfan.com/table-tennis/r/12304569/jaroslav-brynych-vs-michal-nemec,bsportsfan-telegram-prediction-dataset-500-1785096901271.json,bsportsfan-telegram-prediction-dataset-500-1785096901271.json,1
https://ru.bsportsfan.com/table-tennis/r/12304635/jan-mecl-jnr-vs-martin-huk,bsportsfan-telegram-prediction-dataset-79-1785154148829.json,bsportsfan-telegram-prediction-dataset-79-1785154148829.json,1
https://ru.bsportsfan.com/table-tennis/r/12304636/mihail-trinta-vs-tibor-kolenic,bsportsfan-telegram-prediction-dataset-79-1785154148829.json,bsportsfan-telegram-prediction-dataset-79-1785154148829.json,1
https://ru.bsportsfan.com/table-tennis/r/12304637/tomas-vorisek-vs-martin-stusek,bsportsfan-telegram-prediction-dataset-500-1785096901271.json,bsportsfan-telegram-prediction-dataset-500-1785096901271.json,1
https://ru.bsportsfan.com/table-tennis/r/12304638/radek-zeman-vs-lukas-pour,bsportsfan-telegram-prediction-dataset-500-1785096901271.json,bsportsfan-telegram-prediction-dataset-500-1785096901271.json,1
https://ru.bsportsfan.com/table-tennis/r/12304639/michal-nemec-vs-radek-zeman,bsportsfan-telegram-prediction-dataset-500-1785096901271.json,bsportsfan-telegram-prediction-dataset-500-1785096901271.json,1
https://ru.bsportsfan.com/table-tennis/r/12304644/ondrej-kadavy-vs-tomas-vorisek,bsportsfan-telegram-prediction-dataset-500-1785096901271.json,bsportsfan-telegram-prediction-dataset-500-1785096901271.json,1
https://ru.bsportsfan.com/table-tennis/r/12304646/jaroslav-brynych-vs-lukas-pour,bsportsfan-telegram-prediction-dataset-500-1785096901271.json,bsportsfan-telegram-prediction-dataset-500-1785096901271.json,1
https://ru.bsportsfan.com/table-tennis/r/12304647/vit-benak-vs-martin-stusek,bsportsfan-telegram-prediction-dataset-500-1785096901271.json,bsportsfan-telegram-prediction-dataset-500-1785096901271.json,1
https://ru.bsportsfan.com/table-tennis/r/12304654/anatoliy-lysyi-vs-vasyl-matviichuk,bsportsfan-telegram-prediction-dataset-500-1785096901271.json,bsportsfan-telegram-prediction-dataset-500-1785096901271.json,1
https://ru.bsportsfan.com/table-tennis/r/12304661/jakub-tazler-vs-jiri-pozarsky,bsportsfan-telegram-prediction-dataset-79-1785154148829.json,bsportsfan-telegram-prediction-dataset-79-1785154148829.json,1
https://ru.bsportsfan.com/table-tennis/r/12304670/ales-bayer-vs-martin-sobisek,bsportsfan-telegram-prediction-dataset-79-1785154148829.json,bsportsfan-telegram-prediction-dataset-79-1785154148829.json,1
https://ru.bsportsfan.com/table-tennis/r/12304674/vit-benak-vs-ondrej-kadavy,bsportsfan-telegram-prediction-dataset-500-1785096901271.json,bsportsfan-telegram-prediction-dataset-500-1785096901271.json,1
https://ru.bsportsfan.com/table-tennis/r/12304689/radek-fitl-vs-jan-vidourek,bsportsfan-telegram-prediction-dataset-500-1785096901271.json,bsportsfan-telegram-prediction-dataset-500-1785096901271.json,1
https://ru.bsportsfan.com/table-tennis/r/12304690/radek-neterda-vs-radek-fnukal,bsportsfan-telegram-prediction-dataset-500-1785096901271.json,bsportsfan-telegram-prediction-dataset-500-1785096901271.json,1
https://ru.bsportsfan.com/table-tennis/r/12304691/jan-vidourek-vs-radek-fnukal,bsportsfan-telegram-prediction-dataset-500-1785096901271.json,bsportsfan-telegram-prediction-dataset-500-1785096901271.json,1
https://ru.bsportsfan.com/table-tennis/r/12304692/radek-neterda-vs-radek-fitl,bsportsfan-telegram-prediction-dataset-500-1785096901271.json,bsportsfan-telegram-prediction-dataset-500-1785096901271.json,1
https://ru.bsportsfan.com/table-tennis/r/12304693/radek-fnukal-vs-radek-fitl,bsportsfan-telegram-prediction-dataset-500-1785096901271.json,bsportsfan-telegram-prediction-dataset-500-1785096901271.json,1
https://ru.bsportsfan.com/table-tennis/r/12304710/martin-sulc-vs-zdenek-zahradka,bsportsfan-telegram-prediction-dataset-500-1785096901271.json,bsportsfan-telegram-prediction-dataset-500-1785096901271.json,1
https://ru.bsportsfan.com/table-tennis/r/12304757/serhii-honcharenko-vs-roman-sveshnykov,bsportsfan-telegram-prediction-dataset-500-1785096901271.json,bsportsfan-telegram-prediction-dataset-500-1785096901271.json,1
https://ru.bsportsfan.com/table-tennis/r/12304766/jakub-tazler-vs-ales-bayer,bsportsfan-telegram-prediction-dataset-79-1785154148829.json,bsportsfan-telegram-prediction-dataset-79-1785154148829.json,1
https://ru.bsportsfan.com/table-tennis/r/12304768/jiri-pozarsky-vs-ales-bayer,bsportsfan-telegram-prediction-dataset-79-1785154148829.json,bsportsfan-telegram-prediction-dataset-79-1785154148829.json,1
https://ru.bsportsfan.com/table-tennis/r/12304791/pavel-rissky-vs-miroslav-sochor,bsportsfan-telegram-prediction-dataset-500-1785096901271.json,bsportsfan-telegram-prediction-dataset-500-1785096901271.json,1
https://ru.bsportsfan.com/table-tennis/r/12305071/michal-makara-vs-volodymyr-burylov,bsportsfan-telegram-prediction-dataset-500-1785096901271.json,bsportsfan-telegram-prediction-dataset-500-1785096901271.json,1
https://ru.bsportsfan.com/table-tennis/r/12305085/jan-krupnik-vs-michal-macurak,bsportsfan-telegram-prediction-dataset-500-1785096901271.json,bsportsfan-telegram-prediction-dataset-500-1785096901271.json,1
https://ru.bsportsfan.com/table-tennis/r/12305086/jiri-matus-vs-adam-strelec,bsportsfan-telegram-prediction-dataset-500-1785096901271.json,bsportsfan-telegram-prediction-dataset-500-1785096901271.json,1
https://ru.bsportsfan.com/table-tennis/r/12305087/jonas-rak-vs-jan-gembala,bsportsfan-telegram-prediction-dataset-500-1785096901271.json,bsportsfan-telegram-prediction-dataset-500-1785096901271.json,1
https://ru.bsportsfan.com/table-tennis/r/12305088/daniel-branny-vs-patrik-jokiel,bsportsfan-telegram-prediction-dataset-500-1785096901271.json,bsportsfan-telegram-prediction-dataset-500-1785096901271.json,1
https://ru.bsportsfan.com/table-tennis/r/12305089/jan-krupnik-vs-michal-raska,bsportsfan-telegram-prediction-dataset-500-1785096901271.json,bsportsfan-telegram-prediction-dataset-500-1785096901271.json,1
https://ru.bsportsfan.com/table-tennis/r/12305090/radek-neterda-vs-jan-vidourek,bsportsfan-telegram-prediction-dataset-500-1785096901271.json,bsportsfan-telegram-prediction-dataset-500-1785096901271.json,1
https://ru.bsportsfan.com/table-tennis/r/12305092/filip-mandrysz-vs-jiri-matus,bsportsfan-telegram-prediction-dataset-500-1785096901271.json,bsportsfan-telegram-prediction-dataset-500-1785096901271.json,1
https://ru.bsportsfan.com/table-tennis/r/12305094/patrik-jokiel-vs-jakub-volny,bsportsfan-telegram-prediction-dataset-500-1785096901271.json,bsportsfan-telegram-prediction-dataset-500-1785096901271.json,1
https://ru.bsportsfan.com/table-tennis/r/12305096/jaroslav-dohnal-vs-jakub-dvorak,bsportsfan-telegram-prediction-dataset-500-1785096901271.json,bsportsfan-telegram-prediction-dataset-500-1785096901271.json,1
https://ru.bsportsfan.com/table-tennis/r/12305097/jan-gembala-vs-marek-zaskodny,bsportsfan-telegram-prediction-dataset-500-1785096901271.json,bsportsfan-telegram-prediction-dataset-500-1785096901271.json,1
https://ru.bsportsfan.com/table-tennis/r/12305099/richard-vavricka-vs-jan-vidourek,bsportsfan-telegram-prediction-dataset-500-1785096901271.json,bsportsfan-telegram-prediction-dataset-500-1785096901271.json,1
https://ru.bsportsfan.com/table-tennis/r/12305100/jan-kabelka-vs-radek-neterda,bsportsfan-telegram-prediction-dataset-500-1785096901271.json,bsportsfan-telegram-prediction-dataset-500-1785096901271.json,1
https://ru.bsportsfan.com/table-tennis/r/12305101/david-sarganek-vs-jonas-rak,bsportsfan-telegram-prediction-dataset-500-1785096901271.json,bsportsfan-telegram-prediction-dataset-500-1785096901271.json,1
https://ru.bsportsfan.com/table-tennis/r/12305102/ondrej-kus-vs-jakub-volny,bsportsfan-telegram-prediction-dataset-500-1785096901271.json,bsportsfan-telegram-prediction-dataset-500-1785096901271.json,1
https://ru.bsportsfan.com/table-tennis/r/12305104/jakub-dvorak-vs-jiri-melichar,bsportsfan-telegram-prediction-dataset-500-1785096901271.json,bsportsfan-telegram-prediction-dataset-500-1785096901271.json,1
https://ru.bsportsfan.com/table-tennis/r/12305105/richard-vavricka-vs-radek-neterda,bsportsfan-telegram-prediction-dataset-500-1785096901271.json,bsportsfan-telegram-prediction-dataset-500-1785096901271.json,1
https://ru.bsportsfan.com/table-tennis/r/12305106/lukas-vich-vs-martin-zajicek,bsportsfan-telegram-prediction-dataset-500-1785096901271.json,bsportsfan-telegram-prediction-dataset-500-1785096901271.json,1
https://ru.bsportsfan.com/table-tennis/r/12305110/jiri-melichar-vs-dominik-tichy,bsportsfan-telegram-prediction-dataset-500-1785096901271.json,bsportsfan-telegram-prediction-dataset-500-1785096901271.json,1
https://ru.bsportsfan.com/table-tennis/r/12305111/jaroslav-dohnal-vs-dominik-tichy,bsportsfan-telegram-prediction-dataset-500-1785096901271.json,bsportsfan-telegram-prediction-dataset-500-1785096901271.json,1
https://ru.bsportsfan.com/table-tennis/r/12305112/jaroslav-sindler-vs-adam-strelec,bsportsfan-telegram-prediction-dataset-500-1785096901271.json,bsportsfan-telegram-prediction-dataset-500-1785096901271.json,1
https://ru.bsportsfan.com/table-tennis/r/12305113/ondrej-kus-vs-daniel-branny,bsportsfan-telegram-prediction-dataset-500-1785096901271.json,bsportsfan-telegram-prediction-dataset-500-1785096901271.json,1
https://ru.bsportsfan.com/table-tennis/r/12305114/tomas-molin-vs-michal-raska,bsportsfan-telegram-prediction-dataset-500-1785096901271.json,bsportsfan-telegram-prediction-dataset-500-1785096901271.json,1
https://ru.bsportsfan.com/table-tennis/r/12305115/martin-skyba-vs-tomas-hucko,bsportsfan-telegram-prediction-dataset-500-1785096901271.json,bsportsfan-telegram-prediction-dataset-500-1785096901271.json,1
https://ru.bsportsfan.com/table-tennis/r/12305116/jaroslav-sindler-vs-filip-mandrysz,bsportsfan-telegram-prediction-dataset-500-1785096901271.json,bsportsfan-telegram-prediction-dataset-500-1785096901271.json,1
https://ru.bsportsfan.com/table-tennis/r/12305122/lukas-vich-vs-martin-boltik,bsportsfan-telegram-prediction-dataset-500-1785096901271.json,bsportsfan-telegram-prediction-dataset-500-1785096901271.json,1
https://ru.bsportsfan.com/table-tennis/r/12305123/radek-benes-vs-daniel-vitasek,bsportsfan-telegram-prediction-dataset-500-1785096901271.json,bsportsfan-telegram-prediction-dataset-500-1785096901271.json,1
https://ru.bsportsfan.com/table-tennis/r/12305124/jiri-skalicky-vs-david-skulina,bsportsfan-telegram-prediction-dataset-500-1785096901271.json,bsportsfan-telegram-prediction-dataset-500-1785096901271.json,1
https://ru.bsportsfan.com/table-tennis/r/12305137/volodymyr-ivasiv-1971-vs-oleksandr-alieksieev,bsportsfan-telegram-prediction-dataset-500-1785096901271.json,bsportsfan-telegram-prediction-dataset-500-1785096901271.json,1
https://ru.bsportsfan.com/table-tennis/r/12305174/radovan-pisa-vs-martin-kocvara,bsportsfan-telegram-prediction-dataset-500-1785096901271.json,bsportsfan-telegram-prediction-dataset-500-1785096901271.json,1
https://ru.bsportsfan.com/table-tennis/r/12305179/petr-sebera-vs-denis-hofman,bsportsfan-telegram-prediction-dataset-500-1785096901271.json,bsportsfan-telegram-prediction-dataset-500-1785096901271.json,1
https://ru.bsportsfan.com/table-tennis/r/12305180/richard-wagner-vs-jiri-zuzanek,bsportsfan-telegram-prediction-dataset-500-1785096901271.json,bsportsfan-telegram-prediction-dataset-500-1785096901271.json,1
https://ru.bsportsfan.com/table-tennis/r/12305229/petr-semrad-vs-martin-melisek,bsportsfan-telegram-prediction-dataset-500-1785096901271.json,bsportsfan-telegram-prediction-dataset-500-1785096901271.json,1
https://ru.bsportsfan.com/table-tennis/r/12305230/josef-toth-vs-alois-kanak,bsportsfan-telegram-prediction-dataset-500-1785096901271.json,bsportsfan-telegram-prediction-dataset-500-1785096901271.json,1
https://ru.bsportsfan.com/table-tennis/r/12305231/mark-robin-wagner-vs-ales-bayer,bsportsfan-telegram-prediction-dataset-500-1785096901271.json,bsportsfan-telegram-prediction-dataset-500-1785096901271.json,1
https://ru.bsportsfan.com/table-tennis/r/12305232/zbynek-zientek-vs-tomas-hrabec,bsportsfan-telegram-prediction-dataset-500-1785096901271.json,bsportsfan-telegram-prediction-dataset-500-1785096901271.json,1
https://ru.bsportsfan.com/table-tennis/r/12305233/daniel-priesol-vs-matej-levicky,bsportsfan-telegram-prediction-dataset-500-1785096901271.json,bsportsfan-telegram-prediction-dataset-500-1785096901271.json,1
https://ru.bsportsfan.com/table-tennis/r/12305242/michal-syroha-vs-ladislav-havel-1956,bsportsfan-telegram-prediction-dataset-500-1785096901271.json,bsportsfan-telegram-prediction-dataset-500-1785096901271.json,1
https://ru.bsportsfan.com/table-tennis/r/12305250/martin-sobisek-vs-daniel-tuma,bsportsfan-telegram-prediction-dataset-500-1785096901271.json,bsportsfan-telegram-prediction-dataset-500-1785096901271.json,1
https://ru.bsportsfan.com/table-tennis/r/12305254/jan-manhal-jr-vs-radek-fnukal,bsportsfan-telegram-prediction-dataset-500-1785096901271.json,bsportsfan-telegram-prediction-dataset-500-1785096901271.json,1
https://ru.bsportsfan.com/table-tennis/r/12305275/radek-zeman-vs-michal-nemec,bsportsfan-telegram-prediction-dataset-500-1785096901271.json,bsportsfan-telegram-prediction-dataset-500-1785096901271.json,1
https://ru.bsportsfan.com/table-tennis/r/12305292/jaroslav-brynych-vs-lukas-pour,bsportsfan-telegram-prediction-dataset-500-1785096901271.json,bsportsfan-telegram-prediction-dataset-500-1785096901271.json,1
https://ru.bsportsfan.com/table-tennis/r/12305297/michal-blaha-vs-radek-adamczyk,bsportsfan-telegram-prediction-dataset-500-1785096901271.json,bsportsfan-telegram-prediction-dataset-500-1785096901271.json,1
https://ru.bsportsfan.com/table-tennis/r/12305299/miroslav-barta-vs-frantisek-trojan,bsportsfan-telegram-prediction-dataset-500-1785096901271.json,bsportsfan-telegram-prediction-dataset-500-1785096901271.json,1
https://ru.bsportsfan.com/table-tennis/r/12305304/tomas-trnka-vs-radek-fitl,bsportsfan-telegram-prediction-dataset-500-1785096901271.json,bsportsfan-telegram-prediction-dataset-500-1785096901271.json,1
https://ru.bsportsfan.com/table-tennis/r/12305368/yurii-holovatiuk-vs-kyryl-darin,bsportsfan-telegram-prediction-dataset-58-1785186937796.json,bsportsfan-telegram-prediction-dataset-58-1785186937796.json,1
https://ru.bsportsfan.com/table-tennis/r/12305370/ondrej-kadavy-vs-martin-stusek,bsportsfan-telegram-prediction-dataset-500-1785096901271.json,bsportsfan-telegram-prediction-dataset-500-1785096901271.json,1
https://ru.bsportsfan.com/table-tennis/r/12305371/tibor-kolenic-vs-rostislav-hasmanda,bsportsfan-telegram-prediction-dataset-79-1785154148829.json,bsportsfan-telegram-prediction-dataset-79-1785154148829.json,1
https://ru.bsportsfan.com/table-tennis/r/12305372/milan-fisera-vs-frantisek-briza,bsportsfan-telegram-prediction-dataset-58-1785186937796.json,bsportsfan-telegram-prediction-dataset-58-1785186937796.json,1
https://ru.bsportsfan.com/table-tennis/r/12305376/rostislav-hasmanda-vs-lukas-malek,bsportsfan-telegram-prediction-dataset-79-1785154148829.json,bsportsfan-telegram-prediction-dataset-79-1785154148829.json,1
https://ru.bsportsfan.com/table-tennis/r/12305378/mihail-trinta-vs-rostislav-hasmanda,bsportsfan-telegram-prediction-dataset-79-1785154148829.json,bsportsfan-telegram-prediction-dataset-79-1785154148829.json,1
https://ru.bsportsfan.com/table-tennis/r/12305380/jakub-levicky-vs-marek-volny,bsportsfan-telegram-prediction-dataset-58-1785186937796.json,bsportsfan-telegram-prediction-dataset-58-1785186937796.json,1
https://ru.bsportsfan.com/table-tennis/r/12305463/tomas-vorisek-vs-vit-benak,bsportsfan-telegram-prediction-dataset-500-1785096901271.json,bsportsfan-telegram-prediction-dataset-500-1785096901271.json,1
https://ru.bsportsfan.com/table-tennis/r/12305468/frantisek-briza-vs-yurii-holovatiuk,bsportsfan-telegram-prediction-dataset-58-1785186937796.json,bsportsfan-telegram-prediction-dataset-58-1785186937796.json,1
https://ru.bsportsfan.com/table-tennis/r/12305740/ruslan-novak-vs-oleksandr-alieksieev,bsportsfan-telegram-prediction-dataset-500-1785096901271.json,bsportsfan-telegram-prediction-dataset-500-1785096901271.json,1
https://ru.bsportsfan.com/table-tennis/r/12305766/lukas-rulc-vs-adam-radkovsky,bsportsfan-telegram-prediction-dataset-500-1785096901271.json,bsportsfan-telegram-prediction-dataset-500-1785096901271.json,1
https://ru.bsportsfan.com/table-tennis/r/12305931/adam-radkovsky-vs-ondrej-mezera,bsportsfan-telegram-prediction-dataset-500-1785096901271.json,bsportsfan-telegram-prediction-dataset-500-1785096901271.json,1
https://ru.bsportsfan.com/table-tennis/r/12305970/adam-dvoracek-vs-pavel-cizek,bsportsfan-telegram-prediction-dataset-500-1785096901271.json,bsportsfan-telegram-prediction-dataset-500-1785096901271.json,1
https://ru.bsportsfan.com/table-tennis/r/12305971/jan-gembala-vs-jonas-rak,bsportsfan-telegram-prediction-dataset-500-1785096901271.json,bsportsfan-telegram-prediction-dataset-500-1785096901271.json,1
https://ru.bsportsfan.com/table-tennis/r/12306013/adam-dvoracek-vs-marek-cizek,bsportsfan-telegram-prediction-dataset-500-1785096901271.json,bsportsfan-telegram-prediction-dataset-500-1785096901271.json,1
https://ru.bsportsfan.com/table-tennis/r/12306017/adam-strelec-vs-jiri-matus,bsportsfan-telegram-prediction-dataset-500-1785096901271.json,bsportsfan-telegram-prediction-dataset-500-1785096901271.json,1
https://ru.bsportsfan.com/table-tennis/r/12306018/marcel-heczko-vs-marek-volny,bsportsfan-telegram-prediction-dataset-500-1785096901271.json,bsportsfan-telegram-prediction-dataset-500-1785096901271.json,1
https://ru.bsportsfan.com/table-tennis/r/12306040/lukas-rulc-vs-stepan-rejent,bsportsfan-telegram-prediction-dataset-500-1785096901271.json,bsportsfan-telegram-prediction-dataset-500-1785096901271.json,1
https://ru.bsportsfan.com/table-tennis/r/12306042/jiri-plachy-vs-kyryl-darin,bsportsfan-telegram-prediction-dataset-500-1785096901271.json,bsportsfan-telegram-prediction-dataset-500-1785096901271.json,1
https://ru.bsportsfan.com/table-tennis/r/12306043/frantisek-briza-vs-david-horak,bsportsfan-telegram-prediction-dataset-500-1785096901271.json,bsportsfan-telegram-prediction-dataset-500-1785096901271.json,1
https://ru.bsportsfan.com/table-tennis/r/12306061/martin-sobisek-vs-tomas-vinter,bsportsfan-telegram-prediction-dataset-500-1785096901271.json,bsportsfan-telegram-prediction-dataset-500-1785096901271.json,1
https://ru.bsportsfan.com/table-tennis/r/12306062/dominik-oborny-vs-radomir-vavrecka,bsportsfan-telegram-prediction-dataset-500-1785096901271.json,bsportsfan-telegram-prediction-dataset-500-1785096901271.json,1
https://ru.bsportsfan.com/table-tennis/r/12306067/milan-fisera-vs-tibor-kolenic,bsportsfan-telegram-prediction-dataset-500-1785096901271.json,bsportsfan-telegram-prediction-dataset-500-1785096901271.json,1
https://ru.bsportsfan.com/table-tennis/r/12306068/vaclav-nohejl-1975-vs-rostislav-hasmanda,bsportsfan-telegram-prediction-dataset-500-1785096901271.json,bsportsfan-telegram-prediction-dataset-500-1785096901271.json,1
https://ru.bsportsfan.com/table-tennis/r/12306078/petr-maly-vs-vit-herrmann,bsportsfan-telegram-prediction-dataset-500-1785096901271.json,bsportsfan-telegram-prediction-dataset-500-1785096901271.json,1
https://ru.bsportsfan.com/table-tennis/r/12306084/daniel-priesol-vs-matej-levicky,bsportsfan-telegram-prediction-dataset-500-1785096901271.json,bsportsfan-telegram-prediction-dataset-500-1785096901271.json,1
https://ru.bsportsfan.com/table-tennis/r/12306085/jaroslav-sindler-vs-filip-mandrysz,bsportsfan-telegram-prediction-dataset-500-1785096901271.json,bsportsfan-telegram-prediction-dataset-500-1785096901271.json,1
https://ru.bsportsfan.com/table-tennis/r/12306103/marek-zaskodny-vs-david-sarganek,bsportsfan-telegram-prediction-dataset-500-1785096901271.json,bsportsfan-telegram-prediction-dataset-500-1785096901271.json,1
https://ru.bsportsfan.com/table-tennis/r/12306117/viktor-ziakun-vs-roman-boklah,bsportsfan-telegram-prediction-dataset-500-1785096901271.json,bsportsfan-telegram-prediction-dataset-500-1785096901271.json,1
https://ru.bsportsfan.com/table-tennis/r/12306122/viacheslav-yarovyi-vs-stanislav-zherykhin,bsportsfan-telegram-prediction-dataset-500-1785096901271.json,bsportsfan-telegram-prediction-dataset-500-1785096901271.json,1
https://ru.bsportsfan.com/table-tennis/r/12306154/daniel-tyn-vs-zbynek-zientek,bsportsfan-telegram-prediction-dataset-500-1785096901271.json,bsportsfan-telegram-prediction-dataset-500-1785096901271.json,1
https://ru.bsportsfan.com/table-tennis/r/12306157/mark-robin-wagner-vs-ales-bayer,bsportsfan-telegram-prediction-dataset-500-1785096901271.json,bsportsfan-telegram-prediction-dataset-500-1785096901271.json,1
https://ru.bsportsfan.com/table-tennis/r/12306172/anton-danylov-vs-mykola-zavoloka,bsportsfan-telegram-prediction-dataset-500-1785096901271.json,bsportsfan-telegram-prediction-dataset-500-1785096901271.json,1
https://ru.bsportsfan.com/table-tennis/r/12306194/serhii-priadko-vs-ihor-torhachov,bsportsfan-telegram-prediction-dataset-500-1785096901271.json,bsportsfan-telegram-prediction-dataset-500-1785096901271.json,1
https://ru.bsportsfan.com/table-tennis/r/12306200/jan-vidourek-vs-radek-neterda,bsportsfan-telegram-prediction-dataset-500-1785096901271.json,bsportsfan-telegram-prediction-dataset-500-1785096901271.json,1
https://ru.bsportsfan.com/table-tennis/r/12306203/radim-urbaniec-vs-david-szotek,bsportsfan-telegram-prediction-dataset-79-1785154148829.json,bsportsfan-telegram-prediction-dataset-79-1785154148829.json,1
https://ru.bsportsfan.com/table-tennis/r/12306228/michael-sedlacek-vs-jan-szotkowski,bsportsfan-telegram-prediction-dataset-79-1785154148829.json,bsportsfan-telegram-prediction-dataset-79-1785154148829.json,1
https://ru.bsportsfan.com/table-tennis/r/12306238/tomas-milota-vs-jakub-levicky,bsportsfan-telegram-prediction-dataset-58-1785186937796.json,bsportsfan-telegram-prediction-dataset-58-1785186937796.json,1
https://ru.bsportsfan.com/table-tennis/r/12306239/jiri-ruzicka-vs-jan-simecek,bsportsfan-telegram-prediction-dataset-79-1785154148829.json,bsportsfan-telegram-prediction-dataset-79-1785154148829.json,1
https://ru.bsportsfan.com/table-tennis/r/12306245/milan-jasek-vs-pavel-varecha,bsportsfan-telegram-prediction-dataset-58-1785186937796.json,bsportsfan-telegram-prediction-dataset-58-1785186937796.json,1
https://ru.bsportsfan.com/table-tennis/r/12306247/tadeas-zika-vs-jan-szotkowski,bsportsfan-telegram-prediction-dataset-79-1785154148829.json,bsportsfan-telegram-prediction-dataset-79-1785154148829.json,1
https://ru.bsportsfan.com/table-tennis/r/12306256/vitezslav-bosak-vs-filip-zurek,bsportsfan-telegram-prediction-dataset-58-1785186937796.json,bsportsfan-telegram-prediction-dataset-58-1785186937796.json,1
https://ru.bsportsfan.com/table-tennis/r/12306259/milan-jasek-vs-filip-zurek,bsportsfan-telegram-prediction-dataset-58-1785186937796.json,bsportsfan-telegram-prediction-dataset-58-1785186937796.json,1
https://ru.bsportsfan.com/table-tennis/r/12306262/jiri-dedek-vs-pavel-fojt,bsportsfan-telegram-prediction-dataset-58-1785186937796.json,bsportsfan-telegram-prediction-dataset-58-1785186937796.json,1
https://ru.bsportsfan.com/table-tennis/r/12306263/jakub-dvorak-vs-jiri-melichar,bsportsfan-telegram-prediction-dataset-500-1785096901271.json,bsportsfan-telegram-prediction-dataset-500-1785096901271.json,1
https://ru.bsportsfan.com/table-tennis/r/12306265/erik-mares-vs-libor-prikasky,bsportsfan-telegram-prediction-dataset-58-1785186937796.json,bsportsfan-telegram-prediction-dataset-58-1785186937796.json,1
https://ru.bsportsfan.com/table-tennis/r/12306266/pavel-fojt-vs-dmitro-parhomenko,bsportsfan-telegram-prediction-dataset-58-1785186937796.json,bsportsfan-telegram-prediction-dataset-58-1785186937796.json,1
https://ru.bsportsfan.com/table-tennis/r/12306273/michal-chalupa-vs-david-szotek,bsportsfan-telegram-prediction-dataset-79-1785154148829.json,bsportsfan-telegram-prediction-dataset-79-1785154148829.json,1
https://ru.bsportsfan.com/table-tennis/r/12306277/dmitro-parhomenko-vs-radim-pavelka,bsportsfan-telegram-prediction-dataset-58-1785186937796.json,bsportsfan-telegram-prediction-dataset-58-1785186937796.json,1
https://ru.bsportsfan.com/table-tennis/r/12306278/lukas-velicka-vs-tomas-milota,bsportsfan-telegram-prediction-dataset-58-1785186937796.json,bsportsfan-telegram-prediction-dataset-58-1785186937796.json,1
https://ru.bsportsfan.com/table-tennis/r/12306293/jaroslav-dohnal-vs-dominik-tichy,bsportsfan-telegram-prediction-dataset-500-1785096901271.json,bsportsfan-telegram-prediction-dataset-500-1785096901271.json,1
https://ru.bsportsfan.com/table-tennis/r/12306332/martin-huk-vs-jiri-ruzicka,bsportsfan-telegram-prediction-dataset-79-1785154148829.json,bsportsfan-telegram-prediction-dataset-79-1785154148829.json,1
https://ru.bsportsfan.com/table-tennis/r/12306340/jan-mecl-jnr-vs-jiri-ruzicka,bsportsfan-telegram-prediction-dataset-79-1785154148829.json,bsportsfan-telegram-prediction-dataset-79-1785154148829.json,1
https://ru.bsportsfan.com/table-tennis/r/12306379/pavel-varecha-vs-vitezslav-bosak,bsportsfan-telegram-prediction-dataset-58-1785186937796.json,bsportsfan-telegram-prediction-dataset-58-1785186937796.json,1
https://ru.bsportsfan.com/table-tennis/r/12306404/hryhorii-kulishov-vs-andrii-peretiatko,bsportsfan-telegram-prediction-dataset-58-1785186937796.json,bsportsfan-telegram-prediction-dataset-58-1785186937796.json,1
https://ru.bsportsfan.com/table-tennis/r/12306406/ruslan-novak-vs-volodymyr-ivasiv-1971,bsportsfan-telegram-prediction-dataset-79-1785154148829.json,bsportsfan-telegram-prediction-dataset-79-1785154148829.json,1
https://ru.bsportsfan.com/table-tennis/r/12306409/ladislav-dobias-vs-volodymyr-burylov,bsportsfan-telegram-prediction-dataset-58-1785186937796.json,bsportsfan-telegram-prediction-dataset-58-1785186937796.json,1
https://ru.bsportsfan.com/table-tennis/r/12306410/jan-marhol-vs-oleh-plyska,bsportsfan-telegram-prediction-dataset-79-1785154148829.json,bsportsfan-telegram-prediction-dataset-79-1785154148829.json,1
https://ru.bsportsfan.com/table-tennis/r/12306416/petr-provaznik-vs-zdenek-kuksa,bsportsfan-telegram-prediction-dataset-79-1785154148829.json,bsportsfan-telegram-prediction-dataset-79-1785154148829.json,1
https://ru.bsportsfan.com/table-tennis/r/12306424/tadeas-bertho-vs-matej-svitac,bsportsfan-telegram-prediction-dataset-79-1785154148829.json,bsportsfan-telegram-prediction-dataset-79-1785154148829.json,1
https://ru.bsportsfan.com/table-tennis/r/12306449/yuriy-melnyk-vs-mykola-treshchetka,bsportsfan-telegram-prediction-dataset-79-1785154148829.json,bsportsfan-telegram-prediction-dataset-79-1785154148829.json,1
https://ru.bsportsfan.com/table-tennis/r/12306467/yehor-opryshchenko-vs-yehor-riadynskyi,bsportsfan-telegram-prediction-dataset-58-1785186937796.json,bsportsfan-telegram-prediction-dataset-58-1785186937796.json,1
https://ru.bsportsfan.com/table-tennis/r/12306475/petr-bradac-vs-lukas-zeman,bsportsfan-telegram-prediction-dataset-58-1785186937796.json,bsportsfan-telegram-prediction-dataset-58-1785186937796.json,1
https://ru.bsportsfan.com/table-tennis/r/12306476/yaroslav-tebenko-vs-oleksandr-storozhenko,bsportsfan-telegram-prediction-dataset-58-1785186937796.json,bsportsfan-telegram-prediction-dataset-58-1785186937796.json,1
https://ru.bsportsfan.com/table-tennis/r/12306479/valentyn-chumak-vs-ruslan-serhyenko,bsportsfan-telegram-prediction-dataset-58-1785186937796.json,bsportsfan-telegram-prediction-dataset-58-1785186937796.json,1
https://ru.bsportsfan.com/table-tennis/r/12306483/oleksandr-budnikov-vs-denys-maltsev,bsportsfan-telegram-prediction-dataset-58-1785186937796.json,bsportsfan-telegram-prediction-dataset-58-1785186937796.json,1
https://ru.bsportsfan.com/table-tennis/r/12306497/dmitro-kuzmenko-vs-serhii-chuhai,bsportsfan-telegram-prediction-dataset-79-1785154148829.json,bsportsfan-telegram-prediction-dataset-79-1785154148829.json,1
https://ru.bsportsfan.com/table-tennis/r/12306501/mykhailo-khalenko-vs-kostiantyn-klymenko,bsportsfan-telegram-prediction-dataset-79-1785154148829.json,bsportsfan-telegram-prediction-dataset-79-1785154148829.json,1
https://ru.bsportsfan.com/table-tennis/r/12306502/sergii-skhabitskiy-vs-daniil-novakov,bsportsfan-telegram-prediction-dataset-79-1785154148829.json,bsportsfan-telegram-prediction-dataset-79-1785154148829.json,1
https://ru.bsportsfan.com/table-tennis/r/12306503/myroslav-loboda-vs-iurii-hrekh,bsportsfan-telegram-prediction-dataset-58-1785186937796.json,bsportsfan-telegram-prediction-dataset-58-1785186937796.json,1
https://ru.bsportsfan.com/table-tennis/r/12306509/volodymyr-hainiuk-vs-andrii-lifanov,bsportsfan-telegram-prediction-dataset-58-1785186937796.json,bsportsfan-telegram-prediction-dataset-58-1785186937796.json,1
https://ru.bsportsfan.com/table-tennis/r/12306513/andrii-fastov-vs-roman-boklah,bsportsfan-telegram-prediction-dataset-79-1785154148829.json,bsportsfan-telegram-prediction-dataset-79-1785154148829.json,1
https://ru.bsportsfan.com/table-tennis/r/12306518/serhii-kushnirenko-vs-roman-horokh,bsportsfan-telegram-prediction-dataset-79-1785154148829.json,bsportsfan-telegram-prediction-dataset-79-1785154148829.json,1
https://ru.bsportsfan.com/table-tennis/r/12306519/mykhailo-vivatenko-vs-mykola-treshchetka,bsportsfan-telegram-prediction-dataset-79-1785154148829.json,bsportsfan-telegram-prediction-dataset-79-1785154148829.json,1
https://ru.bsportsfan.com/table-tennis/r/12306532/petr-provaznik-vs-matej-svitac,bsportsfan-telegram-prediction-dataset-79-1785154148829.json,bsportsfan-telegram-prediction-dataset-79-1785154148829.json,1
https://ru.bsportsfan.com/table-tennis/r/12306537/valerii-kolesnykov-vs-stepan-hryhorenko,bsportsfan-telegram-prediction-dataset-79-1785154148829.json,bsportsfan-telegram-prediction-dataset-79-1785154148829.json,1
https://ru.bsportsfan.com/table-tennis/r/12306541/tadeas-bertho-vs-petr-provaznik,bsportsfan-telegram-prediction-dataset-79-1785154148829.json,bsportsfan-telegram-prediction-dataset-79-1785154148829.json,1
https://ru.bsportsfan.com/table-tennis/r/12306543/volodymyr-voronenkov-vs-andrii-hrabskyi,bsportsfan-telegram-prediction-dataset-79-1785154148829.json,bsportsfan-telegram-prediction-dataset-79-1785154148829.json,1
https://ru.bsportsfan.com/table-tennis/r/12306548/valerii-kolesnykov-vs-andrii-troian,bsportsfan-telegram-prediction-dataset-79-1785154148829.json,bsportsfan-telegram-prediction-dataset-79-1785154148829.json,1
https://ru.bsportsfan.com/table-tennis/r/12306551/andrii-troian-vs-yurii-volkov,bsportsfan-telegram-prediction-dataset-79-1785154148829.json,bsportsfan-telegram-prediction-dataset-79-1785154148829.json,1
https://ru.bsportsfan.com/table-tennis/r/12306554/jan-marhol-vs-martin-vorel,bsportsfan-telegram-prediction-dataset-79-1785154148829.json,bsportsfan-telegram-prediction-dataset-79-1785154148829.json,1
https://ru.bsportsfan.com/table-tennis/r/12306560/volodymyr-khyzhnyak-vs-viacheslav-yarovyi,bsportsfan-telegram-prediction-dataset-79-1785154148829.json,bsportsfan-telegram-prediction-dataset-79-1785154148829.json,1
https://ru.bsportsfan.com/table-tennis/r/12306563/vladyslav-kovalchuk-vs-oleksii-rodin,bsportsfan-telegram-prediction-dataset-58-1785186937796.json,bsportsfan-telegram-prediction-dataset-58-1785186937796.json,1
https://ru.bsportsfan.com/table-tennis/r/12306574/ladislav-hendrych-vs-oleh-plyska,bsportsfan-telegram-prediction-dataset-79-1785154148829.json,bsportsfan-telegram-prediction-dataset-79-1785154148829.json,1
https://ru.bsportsfan.com/table-tennis/r/12306581/vladyslav-stukalov-vs-oleksandr-ovsiienko,bsportsfan-telegram-prediction-dataset-79-1785154148829.json,bsportsfan-telegram-prediction-dataset-79-1785154148829.json,1
https://ru.bsportsfan.com/table-tennis/r/12306583/vasyl-kondratenko-vs-oleksandr-ovsiienko,bsportsfan-telegram-prediction-dataset-79-1785154148829.json,bsportsfan-telegram-prediction-dataset-79-1785154148829.json,1
https://ru.bsportsfan.com/table-tennis/r/12306595/dmytro-shchegelskyi-vs-oleksandr-alieksieev,bsportsfan-telegram-prediction-dataset-500-1785096901271.json,bsportsfan-telegram-prediction-dataset-500-1785096901271.json,1
https://ru.bsportsfan.com/table-tennis/r/12306597/daniil-novakov-vs-volodymyr-melnykov,bsportsfan-telegram-prediction-dataset-79-1785154148829.json,bsportsfan-telegram-prediction-dataset-79-1785154148829.json,1
https://ru.bsportsfan.com/table-tennis/r/12306604/oleksandr-kolbasenko-vs-artem-yurkov,bsportsfan-telegram-prediction-dataset-79-1785154148829.json,bsportsfan-telegram-prediction-dataset-79-1785154148829.json,1
https://ru.bsportsfan.com/table-tennis/r/12306607/viktor-slozka-vs-oleksandr-pohonov,bsportsfan-telegram-prediction-dataset-58-1785186937796.json,bsportsfan-telegram-prediction-dataset-58-1785186937796.json,1
https://ru.bsportsfan.com/table-tennis/r/12306610/yaroslav-vorsuliak-vs-vitalii-krokhmal,bsportsfan-telegram-prediction-dataset-58-1785186937796.json,bsportsfan-telegram-prediction-dataset-58-1785186937796.json,1
https://ru.bsportsfan.com/table-tennis/r/12306617/oleksii-korobov-vs-vitalii-kaganovych,bsportsfan-telegram-prediction-dataset-58-1785186937796.json,bsportsfan-telegram-prediction-dataset-58-1785186937796.json,1
https://ru.bsportsfan.com/table-tennis/r/12306635/matus-zelinka-vs-radovan-pisa,bsportsfan-telegram-prediction-dataset-58-1785186937796.json,bsportsfan-telegram-prediction-dataset-58-1785186937796.json,1
https://ru.bsportsfan.com/table-tennis/r/12306636/oleksandr-alieksieev-vs-yurii-parahailo,bsportsfan-telegram-prediction-dataset-79-1785154148829.json,bsportsfan-telegram-prediction-dataset-79-1785154148829.json,1
https://ru.bsportsfan.com/table-tennis/r/12306637/zdenek-sedivy-vs-jan-krames-snr,bsportsfan-telegram-prediction-dataset-58-1785186937796.json,bsportsfan-telegram-prediction-dataset-58-1785186937796.json,1
https://ru.bsportsfan.com/table-tennis/r/12306639/yurii-kolos-vs-volodymyr-ivasiv-1971,bsportsfan-telegram-prediction-dataset-79-1785154148829.json,bsportsfan-telegram-prediction-dataset-79-1785154148829.json,1
https://ru.bsportsfan.com/table-tennis/r/12306642/josef-chalupa-vs-vojtech-grubr,bsportsfan-telegram-prediction-dataset-58-1785186937796.json,bsportsfan-telegram-prediction-dataset-58-1785186937796.json,1
https://ru.bsportsfan.com/table-tennis/r/12306647/bohdan-kohut-vs-vadym-hryban,bsportsfan-telegram-prediction-dataset-79-1785154148829.json,bsportsfan-telegram-prediction-dataset-79-1785154148829.json,1
https://ru.bsportsfan.com/table-tennis/r/12306660/vasil-smyk-vs-maksym-stetsenko,bsportsfan-telegram-prediction-dataset-79-1785154148829.json,bsportsfan-telegram-prediction-dataset-79-1785154148829.json,1
https://ru.bsportsfan.com/table-tennis/r/12306664/ivan-romaniak-vs-denys-shcherbak,bsportsfan-telegram-prediction-dataset-79-1785154148829.json,bsportsfan-telegram-prediction-dataset-79-1785154148829.json,1
https://ru.bsportsfan.com/table-tennis/r/12306666/oleh-maksymkiv-vs-dmytro-belanchyk,bsportsfan-telegram-prediction-dataset-79-1785154148829.json,bsportsfan-telegram-prediction-dataset-79-1785154148829.json,1
https://ru.bsportsfan.com/table-tennis/r/12306683/matej-svitac-vs-zdenek-kuksa,bsportsfan-telegram-prediction-dataset-79-1785154148829.json,bsportsfan-telegram-prediction-dataset-79-1785154148829.json,1
https://ru.bsportsfan.com/table-tennis/r/12306686/maksym-hubenko-vs-serhii-chuhai,bsportsfan-telegram-prediction-dataset-79-1785154148829.json,bsportsfan-telegram-prediction-dataset-79-1785154148829.json,1
https://ru.bsportsfan.com/table-tennis/r/12306687/yurii-volkov-vs-oleh-karpenko,bsportsfan-telegram-prediction-dataset-79-1785154148829.json,bsportsfan-telegram-prediction-dataset-79-1785154148829.json,1
https://ru.bsportsfan.com/table-tennis/r/12306688/daniil-novakov-vs-oleksandr-mytsyk,bsportsfan-telegram-prediction-dataset-79-1785154148829.json,bsportsfan-telegram-prediction-dataset-79-1785154148829.json,1
https://ru.bsportsfan.com/table-tennis/r/12306689/oleh-karpenko-vs-arsenii-lobanov,bsportsfan-telegram-prediction-dataset-79-1785154148829.json,bsportsfan-telegram-prediction-dataset-79-1785154148829.json,1
https://ru.bsportsfan.com/table-tennis/r/12306691/sergii-skhabitskiy-vs-vasil-smyk,bsportsfan-telegram-prediction-dataset-79-1785154148829.json,bsportsfan-telegram-prediction-dataset-79-1785154148829.json,1
https://ru.bsportsfan.com/table-tennis/r/12306694/yurii-parahailo-vs-dmytro-shchegelskyi,bsportsfan-telegram-prediction-dataset-79-1785154148829.json,bsportsfan-telegram-prediction-dataset-79-1785154148829.json,1
https://ru.bsportsfan.com/table-tennis/r/12306697/ladislav-hendrych-vs-martin-vorel,bsportsfan-telegram-prediction-dataset-79-1785154148829.json,bsportsfan-telegram-prediction-dataset-79-1785154148829.json,1
https://ru.bsportsfan.com/table-tennis/r/12306711/vadym-reva-vs-valerii-lukianevych,bsportsfan-telegram-prediction-dataset-58-1785186937796.json,bsportsfan-telegram-prediction-dataset-58-1785186937796.json,1
https://ru.bsportsfan.com/table-tennis/r/12306739/martin-vorel-vs-oleh-plyska,bsportsfan-telegram-prediction-dataset-79-1785154148829.json,bsportsfan-telegram-prediction-dataset-79-1785154148829.json,1
https://ru.bsportsfan.com/table-tennis/r/12306744/oleksandr-syksa-vs-dmytro-prylepa,bsportsfan-telegram-prediction-dataset-79-1785154148829.json,bsportsfan-telegram-prediction-dataset-79-1785154148829.json,1
https://ru.bsportsfan.com/table-tennis/r/12306877/ondrej-knazik-vs-bohuslav-budik,bsportsfan-telegram-prediction-dataset-79-1785154148829.json,bsportsfan-telegram-prediction-dataset-79-1785154148829.json,1
https://ru.bsportsfan.com/table-tennis/r/12306897/jan-krupnik-vs-bruno-mrowetz,bsportsfan-telegram-prediction-dataset-79-1785154148829.json,bsportsfan-telegram-prediction-dataset-79-1785154148829.json,1
https://ru.bsportsfan.com/table-tennis/r/12306928/filip-karel-vs-tomas-trnka,bsportsfan-telegram-prediction-dataset-79-1785154148829.json,bsportsfan-telegram-prediction-dataset-79-1785154148829.json,1
https://ru.bsportsfan.com/table-tennis/r/12306949/bruno-mrowetz-vs-michal-moravec,bsportsfan-telegram-prediction-dataset-79-1785154148829.json,bsportsfan-telegram-prediction-dataset-79-1785154148829.json,1
https://ru.bsportsfan.com/table-tennis/r/12306950/tomas-bartik-vs-dominik-lengal,bsportsfan-telegram-prediction-dataset-79-1785154148829.json,bsportsfan-telegram-prediction-dataset-79-1785154148829.json,1
https://ru.bsportsfan.com/table-tennis/r/12306974/jachym-sebl-vs-tomas-hnizdil,bsportsfan-telegram-prediction-dataset-79-1785154148829.json,bsportsfan-telegram-prediction-dataset-79-1785154148829.json,1
https://ru.bsportsfan.com/table-tennis/r/12307212/michal-moravec-vs-radek-benes,bsportsfan-telegram-prediction-dataset-79-1785154148829.json,bsportsfan-telegram-prediction-dataset-79-1785154148829.json,1
https://ru.bsportsfan.com/table-tennis/r/12307220/filip-karel-vs-tomas-bartik,bsportsfan-telegram-prediction-dataset-79-1785154148829.json,bsportsfan-telegram-prediction-dataset-79-1785154148829.json,1
https://ru.bsportsfan.com/table-tennis/r/12307222/ondrej-varecka-vs-ales-langer,bsportsfan-telegram-prediction-dataset-79-1785154148829.json,bsportsfan-telegram-prediction-dataset-79-1785154148829.json,1
https://ru.bsportsfan.com/table-tennis/r/12307224/bohuslav-budik-vs-jachym-sebl,bsportsfan-telegram-prediction-dataset-79-1785154148829.json,bsportsfan-telegram-prediction-dataset-79-1785154148829.json,1
https://ru.bsportsfan.com/table-tennis/r/12307229/filip-karel-vs-dominik-lengal,bsportsfan-telegram-prediction-dataset-79-1785154148829.json,bsportsfan-telegram-prediction-dataset-79-1785154148829.json,1
https://ru.bsportsfan.com/table-tennis/r/12307231/ondrej-knazik-vs-tomas-hnizdil,bsportsfan-telegram-prediction-dataset-79-1785154148829.json,bsportsfan-telegram-prediction-dataset-79-1785154148829.json,1
https://ru.bsportsfan.com/table-tennis/r/12307254/ladislav-moravec-vs-petr-chlumsky,bsportsfan-telegram-prediction-dataset-79-1785154148829.json,bsportsfan-telegram-prediction-dataset-79-1785154148829.json,1
https://ru.bsportsfan.com/table-tennis/r/12307281/jan-krupnik-vs-radek-benes,bsportsfan-telegram-prediction-dataset-79-1785154148829.json,bsportsfan-telegram-prediction-dataset-79-1785154148829.json,1
https://ru.bsportsfan.com/table-tennis/r/12309035/jiri-grohsgott-vs-tomas-kucera,bsportsfan-telegram-prediction-dataset-610-1785446385942.json,bsportsfan-telegram-prediction-dataset-610-1785446385942.json,1
https://ru.bsportsfan.com/table-tennis/r/12309036/petr-bruzek-vs-tomas-andrle,bsportsfan-telegram-prediction-dataset-610-1785446385942.json,bsportsfan-telegram-prediction-dataset-610-1785446385942.json,1
https://ru.bsportsfan.com/table-tennis/r/12309111/ladislav-havel-1956-vs-milan-chalupnicek,bsportsfan-telegram-prediction-dataset-79-1785154148829.json,bsportsfan-telegram-prediction-dataset-79-1785154148829.json,1
https://ru.bsportsfan.com/table-tennis/r/12309179/mihail-trinta-vs-rostislav-hasmanda,bsportsfan-telegram-prediction-dataset-610-1785446385942.json,bsportsfan-telegram-prediction-dataset-610-1785446385942.json,1
https://ru.bsportsfan.com/table-tennis/r/12309189/michal-kratochvil-vs-radim-urbaniec,bsportsfan-telegram-prediction-dataset-610-1785446385942.json,bsportsfan-telegram-prediction-dataset-610-1785446385942.json,1
https://ru.bsportsfan.com/table-tennis/r/12309191/david-szotek-vs-michal-chalupa,bsportsfan-telegram-prediction-dataset-610-1785446385942.json,bsportsfan-telegram-prediction-dataset-610-1785446385942.json,1
https://ru.bsportsfan.com/table-tennis/r/12309206/karel-kapras-vs-jakub-tazler,bsportsfan-telegram-prediction-dataset-610-1785446385942.json,bsportsfan-telegram-prediction-dataset-610-1785446385942.json,1
https://ru.bsportsfan.com/table-tennis/r/12309224/mykola-zavoloka-vs-dmytro-novik,bsportsfan-telegram-prediction-dataset-79-1785154148829.json,bsportsfan-telegram-prediction-dataset-79-1785154148829.json,1
https://ru.bsportsfan.com/table-tennis/r/12309248/vaclav-hejda-jnr-vs-ondrej-varecka,bsportsfan-telegram-prediction-dataset-79-1785154148829.json,bsportsfan-telegram-prediction-dataset-79-1785154148829.json,1
https://ru.bsportsfan.com/table-tennis/r/12309249/martin-sulc-vs-ales-langer,bsportsfan-telegram-prediction-dataset-79-1785154148829.json,bsportsfan-telegram-prediction-dataset-79-1785154148829.json,1
https://ru.bsportsfan.com/table-tennis/r/12309284/vladislav-reska-vs-daniel-branny,bsportsfan-telegram-prediction-dataset-58-1785186937796.json,bsportsfan-telegram-prediction-dataset-58-1785186937796.json,1
https://ru.bsportsfan.com/table-tennis/r/12309293/filip-theodor-vs-vojtech-molin,bsportsfan-telegram-prediction-dataset-58-1785186937796.json,bsportsfan-telegram-prediction-dataset-58-1785186937796.json,1
https://ru.bsportsfan.com/table-tennis/r/12309294/david-jicha-vs-martin-stusek,bsportsfan-telegram-prediction-dataset-58-1785186937796.json,bsportsfan-telegram-prediction-dataset-58-1785186937796.json,1
https://ru.bsportsfan.com/table-tennis/r/12309320/tomas-vorisek-vs-petr-silhan,bsportsfan-telegram-prediction-dataset-58-1785186937796.json,bsportsfan-telegram-prediction-dataset-58-1785186937796.json,1
https://ru.bsportsfan.com/table-tennis/r/12309321/vojtech-molin-vs-daniel-branny,bsportsfan-telegram-prediction-dataset-58-1785186937796.json,bsportsfan-telegram-prediction-dataset-58-1785186937796.json,1
https://ru.bsportsfan.com/table-tennis/r/12309324/jakub-mach-vs-jakub-rolik,bsportsfan-telegram-prediction-dataset-58-1785186937796.json,bsportsfan-telegram-prediction-dataset-58-1785186937796.json,1
https://ru.bsportsfan.com/table-tennis/r/12309326/tomas-vorisek-vs-david-jicha,bsportsfan-telegram-prediction-dataset-58-1785186937796.json,bsportsfan-telegram-prediction-dataset-58-1785186937796.json,1
https://ru.bsportsfan.com/table-tennis/r/12309329/michal-nemec-vs-jakub-rolik,bsportsfan-telegram-prediction-dataset-58-1785186937796.json,bsportsfan-telegram-prediction-dataset-58-1785186937796.json,1
https://ru.bsportsfan.com/table-tennis/r/12309332/martin-stusek-vs-petr-silhan,bsportsfan-telegram-prediction-dataset-58-1785186937796.json,bsportsfan-telegram-prediction-dataset-58-1785186937796.json,1
https://ru.bsportsfan.com/table-tennis/r/12309346/anatoliy-lysyi-vs-volodymyr-khyzhnyak,bsportsfan-telegram-prediction-dataset-79-1785154148829.json,bsportsfan-telegram-prediction-dataset-79-1785154148829.json,1
https://ru.bsportsfan.com/table-tennis/r/12309350/michal-nemec-vs-pavel-cibik,bsportsfan-telegram-prediction-dataset-58-1785186937796.json,bsportsfan-telegram-prediction-dataset-58-1785186937796.json,1
https://ru.bsportsfan.com/table-tennis/r/12309944/roman-jonas-vs-martin-chmelicek,bsportsfan-telegram-prediction-dataset-58-1785186937796.json,bsportsfan-telegram-prediction-dataset-58-1785186937796.json,1
https://ru.bsportsfan.com/table-tennis/r/12309945/jan-vidourek-vs-martin-chmelicek,bsportsfan-telegram-prediction-dataset-58-1785186937796.json,bsportsfan-telegram-prediction-dataset-58-1785186937796.json,1
https://ru.bsportsfan.com/table-tennis/r/12309984/jan-skvrna-vs-daniel-vitasek,bsportsfan-telegram-prediction-dataset-58-1785186937796.json,bsportsfan-telegram-prediction-dataset-58-1785186937796.json,1
https://ru.bsportsfan.com/table-tennis/r/12309998/jan-kabelka-vs-roman-jonas,bsportsfan-telegram-prediction-dataset-58-1785186937796.json,bsportsfan-telegram-prediction-dataset-58-1785186937796.json,1
https://ru.bsportsfan.com/table-tennis/r/12310146/frantisek-briza-vs-milan-fisera,bsportsfan-telegram-prediction-dataset-610-1785446385942.json,bsportsfan-telegram-prediction-dataset-610-1785446385942.json,1
https://ru.bsportsfan.com/table-tennis/r/12310244/adam-brazda-vs-lukas-tonar,bsportsfan-telegram-prediction-dataset-610-1785446385942.json,bsportsfan-telegram-prediction-dataset-610-1785446385942.json,1
https://ru.bsportsfan.com/table-tennis/r/12310725/michal-vondrak-vs-vlastimil-kolar,bsportsfan-telegram-prediction-dataset-610-1785446385942.json,bsportsfan-telegram-prediction-dataset-610-1785446385942.json,1
https://ru.bsportsfan.com/table-tennis/r/12310753/viktor-vejvoda-vs-richard-wagner,bsportsfan-telegram-prediction-dataset-610-1785446385942.json,bsportsfan-telegram-prediction-dataset-610-1785446385942.json,1
https://ru.bsportsfan.com/table-tennis/r/12310820/david-heczko-vs-richard-skacelik,bsportsfan-telegram-prediction-dataset-610-1785446385942.json,bsportsfan-telegram-prediction-dataset-610-1785446385942.json,1
https://ru.bsportsfan.com/table-tennis/r/12310833/adrian-walek-vs-vaclav-zidek,bsportsfan-telegram-prediction-dataset-610-1785446385942.json,bsportsfan-telegram-prediction-dataset-610-1785446385942.json,1
https://ru.bsportsfan.com/table-tennis/r/12311212/vaclav-zidek-vs-david-heczko,bsportsfan-telegram-prediction-dataset-610-1785446385942.json,bsportsfan-telegram-prediction-dataset-610-1785446385942.json,1
https://ru.bsportsfan.com/table-tennis/r/12311245/alexander-mikuska-vs-yurii-holovatiuk,bsportsfan-telegram-prediction-dataset-610-1785446385942.json,bsportsfan-telegram-prediction-dataset-610-1785446385942.json,1
https://ru.bsportsfan.com/table-tennis/r/12311665/vojtech-molin-vs-vladislav-reska,bsportsfan-telegram-prediction-dataset-58-1785186937796.json,bsportsfan-telegram-prediction-dataset-58-1785186937796.json,1
https://ru.bsportsfan.com/table-tennis/r/12311666/daniel-branny-vs-filip-theodor,bsportsfan-telegram-prediction-dataset-58-1785186937796.json,bsportsfan-telegram-prediction-dataset-58-1785186937796.json,1
https://ru.bsportsfan.com/table-tennis/r/12311675/volodymyr-burylov-vs-zdenek-sedivy,bsportsfan-telegram-prediction-dataset-58-1785186937796.json,bsportsfan-telegram-prediction-dataset-58-1785186937796.json,1
https://ru.bsportsfan.com/table-tennis/r/12311705/tomas-grmela-vs-david-skulina,bsportsfan-telegram-prediction-dataset-58-1785186937796.json,bsportsfan-telegram-prediction-dataset-58-1785186937796.json,1
https://ru.bsportsfan.com/table-tennis/r/12311726/daniel-vitasek-vs-jan-skvrna,bsportsfan-telegram-prediction-dataset-58-1785186937796.json,bsportsfan-telegram-prediction-dataset-58-1785186937796.json,1
https://ru.bsportsfan.com/table-tennis/r/12311732/matus-zelinka-vs-vojtech-grubr,bsportsfan-telegram-prediction-dataset-58-1785186937796.json,bsportsfan-telegram-prediction-dataset-58-1785186937796.json,1
https://ru.bsportsfan.com/table-tennis/r/12311759/petr-bradac-vs-libor-prikasky,bsportsfan-telegram-prediction-dataset-58-1785186937796.json,bsportsfan-telegram-prediction-dataset-58-1785186937796.json,1
https://ru.bsportsfan.com/table-tennis/r/12311765/jiri-dedek-vs-dmitro-parhomenko,bsportsfan-telegram-prediction-dataset-58-1785186937796.json,bsportsfan-telegram-prediction-dataset-58-1785186937796.json,1
https://ru.bsportsfan.com/table-tennis/r/12311769/marek-volny-vs-tomas-milota,bsportsfan-telegram-prediction-dataset-58-1785186937796.json,bsportsfan-telegram-prediction-dataset-58-1785186937796.json,1
https://ru.bsportsfan.com/table-tennis/r/12311770/ladislav-dobias-vs-jan-krames-snr,bsportsfan-telegram-prediction-dataset-58-1785186937796.json,bsportsfan-telegram-prediction-dataset-58-1785186937796.json,1
https://ru.bsportsfan.com/table-tennis/r/12311776/milan-fisera-vs-frantisek-briza,bsportsfan-telegram-prediction-dataset-58-1785186937796.json,bsportsfan-telegram-prediction-dataset-58-1785186937796.json,1
https://ru.bsportsfan.com/table-tennis/r/12311805/radovan-pisa-vs-josef-chalupa,bsportsfan-telegram-prediction-dataset-58-1785186937796.json,bsportsfan-telegram-prediction-dataset-58-1785186937796.json,1
https://ru.bsportsfan.com/table-tennis/r/12311817/filip-zurek-vs-vitezslav-bosak,bsportsfan-telegram-prediction-dataset-58-1785186937796.json,bsportsfan-telegram-prediction-dataset-58-1785186937796.json,1
https://ru.bsportsfan.com/table-tennis/r/12312398/serhii-solomko-vs-oleksandr-tymofeev,bsportsfan-telegram-prediction-dataset-610-1785446385942.json,bsportsfan-telegram-prediction-dataset-610-1785446385942.json,1
https://ru.bsportsfan.com/table-tennis/r/12312501/maksym-karelov-vs-viktor-leonov,bsportsfan-telegram-prediction-dataset-610-1785446385942.json,bsportsfan-telegram-prediction-dataset-610-1785446385942.json,1
https://ru.bsportsfan.com/table-tennis/r/12312507/roman-konkulovskyi-vs-oleksandr-pohonov,bsportsfan-telegram-prediction-dataset-610-1785446385942.json,bsportsfan-telegram-prediction-dataset-610-1785446385942.json,1
https://ru.bsportsfan.com/table-tennis/r/12312533/serhii-maksymiv-vs-oleksandr-pohonov,bsportsfan-telegram-prediction-dataset-610-1785446385942.json,bsportsfan-telegram-prediction-dataset-610-1785446385942.json,1
https://ru.bsportsfan.com/table-tennis/r/12312537/andrii-sydorenko-1979-vs-viktor-leonov,bsportsfan-telegram-prediction-dataset-610-1785446385942.json,bsportsfan-telegram-prediction-dataset-610-1785446385942.json,1
https://ru.bsportsfan.com/table-tennis/r/12312538/maksym-badai-vs-andrii-vasylets,bsportsfan-telegram-prediction-dataset-610-1785446385942.json,bsportsfan-telegram-prediction-dataset-610-1785446385942.json,1
https://ru.bsportsfan.com/table-tennis/r/12312549/o-volo-kovalchuk-vs-oleksandr-mishchenko,bsportsfan-telegram-prediction-dataset-610-1785446385942.json,bsportsfan-telegram-prediction-dataset-610-1785446385942.json,1
https://ru.bsportsfan.com/table-tennis/r/12312551/vit-herrmann-vs-marek-cizek,bsportsfan-telegram-prediction-dataset-610-1785446385942.json,bsportsfan-telegram-prediction-dataset-610-1785446385942.json,1
https://ru.bsportsfan.com/table-tennis/r/12312554/bohdan-chaikovskyi-vs-ihor-sukovatyi,bsportsfan-telegram-prediction-dataset-610-1785446385942.json,bsportsfan-telegram-prediction-dataset-610-1785446385942.json,1
https://ru.bsportsfan.com/table-tennis/r/12312556/vladyslav-kovalchuk-vs-denys-maltsev,bsportsfan-telegram-prediction-dataset-610-1785446385942.json,bsportsfan-telegram-prediction-dataset-610-1785446385942.json,1
https://ru.bsportsfan.com/table-tennis/r/12312572/ladislav-dobias-vs-stepan-rejent,bsportsfan-telegram-prediction-dataset-610-1785446385942.json,bsportsfan-telegram-prediction-dataset-610-1785446385942.json,1
https://ru.bsportsfan.com/table-tennis/r/12312574/kyrylo-tkachenko-vs-orest-melnik,bsportsfan-telegram-prediction-dataset-610-1785446385942.json,bsportsfan-telegram-prediction-dataset-610-1785446385942.json,1
https://ru.bsportsfan.com/table-tennis/r/12312576/serhii-chelpanov-vs-pavel-plakushchyi,bsportsfan-telegram-prediction-dataset-610-1785446385942.json,bsportsfan-telegram-prediction-dataset-610-1785446385942.json,1
https://ru.bsportsfan.com/table-tennis/r/12312578/vitalii-s-marushchak-vs-artem-yurkov,bsportsfan-telegram-prediction-dataset-610-1785446385942.json,bsportsfan-telegram-prediction-dataset-610-1785446385942.json,1
https://ru.bsportsfan.com/table-tennis/r/12312579/volodymyr-hainiuk-vs-vitalii-kaganovych,bsportsfan-telegram-prediction-dataset-610-1785446385942.json,bsportsfan-telegram-prediction-dataset-610-1785446385942.json,1
https://ru.bsportsfan.com/table-tennis/r/12312580/tadeas-bertho-vs-tomas-hanke,bsportsfan-telegram-prediction-dataset-610-1785446385942.json,bsportsfan-telegram-prediction-dataset-610-1785446385942.json,1
https://ru.bsportsfan.com/table-tennis/r/12312597/jakub-mejzlik-vs-marcel-cmil,bsportsfan-telegram-prediction-dataset-610-1785446385942.json,bsportsfan-telegram-prediction-dataset-610-1785446385942.json,1
https://ru.bsportsfan.com/table-tennis/r/12312600/andrii-hrabskyi-vs-anatolii-levshyn,bsportsfan-telegram-prediction-dataset-610-1785446385942.json,bsportsfan-telegram-prediction-dataset-610-1785446385942.json,1
https://ru.bsportsfan.com/table-tennis/r/12312603/oleh-napirko-vs-serhii-kalenyk,bsportsfan-telegram-prediction-dataset-610-1785446385942.json,bsportsfan-telegram-prediction-dataset-610-1785446385942.json,1
https://ru.bsportsfan.com/table-tennis/r/12312609/yevhen-bielokon-vs-vitalii-sydorenko,bsportsfan-telegram-prediction-dataset-610-1785446385942.json,bsportsfan-telegram-prediction-dataset-610-1785446385942.json,1
https://ru.bsportsfan.com/table-tennis/r/12312615/anton-shypilov-vs-mykyta-smyrnov,bsportsfan-telegram-prediction-dataset-610-1785446385942.json,bsportsfan-telegram-prediction-dataset-610-1785446385942.json,1
https://ru.bsportsfan.com/table-tennis/r/12312618/valerii-vlasenko-vs-oleksii-mitla,bsportsfan-telegram-prediction-dataset-610-1785446385942.json,bsportsfan-telegram-prediction-dataset-610-1785446385942.json,1
https://ru.bsportsfan.com/table-tennis/r/12312619/vitalii-khamurda-vs-roman-hnoievoi,bsportsfan-telegram-prediction-dataset-610-1785446385942.json,bsportsfan-telegram-prediction-dataset-610-1785446385942.json,1
https://ru.bsportsfan.com/table-tennis/r/12312634/mykyta-smyrnov-vs-serhii-kalenyk,bsportsfan-telegram-prediction-dataset-610-1785446385942.json,bsportsfan-telegram-prediction-dataset-610-1785446385942.json,1
https://ru.bsportsfan.com/table-tennis/r/12312635/ihor-sukovatyi-vs-andrii-romanenko,bsportsfan-telegram-prediction-dataset-610-1785446385942.json,bsportsfan-telegram-prediction-dataset-610-1785446385942.json,1
https://ru.bsportsfan.com/table-tennis/r/12312640/ihor-dubinin-vs-pavlo-shulhachyk,bsportsfan-telegram-prediction-dataset-610-1785446385942.json,bsportsfan-telegram-prediction-dataset-610-1785446385942.json,1
https://ru.bsportsfan.com/table-tennis/r/12312642/serhii-chuhai-vs-andrii-lushchyk,bsportsfan-telegram-prediction-dataset-610-1785446385942.json,bsportsfan-telegram-prediction-dataset-610-1785446385942.json,1
https://ru.bsportsfan.com/table-tennis/r/12312645/yaroslav-tebenko-vs-oleksandr-storozhenko,bsportsfan-telegram-prediction-dataset-610-1785446385942.json,bsportsfan-telegram-prediction-dataset-610-1785446385942.json,1
https://ru.bsportsfan.com/table-tennis/r/12312647/oleh-napirko-vs-oleksii-mitla,bsportsfan-telegram-prediction-dataset-610-1785446385942.json,bsportsfan-telegram-prediction-dataset-610-1785446385942.json,1
https://ru.bsportsfan.com/table-tennis/r/12312655/ondrej-mezera-vs-michal-makara,bsportsfan-telegram-prediction-dataset-610-1785446385942.json,bsportsfan-telegram-prediction-dataset-610-1785446385942.json,1
https://ru.bsportsfan.com/table-tennis/r/12312669/vadym-reva-vs-maksym-karelov,bsportsfan-telegram-prediction-dataset-610-1785446385942.json,bsportsfan-telegram-prediction-dataset-610-1785446385942.json,1
https://ru.bsportsfan.com/table-tennis/r/12312670/oleksandr-naida-vs-dmytro-derevynskyi,bsportsfan-telegram-prediction-dataset-610-1785446385942.json,bsportsfan-telegram-prediction-dataset-610-1785446385942.json,1
https://ru.bsportsfan.com/table-tennis/r/12312726/serhii-maksymiv-vs-andrii-romanenko,bsportsfan-telegram-prediction-dataset-610-1785446385942.json,bsportsfan-telegram-prediction-dataset-610-1785446385942.json,1
https://ru.bsportsfan.com/table-tennis/r/12312730/ivan-elfemov-vs-vitalii-sydorenko,bsportsfan-telegram-prediction-dataset-610-1785446385942.json,bsportsfan-telegram-prediction-dataset-610-1785446385942.json,1
https://ru.bsportsfan.com/table-tennis/r/12313025/vaclav-hejda-jnr-vs-ales-langer,bsportsfan-telegram-prediction-dataset-610-1785446385942.json,bsportsfan-telegram-prediction-dataset-610-1785446385942.json,1
https://ru.bsportsfan.com/table-tennis/r/12313981/karel-baros-vs-jakub-volny,bsportsfan-telegram-prediction-dataset-610-1785446385942.json,bsportsfan-telegram-prediction-dataset-610-1785446385942.json,1
https://ru.bsportsfan.com/table-tennis/r/12314012/daniel-tomica-vs-radim-urbaniec,bsportsfan-telegram-prediction-dataset-610-1785446385942.json,bsportsfan-telegram-prediction-dataset-610-1785446385942.json,1
https://ru.bsportsfan.com/table-tennis/r/12314047/martin-lorenc-vs-patrik-sturma,bsportsfan-telegram-prediction-dataset-610-1785446385942.json,bsportsfan-telegram-prediction-dataset-610-1785446385942.json,1
https://ru.bsportsfan.com/table-tennis/r/12314082/jiri-plachy-vs-jiri-dedek,bsportsfan-telegram-prediction-dataset-610-1785446385942.json,bsportsfan-telegram-prediction-dataset-610-1785446385942.json,1
https://ru.bsportsfan.com/table-tennis/r/12314118/jan-framberk-vs-julius-didi,bsportsfan-telegram-prediction-dataset-610-1785446385942.json,bsportsfan-telegram-prediction-dataset-610-1785446385942.json,1
https://ru.bsportsfan.com/table-tennis/r/12314119/vaclav-kosar-vs-miroslav-novotny,bsportsfan-telegram-prediction-dataset-610-1785446385942.json,bsportsfan-telegram-prediction-dataset-610-1785446385942.json,1
https://ru.bsportsfan.com/table-tennis/r/12314167/roman-hudeczek-vs-marek-holub,bsportsfan-telegram-prediction-dataset-610-1785446385942.json,bsportsfan-telegram-prediction-dataset-610-1785446385942.json,1
https://ru.bsportsfan.com/table-tennis/r/12314171/vaclav-zidek-vs-marcel-heczko,bsportsfan-telegram-prediction-dataset-610-1785446385942.json,bsportsfan-telegram-prediction-dataset-610-1785446385942.json,1
https://ru.bsportsfan.com/table-tennis/r/12314213/jakub-levicky-vs-tomas-milota,bsportsfan-telegram-prediction-dataset-610-1785446385942.json,bsportsfan-telegram-prediction-dataset-610-1785446385942.json,1
https://ru.bsportsfan.com/table-tennis/r/12314243/jiri-matus-vs-lukas-krupnik-jnr,bsportsfan-telegram-prediction-dataset-610-1785446385942.json,bsportsfan-telegram-prediction-dataset-610-1785446385942.json,1
https://ru.bsportsfan.com/table-tennis/r/12314297/jiri-louda-vs-petr-sebera,bsportsfan-telegram-prediction-dataset-610-1785446385942.json,bsportsfan-telegram-prediction-dataset-610-1785446385942.json,1
https://ru.bsportsfan.com/table-tennis/r/12314354/tadeas-zika-vs-ondrej-paril,bsportsfan-telegram-prediction-dataset-610-1785446385942.json,bsportsfan-telegram-prediction-dataset-610-1785446385942.json,1
https://ru.bsportsfan.com/table-tennis/r/12314361/libor-prikasky-vs-erik-mares,bsportsfan-telegram-prediction-dataset-610-1785446385942.json,bsportsfan-telegram-prediction-dataset-610-1785446385942.json,1
https://ru.bsportsfan.com/table-tennis/r/12314363/erik-mares-vs-lukas-jindrak,bsportsfan-telegram-prediction-dataset-610-1785446385942.json,bsportsfan-telegram-prediction-dataset-610-1785446385942.json,1
https://ru.bsportsfan.com/table-tennis/r/12314368/lukas-kern-vs-sebastian-kasnik,bsportsfan-telegram-prediction-dataset-610-1785446385942.json,bsportsfan-telegram-prediction-dataset-610-1785446385942.json,1
https://ru.bsportsfan.com/table-tennis/r/12314431/marek-holub-vs-sebastian-kasnik,bsportsfan-telegram-prediction-dataset-610-1785446385942.json,bsportsfan-telegram-prediction-dataset-610-1785446385942.json,1
https://ru.bsportsfan.com/table-tennis/r/12314436/matyas-navedla-vs-pavel-wawrosz,bsportsfan-telegram-prediction-dataset-610-1785446385942.json,bsportsfan-telegram-prediction-dataset-610-1785446385942.json,1
https://ru.bsportsfan.com/table-tennis/r/12314618/david-sarganek-vs-marek-zaskodny,bsportsfan-telegram-prediction-dataset-610-1785446385942.json,bsportsfan-telegram-prediction-dataset-610-1785446385942.json,1
https://ru.bsportsfan.com/table-tennis/r/12314623/rostislav-niezgoda-vs-petr-vicherek,bsportsfan-telegram-prediction-dataset-610-1785446385942.json,bsportsfan-telegram-prediction-dataset-610-1785446385942.json,1
https://ru.bsportsfan.com/table-tennis/r/12314624/patrik-sturma-vs-miroslav-dolezal,bsportsfan-telegram-prediction-dataset-610-1785446385942.json,bsportsfan-telegram-prediction-dataset-610-1785446385942.json,1
https://ru.bsportsfan.com/table-tennis/r/12314626/radek-vosyka-vs-michal-sokol,bsportsfan-telegram-prediction-dataset-610-1785446385942.json,bsportsfan-telegram-prediction-dataset-610-1785446385942.json,1
https://ru.bsportsfan.com/table-tennis/r/12314628/martin-boltik-vs-ales-krcil,bsportsfan-telegram-prediction-dataset-610-1785446385942.json,bsportsfan-telegram-prediction-dataset-610-1785446385942.json,1
https://ru.bsportsfan.com/table-tennis/r/12314629/martin-stusek-vs-jaromir-zlamal,bsportsfan-telegram-prediction-dataset-610-1785446385942.json,bsportsfan-telegram-prediction-dataset-610-1785446385942.json,1
https://ru.bsportsfan.com/table-tennis/r/12314630/tomas-vorisek-vs-ondrej-kadavy,bsportsfan-telegram-prediction-dataset-610-1785446385942.json,bsportsfan-telegram-prediction-dataset-610-1785446385942.json,1
https://ru.bsportsfan.com/table-tennis/r/12314637/ales-krcil-vs-tomas-barsa,bsportsfan-telegram-prediction-dataset-610-1785446385942.json,bsportsfan-telegram-prediction-dataset-610-1785446385942.json,1
https://ru.bsportsfan.com/table-tennis/r/12314642/jaromir-zlamal-vs-tomas-vorisek,bsportsfan-telegram-prediction-dataset-610-1785446385942.json,bsportsfan-telegram-prediction-dataset-610-1785446385942.json,1
https://ru.bsportsfan.com/table-tennis/r/12314647/zbynek-vyskocil-vs-tomas-barsa,bsportsfan-telegram-prediction-dataset-610-1785446385942.json,bsportsfan-telegram-prediction-dataset-610-1785446385942.json,1
https://ru.bsportsfan.com/table-tennis/r/12314648/martin-stusek-vs-ondrej-kadavy,bsportsfan-telegram-prediction-dataset-610-1785446385942.json,bsportsfan-telegram-prediction-dataset-610-1785446385942.json,1
https://ru.bsportsfan.com/table-tennis/r/12314652/milan-flesar-vs-martin-jirasek,bsportsfan-telegram-prediction-dataset-610-1785446385942.json,bsportsfan-telegram-prediction-dataset-610-1785446385942.json,1
https://ru.bsportsfan.com/table-tennis/r/12314854/jan-skvrna-vs-radek-benes,bsportsfan-telegram-prediction-dataset-610-1785446385942.json,bsportsfan-telegram-prediction-dataset-610-1785446385942.json,1
https://ru.bsportsfan.com/table-tennis/r/12315009/marek-placek-vs-jiri-plachy,bsportsfan-telegram-prediction-dataset-610-1785446385942.json,bsportsfan-telegram-prediction-dataset-610-1785446385942.json,1
https://ru.bsportsfan.com/table-tennis/r/12315023/lukas-adam-vs-matus-zelinka,bsportsfan-telegram-prediction-dataset-610-1785446385942.json,bsportsfan-telegram-prediction-dataset-610-1785446385942.json,1
https://ru.bsportsfan.com/table-tennis/r/12315025/jakub-senk-vs-radovan-pisa,bsportsfan-telegram-prediction-dataset-610-1785446385942.json,bsportsfan-telegram-prediction-dataset-610-1785446385942.json,1
https://ru.bsportsfan.com/table-tennis/r/12315026/dmitro-parhomenko-vs-milan-kolar,bsportsfan-telegram-prediction-dataset-610-1785446385942.json,bsportsfan-telegram-prediction-dataset-610-1785446385942.json,1
https://ru.bsportsfan.com/table-tennis/r/12315057/ales-bayer-vs-michal-vedmoch,bsportsfan-telegram-prediction-dataset-610-1785446385942.json,bsportsfan-telegram-prediction-dataset-610-1785446385942.json,1
https://ru.bsportsfan.com/table-tennis/r/12315058/david-hons-vs-ondrej-pros,bsportsfan-telegram-prediction-dataset-610-1785446385942.json,bsportsfan-telegram-prediction-dataset-610-1785446385942.json,1
https://ru.bsportsfan.com/table-tennis/r/12315080/david-sykora-vs-filip-marat,bsportsfan-telegram-prediction-dataset-610-1785446385942.json,bsportsfan-telegram-prediction-dataset-610-1785446385942.json,1
https://ru.bsportsfan.com/table-tennis/r/12315081/zdenek-zahradka-vs-tomas-hnizdil,bsportsfan-telegram-prediction-dataset-610-1785446385942.json,bsportsfan-telegram-prediction-dataset-610-1785446385942.json,1
https://ru.bsportsfan.com/table-tennis/r/12315137/serhii-rak-vs-ruslan-lazebnyi,bsportsfan-telegram-prediction-dataset-610-1785446385942.json,bsportsfan-telegram-prediction-dataset-610-1785446385942.json,1
https://ru.bsportsfan.com/table-tennis/r/12315190/jan-ruzicka-vs-radek-fitl,bsportsfan-telegram-prediction-dataset-610-1785446385942.json,bsportsfan-telegram-prediction-dataset-610-1785446385942.json,1
https://ru.bsportsfan.com/table-tennis/r/12315384/petr-sebera-vs-michal-vondrak,bsportsfan-telegram-prediction-dataset-610-1785446385942.json,bsportsfan-telegram-prediction-dataset-610-1785446385942.json,1
https://ru.bsportsfan.com/table-tennis/r/12315386/michal-vondrak-vs-denis-hofman,bsportsfan-telegram-prediction-dataset-610-1785446385942.json,bsportsfan-telegram-prediction-dataset-610-1785446385942.json,1
https://ru.bsportsfan.com/table-tennis/r/12315388/michal-vondrak-vs-martin-sychra,bsportsfan-telegram-prediction-dataset-610-1785446385942.json,bsportsfan-telegram-prediction-dataset-610-1785446385942.json,1
https://ru.bsportsfan.com/table-tennis/r/12315397/michal-vavrecka-vs-radomir-revay,bsportsfan-telegram-prediction-dataset-610-1785446385942.json,bsportsfan-telegram-prediction-dataset-610-1785446385942.json,1
https://ru.bsportsfan.com/table-tennis/r/12315399/michal-syroha-vs-vaclav-hruska-snr,bsportsfan-telegram-prediction-dataset-610-1785446385942.json,bsportsfan-telegram-prediction-dataset-610-1785446385942.json,1
https://ru.bsportsfan.com/table-tennis/r/12315400/matyas-navedla-vs-ondrej-paril,bsportsfan-telegram-prediction-dataset-610-1785446385942.json,bsportsfan-telegram-prediction-dataset-610-1785446385942.json,1
https://ru.bsportsfan.com/table-tennis/r/12315691/petr-saleny-vs-petr-sebera,bsportsfan-telegram-prediction-dataset-610-1785446385942.json,bsportsfan-telegram-prediction-dataset-610-1785446385942.json,1
https://ru.bsportsfan.com/table-tennis/r/12315692/jakub-simecek-vs-jaroslav-schwan,bsportsfan-telegram-prediction-dataset-610-1785446385942.json,bsportsfan-telegram-prediction-dataset-610-1785446385942.json,1
https://ru.bsportsfan.com/table-tennis/r/12315693/oleksandr-kolisnyk-vs-martin-huk,bsportsfan-telegram-prediction-dataset-610-1785446385942.json,bsportsfan-telegram-prediction-dataset-610-1785446385942.json,1
https://ru.bsportsfan.com/table-tennis/r/12315694/oleksandr-kolisnyk-vs-jiri-ruzicka,bsportsfan-telegram-prediction-dataset-610-1785446385942.json,bsportsfan-telegram-prediction-dataset-610-1785446385942.json,1
https://ru.bsportsfan.com/table-tennis/r/12315695/josef-cabak-vs-radomir-vavrecka,bsportsfan-telegram-prediction-dataset-610-1785446385942.json,bsportsfan-telegram-prediction-dataset-610-1785446385942.json,1
https://ru.bsportsfan.com/table-tennis/r/12315696/martin-sychra-vs-petr-sebera,bsportsfan-telegram-prediction-dataset-610-1785446385942.json,bsportsfan-telegram-prediction-dataset-610-1785446385942.json,1
https://ru.bsportsfan.com/table-tennis/r/12315697/jan-mecl-jnr-vs-martin-huk,bsportsfan-telegram-prediction-dataset-610-1785446385942.json,bsportsfan-telegram-prediction-dataset-610-1785446385942.json,1
https://ru.bsportsfan.com/table-tennis/r/12315699/jakub-vales-vs-libor-prikasky,bsportsfan-telegram-prediction-dataset-610-1785446385942.json,bsportsfan-telegram-prediction-dataset-610-1785446385942.json,1
https://ru.bsportsfan.com/table-tennis/r/12315701/josef-cabak-vs-jaroslav-schwan,bsportsfan-telegram-prediction-dataset-610-1785446385942.json,bsportsfan-telegram-prediction-dataset-610-1785446385942.json,1
https://ru.bsportsfan.com/table-tennis/r/12315702/radomir-vavrecka-vs-jakub-simecek,bsportsfan-telegram-prediction-dataset-610-1785446385942.json,bsportsfan-telegram-prediction-dataset-610-1785446385942.json,1
https://ru.bsportsfan.com/table-tennis/r/12315703/martin-sychra-vs-michal-regner,bsportsfan-telegram-prediction-dataset-610-1785446385942.json,bsportsfan-telegram-prediction-dataset-610-1785446385942.json,1
https://ru.bsportsfan.com/table-tennis/r/12315706/jakub-vales-vs-lukas-jindrak,bsportsfan-telegram-prediction-dataset-610-1785446385942.json,bsportsfan-telegram-prediction-dataset-610-1785446385942.json,1
https://ru.bsportsfan.com/table-tennis/r/12315945/miroslav-kowolowski-vs-ivo-taichman,bsportsfan-telegram-prediction-dataset-610-1785446385942.json,bsportsfan-telegram-prediction-dataset-610-1785446385942.json,1
https://ru.bsportsfan.com/table-tennis/r/12315946/oleksandr-kolisnyk-vs-martin-huk,bsportsfan-telegram-prediction-dataset-610-1785446385942.json,bsportsfan-telegram-prediction-dataset-610-1785446385942.json,1
https://ru.bsportsfan.com/table-tennis/r/12315950/jakub-vales-vs-lukas-jindrak,bsportsfan-telegram-prediction-dataset-610-1785446385942.json,bsportsfan-telegram-prediction-dataset-610-1785446385942.json,1
https://ru.bsportsfan.com/table-tennis/r/12316031/ivo-taichman-vs-marek-blejchar,bsportsfan-telegram-prediction-dataset-610-1785446385942.json,bsportsfan-telegram-prediction-dataset-610-1785446385942.json,1
https://ru.bsportsfan.com/table-tennis/r/12316064/lukas-tonar-vs-jakub-tazler,bsportsfan-telegram-prediction-dataset-610-1785446385942.json,bsportsfan-telegram-prediction-dataset-610-1785446385942.json,1
https://ru.bsportsfan.com/table-tennis/r/12316307/radim-urbaniec-vs-michal-kratochvil,bsportsfan-telegram-prediction-dataset-610-1785446385942.json,bsportsfan-telegram-prediction-dataset-610-1785446385942.json,1
https://ru.bsportsfan.com/table-tennis/r/12316308/michal-kratochvil-vs-michal-chalupa,bsportsfan-telegram-prediction-dataset-610-1785446385942.json,bsportsfan-telegram-prediction-dataset-610-1785446385942.json,1
https://ru.bsportsfan.com/table-tennis/r/12316408/vasil-salivonchyk-vs-serhii-kryvoshyi,bsportsfan-telegram-prediction-dataset-610-1785446385942.json,bsportsfan-telegram-prediction-dataset-610-1785446385942.json,1
https://ru.bsportsfan.com/table-tennis/r/12316409/valerii-hel-vs-myhailo-styranets,bsportsfan-telegram-prediction-dataset-610-1785446385942.json,bsportsfan-telegram-prediction-dataset-610-1785446385942.json,1
https://ru.bsportsfan.com/table-tennis/r/12316413/kostiantyn-klymenko-vs-oleksandr-ovsiienko,bsportsfan-telegram-prediction-dataset-610-1785446385942.json,bsportsfan-telegram-prediction-dataset-610-1785446385942.json,1
https://ru.bsportsfan.com/table-tennis/r/12316418/yurii-zvolynskyi-vs-vasyl-matviichuk,bsportsfan-telegram-prediction-dataset-610-1785446385942.json,bsportsfan-telegram-prediction-dataset-610-1785446385942.json,1
https://ru.bsportsfan.com/table-tennis/r/12316419/sergii-skhabitskiy-vs-mykhailo-khalenko,bsportsfan-telegram-prediction-dataset-610-1785446385942.json,bsportsfan-telegram-prediction-dataset-610-1785446385942.json,1
https://ru.bsportsfan.com/table-tennis/r/12316421/hryhoriy-oliynyk-vs-valerii-hel,bsportsfan-telegram-prediction-dataset-610-1785446385942.json,bsportsfan-telegram-prediction-dataset-610-1785446385942.json,1
https://ru.bsportsfan.com/table-tennis/r/12316425/michal-chalupa-vs-daniel-tomica,bsportsfan-telegram-prediction-dataset-610-1785446385942.json,bsportsfan-telegram-prediction-dataset-610-1785446385942.json,1
https://ru.bsportsfan.com/table-tennis/r/12316426/radim-urbaniec-vs-michal-chalupa,bsportsfan-telegram-prediction-dataset-610-1785446385942.json,bsportsfan-telegram-prediction-dataset-610-1785446385942.json,1
https://ru.bsportsfan.com/table-tennis/r/12316432/serhii-maliuk-vs-serhii-miroshnychenko,bsportsfan-telegram-prediction-dataset-610-1785446385942.json,bsportsfan-telegram-prediction-dataset-610-1785446385942.json,1
https://ru.bsportsfan.com/table-tennis/r/12316434/sergii-sideltsev-vs-pavlo-shulhachyk,bsportsfan-telegram-prediction-dataset-610-1785446385942.json,bsportsfan-telegram-prediction-dataset-610-1785446385942.json,1
https://ru.bsportsfan.com/table-tennis/r/12316435/oleksandr-leonenko-vs-mykhailo-khalenko,bsportsfan-telegram-prediction-dataset-610-1785446385942.json,bsportsfan-telegram-prediction-dataset-610-1785446385942.json,1
https://ru.bsportsfan.com/table-tennis/r/12316436/mykola-pohorilyi-vs-sergii-sideltsev,bsportsfan-telegram-prediction-dataset-610-1785446385942.json,bsportsfan-telegram-prediction-dataset-610-1785446385942.json,1
https://ru.bsportsfan.com/table-tennis/r/12316437/oleh-kurylenko-vs-serhii-miroshnychenko,bsportsfan-telegram-prediction-dataset-610-1785446385942.json,bsportsfan-telegram-prediction-dataset-610-1785446385942.json,1
https://ru.bsportsfan.com/table-tennis/r/12316439/dmitro-kuzmenko-vs-serhii-maliuk,bsportsfan-telegram-prediction-dataset-610-1785446385942.json,bsportsfan-telegram-prediction-dataset-610-1785446385942.json,1
https://ru.bsportsfan.com/table-tennis/r/12316440/vladyslav-kovalchuk-vs-oleksandr-storozhenko,bsportsfan-telegram-prediction-dataset-610-1785446385942.json,bsportsfan-telegram-prediction-dataset-610-1785446385942.json,1
https://ru.bsportsfan.com/table-tennis/r/12316441/kostiantyn-klymenko-vs-oleksandr-leonenko,bsportsfan-telegram-prediction-dataset-610-1785446385942.json,bsportsfan-telegram-prediction-dataset-610-1785446385942.json,1
https://ru.bsportsfan.com/table-tennis/r/12316442/dmytro-prylepa-vs-oleh-kurylenko,bsportsfan-telegram-prediction-dataset-610-1785446385942.json,bsportsfan-telegram-prediction-dataset-610-1785446385942.json,1
https://ru.bsportsfan.com/table-tennis/r/12316455/sergii-skhabitskiy-vs-oleksandr-ovsiienko,bsportsfan-telegram-prediction-dataset-610-1785446385942.json,bsportsfan-telegram-prediction-dataset-610-1785446385942.json,1
https://ru.bsportsfan.com/table-tennis/r/12316457/orest-melnik-vs-serhii-kryvoshyi,bsportsfan-telegram-prediction-dataset-610-1785446385942.json,bsportsfan-telegram-prediction-dataset-610-1785446385942.json,1
https://ru.bsportsfan.com/table-tennis/r/12316465/yurii-zvolynskyi-vs-sergii-sideltsev,bsportsfan-telegram-prediction-dataset-610-1785446385942.json,bsportsfan-telegram-prediction-dataset-610-1785446385942.json,1
https://ru.bsportsfan.com/table-tennis/r/12316467/vasil-salivonchyk-vs-valerii-hel,bsportsfan-telegram-prediction-dataset-610-1785446385942.json,bsportsfan-telegram-prediction-dataset-610-1785446385942.json,1
https://ru.bsportsfan.com/table-tennis/r/12316473/yurii-holovatiuk-vs-rostislav-hasmanda,bsportsfan-telegram-prediction-dataset-610-1785446385942.json,bsportsfan-telegram-prediction-dataset-610-1785446385942.json,1
https://ru.bsportsfan.com/table-tennis/r/12316474/orest-melnik-vs-myhailo-styranets,bsportsfan-telegram-prediction-dataset-610-1785446385942.json,bsportsfan-telegram-prediction-dataset-610-1785446385942.json,1
https://ru.bsportsfan.com/table-tennis/r/12316479/dmytro-prylepa-vs-maksym-hubenko,bsportsfan-telegram-prediction-dataset-610-1785446385942.json,bsportsfan-telegram-prediction-dataset-610-1785446385942.json,1
https://ru.bsportsfan.com/table-tennis/r/12316482/vladyslav-kovalchuk-vs-denys-maltsev,bsportsfan-telegram-prediction-dataset-610-1785446385942.json,bsportsfan-telegram-prediction-dataset-610-1785446385942.json,1
https://ru.bsportsfan.com/table-tennis/r/12316484/spartak-abalmaz-vs-yan-krol,bsportsfan-telegram-prediction-dataset-610-1785446385942.json,bsportsfan-telegram-prediction-dataset-610-1785446385942.json,1
https://ru.bsportsfan.com/table-tennis/r/12316485/oleh-miklukha-vs-oleksandr-leonenko,bsportsfan-telegram-prediction-dataset-610-1785446385942.json,bsportsfan-telegram-prediction-dataset-610-1785446385942.json,1
https://ru.bsportsfan.com/table-tennis/r/12316486/yurii-parahailo-vs-yaroslav-tebenko,bsportsfan-telegram-prediction-dataset-610-1785446385942.json,bsportsfan-telegram-prediction-dataset-610-1785446385942.json,1
https://ru.bsportsfan.com/table-tennis/r/12316492/yaroslav-tebenko-vs-oleksii-rodin,bsportsfan-telegram-prediction-dataset-610-1785446385942.json,bsportsfan-telegram-prediction-dataset-610-1785446385942.json,1
https://ru.bsportsfan.com/table-tennis/r/12316495/oleksandr-storozhenko-vs-oleksii-rodin,bsportsfan-telegram-prediction-dataset-610-1785446385942.json,bsportsfan-telegram-prediction-dataset-610-1785446385942.json,1
https://ru.bsportsfan.com/table-tennis/r/12316497/yaroslav-tebenko-vs-denys-maltsev,bsportsfan-telegram-prediction-dataset-610-1785446385942.json,bsportsfan-telegram-prediction-dataset-610-1785446385942.json,1
https://ru.bsportsfan.com/table-tennis/r/12316636/julius-didi-vs-tomas-regner,bsportsfan-telegram-prediction-dataset-610-1785446385942.json,bsportsfan-telegram-prediction-dataset-610-1785446385942.json,1
https://ru.bsportsfan.com/table-tennis/r/12316641/libor-prikasky-vs-jakub-vales,bsportsfan-telegram-prediction-dataset-610-1785446385942.json,bsportsfan-telegram-prediction-dataset-610-1785446385942.json,1
https://ru.bsportsfan.com/table-tennis/r/12316643/radomir-revay-vs-tomas-dousek,bsportsfan-telegram-prediction-dataset-610-1785446385942.json,bsportsfan-telegram-prediction-dataset-610-1785446385942.json,1
https://ru.bsportsfan.com/table-tennis/r/12316649/zdenek-bilek-vs-tomas-kos,bsportsfan-telegram-prediction-dataset-610-1785446385942.json,bsportsfan-telegram-prediction-dataset-610-1785446385942.json,1
https://ru.bsportsfan.com/table-tennis/r/12316651/martin-sychra-vs-denis-hofman,bsportsfan-telegram-prediction-dataset-610-1785446385942.json,bsportsfan-telegram-prediction-dataset-610-1785446385942.json,1
https://ru.bsportsfan.com/table-tennis/r/12316658/oleksandr-kolisnyk-vs-michal-zahradka,bsportsfan-telegram-prediction-dataset-610-1785446385942.json,bsportsfan-telegram-prediction-dataset-610-1785446385942.json,1
https://ru.bsportsfan.com/table-tennis/r/12316662/denis-hofman-vs-jiri-louda,bsportsfan-telegram-prediction-dataset-610-1785446385942.json,bsportsfan-telegram-prediction-dataset-610-1785446385942.json,1
https://ru.bsportsfan.com/table-tennis/r/12316663/tibor-kolenic-vs-yurii-holovatiuk,bsportsfan-telegram-prediction-dataset-610-1785446385942.json,bsportsfan-telegram-prediction-dataset-610-1785446385942.json,1
https://ru.bsportsfan.com/table-tennis/r/12316671/jan-zajicek-vs-josef-medek,bsportsfan-telegram-prediction-dataset-610-1785446385942.json,bsportsfan-telegram-prediction-dataset-610-1785446385942.json,1
https://ru.bsportsfan.com/table-tennis/r/12316672/jan-framberk-vs-martin-stefek,bsportsfan-telegram-prediction-dataset-610-1785446385942.json,bsportsfan-telegram-prediction-dataset-610-1785446385942.json,1
https://ru.bsportsfan.com/table-tennis/r/12316673/martin-stefek-vs-jan-framberk,bsportsfan-telegram-prediction-dataset-610-1785446385942.json,bsportsfan-telegram-prediction-dataset-610-1785446385942.json,1
https://ru.bsportsfan.com/table-tennis/r/12316677/tomas-regner-vs-martin-stefek,bsportsfan-telegram-prediction-dataset-610-1785446385942.json,bsportsfan-telegram-prediction-dataset-610-1785446385942.json,1
https://ru.bsportsfan.com/table-tennis/r/12316681/jiri-grohsgott-vs-jiri-svec,bsportsfan-telegram-prediction-dataset-610-1785446385942.json,bsportsfan-telegram-prediction-dataset-610-1785446385942.json,1
https://ru.bsportsfan.com/table-tennis/r/12316750/vaclav-hejda-jnr-vs-martin-sulc,bsportsfan-telegram-prediction-dataset-610-1785446385942.json,bsportsfan-telegram-prediction-dataset-610-1785446385942.json,1
https://ru.bsportsfan.com/table-tennis/r/12316751/ondrej-varecka-vs-ales-langer,bsportsfan-telegram-prediction-dataset-610-1785446385942.json,bsportsfan-telegram-prediction-dataset-610-1785446385942.json,1
https://ru.bsportsfan.com/table-tennis/r/12316792/jan-marhol-vs-pavel-hala,bsportsfan-telegram-prediction-dataset-610-1785446385942.json,bsportsfan-telegram-prediction-dataset-610-1785446385942.json,1
https://ru.bsportsfan.com/table-tennis/r/12316804/patrik-sturma-vs-miroslav-dolezal,bsportsfan-telegram-prediction-dataset-610-1785446385942.json,bsportsfan-telegram-prediction-dataset-610-1785446385942.json,1
https://ru.bsportsfan.com/table-tennis/r/12316805/lukas-krupnik-jnr-vs-jiri-matus,bsportsfan-telegram-prediction-dataset-610-1785446385942.json,bsportsfan-telegram-prediction-dataset-610-1785446385942.json,1
https://ru.bsportsfan.com/table-tennis/r/12316819/jan-mares-vs-vaclav-coubal,bsportsfan-telegram-prediction-dataset-610-1785446385942.json,bsportsfan-telegram-prediction-dataset-610-1785446385942.json,1
https://ru.bsportsfan.com/table-tennis/r/12316849/marek-cizek-vs-vit-herrmann,bsportsfan-telegram-prediction-dataset-610-1785446385942.json,bsportsfan-telegram-prediction-dataset-610-1785446385942.json,1
https://ru.bsportsfan.com/table-tennis/r/12316855/vlastimil-kolar-vs-richard-wagner,bsportsfan-telegram-prediction-dataset-610-1785446385942.json,bsportsfan-telegram-prediction-dataset-610-1785446385942.json,1
https://ru.bsportsfan.com/table-tennis/r/12316856/michal-vondrak-vs-viktor-vejvoda,bsportsfan-telegram-prediction-dataset-610-1785446385942.json,bsportsfan-telegram-prediction-dataset-610-1785446385942.json,1
https://ru.bsportsfan.com/table-tennis/r/12316869/milan-fisera-vs-rostislav-hasmanda,bsportsfan-telegram-prediction-dataset-610-1785446385942.json,bsportsfan-telegram-prediction-dataset-610-1785446385942.json,1
https://ru.bsportsfan.com/table-tennis/r/12316870/petr-vicherek-vs-marek-zaskodny,bsportsfan-telegram-prediction-dataset-610-1785446385942.json,bsportsfan-telegram-prediction-dataset-610-1785446385942.json,1
https://ru.bsportsfan.com/table-tennis/r/12316871/michal-chalupa-vs-david-szotek,bsportsfan-telegram-prediction-dataset-610-1785446385942.json,bsportsfan-telegram-prediction-dataset-610-1785446385942.json,1
https://ru.bsportsfan.com/table-tennis/r/12316872/martin-jirasek-vs-radek-vosyka,bsportsfan-telegram-prediction-dataset-610-1785446385942.json,bsportsfan-telegram-prediction-dataset-610-1785446385942.json,1
https://ru.bsportsfan.com/table-tennis/r/12316881/rostislav-niezgoda-vs-david-sarganek,bsportsfan-telegram-prediction-dataset-610-1785446385942.json,bsportsfan-telegram-prediction-dataset-610-1785446385942.json,1
https://ru.bsportsfan.com/table-tennis/r/12316889/lukas-tonar-vs-jakub-tazler,bsportsfan-telegram-prediction-dataset-610-1785446385942.json,bsportsfan-telegram-prediction-dataset-610-1785446385942.json,1
https://ru.bsportsfan.com/table-tennis/r/12316900/marcel-cmil-vs-jakub-mejzlik,bsportsfan-telegram-prediction-dataset-610-1785446385942.json,bsportsfan-telegram-prediction-dataset-610-1785446385942.json,1
https://ru.bsportsfan.com/table-tennis/r/12316915/richard-skacelik-vs-adrian-walek,bsportsfan-telegram-prediction-dataset-610-1785446385942.json,bsportsfan-telegram-prediction-dataset-610-1785446385942.json,1
https://ru.bsportsfan.com/table-tennis/r/12316917/martin-boltik-vs-tomas-barsa,bsportsfan-telegram-prediction-dataset-610-1785446385942.json,bsportsfan-telegram-prediction-dataset-610-1785446385942.json,1
https://ru.bsportsfan.com/table-tennis/r/12316930/jan-skvrna-vs-dominik-pawlik,bsportsfan-telegram-prediction-dataset-610-1785446385942.json,bsportsfan-telegram-prediction-dataset-610-1785446385942.json,1
https://ru.bsportsfan.com/table-tennis/r/12316931/jan-pribyl-vs-michal-macurak,bsportsfan-telegram-prediction-dataset-610-1785446385942.json,bsportsfan-telegram-prediction-dataset-610-1785446385942.json,1
https://ru.bsportsfan.com/table-tennis/r/12316932/tomas-molin-vs-vladislav-reska,bsportsfan-telegram-prediction-dataset-610-1785446385942.json,bsportsfan-telegram-prediction-dataset-610-1785446385942.json,1
https://ru.bsportsfan.com/table-tennis/r/12316933/pavel-benes-vs-michal-prochazka,bsportsfan-telegram-prediction-dataset-610-1785446385942.json,bsportsfan-telegram-prediction-dataset-610-1785446385942.json,1
https://ru.bsportsfan.com/table-tennis/r/12316934/michal-brozek-vs-david-vesecky,bsportsfan-telegram-prediction-dataset-610-1785446385942.json,bsportsfan-telegram-prediction-dataset-610-1785446385942.json,1
https://ru.bsportsfan.com/table-tennis/r/12316943/frantisek-dvorak-vs-jan-osmera,bsportsfan-telegram-prediction-dataset-610-1785446385942.json,bsportsfan-telegram-prediction-dataset-610-1785446385942.json,1
https://ru.bsportsfan.com/table-tennis/r/12316944/pavel-benes-vs-michal-brozek,bsportsfan-telegram-prediction-dataset-610-1785446385942.json,bsportsfan-telegram-prediction-dataset-610-1785446385942.json,1
https://ru.bsportsfan.com/table-tennis/r/12316950/tomas-trnka-vs-jan-muska,bsportsfan-telegram-prediction-dataset-610-1785446385942.json,bsportsfan-telegram-prediction-dataset-610-1785446385942.json,1
https://ru.bsportsfan.com/table-tennis/r/12316954/lukas-dzida-vs-laurent-lasota,bsportsfan-telegram-prediction-dataset-610-1785446385942.json,bsportsfan-telegram-prediction-dataset-610-1785446385942.json,1
https://ru.bsportsfan.com/table-tennis/r/12316955/frantisek-dvorak-vs-simon-holik,bsportsfan-telegram-prediction-dataset-610-1785446385942.json,bsportsfan-telegram-prediction-dataset-610-1785446385942.json,1
https://ru.bsportsfan.com/table-tennis/r/12316958/bruno-mrowetz-vs-tomas-lysek,bsportsfan-telegram-prediction-dataset-610-1785446385942.json,bsportsfan-telegram-prediction-dataset-610-1785446385942.json,1
https://ru.bsportsfan.com/table-tennis/r/12316959/jan-skvrna-vs-jan-pribyl,bsportsfan-telegram-prediction-dataset-610-1785446385942.json,bsportsfan-telegram-prediction-dataset-610-1785446385942.json,1
https://ru.bsportsfan.com/table-tennis/r/12316960/ondrej-varecka-vs-martin-sulc,bsportsfan-telegram-prediction-dataset-610-1785446385942.json,bsportsfan-telegram-prediction-dataset-610-1785446385942.json,1
https://ru.bsportsfan.com/table-tennis/r/12316962/lukas-kantor-vs-michal-raska,bsportsfan-telegram-prediction-dataset-610-1785446385942.json,bsportsfan-telegram-prediction-dataset-610-1785446385942.json,1
https://ru.bsportsfan.com/table-tennis/r/12316963/ondrej-varecka-vs-vaclav-hejda-jnr,bsportsfan-telegram-prediction-dataset-610-1785446385942.json,bsportsfan-telegram-prediction-dataset-610-1785446385942.json,1
https://ru.bsportsfan.com/table-tennis/r/12316968/michal-macurak-vs-dominik-pawlik,bsportsfan-telegram-prediction-dataset-610-1785446385942.json,bsportsfan-telegram-prediction-dataset-610-1785446385942.json,1
https://ru.bsportsfan.com/table-tennis/r/12316970/ales-langer-vs-vaclav-hejda-jnr,bsportsfan-telegram-prediction-dataset-610-1785446385942.json,bsportsfan-telegram-prediction-dataset-610-1785446385942.json,1
https://ru.bsportsfan.com/table-tennis/r/12316971/tomas-lysek-vs-lukas-kantor,bsportsfan-telegram-prediction-dataset-610-1785446385942.json,bsportsfan-telegram-prediction-dataset-610-1785446385942.json,1
https://ru.bsportsfan.com/table-tennis/r/12316973/bruno-mrowetz-vs-michal-raska,bsportsfan-telegram-prediction-dataset-610-1785446385942.json,bsportsfan-telegram-prediction-dataset-610-1785446385942.json,1
https://ru.bsportsfan.com/table-tennis/r/12316974/david-vesecky-vs-michal-prochazka,bsportsfan-telegram-prediction-dataset-610-1785446385942.json,bsportsfan-telegram-prediction-dataset-610-1785446385942.json,1
https://ru.bsportsfan.com/table-tennis/r/12316975/martin-mastera-vs-jan-muska,bsportsfan-telegram-prediction-dataset-610-1785446385942.json,bsportsfan-telegram-prediction-dataset-610-1785446385942.json,1
https://ru.bsportsfan.com/table-tennis/r/12316981/michal-prochazka-vs-michal-brozek,bsportsfan-telegram-prediction-dataset-610-1785446385942.json,bsportsfan-telegram-prediction-dataset-610-1785446385942.json,1
https://ru.bsportsfan.com/table-tennis/r/12316984/radim-urbaniec-vs-michal-kratochvil,bsportsfan-telegram-prediction-dataset-610-1785446385942.json,bsportsfan-telegram-prediction-dataset-610-1785446385942.json,1
https://ru.bsportsfan.com/table-tennis/r/12316989/mihail-trinta-vs-frantisek-briza,bsportsfan-telegram-prediction-dataset-610-1785446385942.json,bsportsfan-telegram-prediction-dataset-610-1785446385942.json,1
https://ru.bsportsfan.com/table-tennis/r/12317034/serhii-balabei-vs-serhii-kushnirenko,bsportsfan-telegram-prediction-dataset-610-1785446385942.json,bsportsfan-telegram-prediction-dataset-610-1785446385942.json,1
https://ru.bsportsfan.com/table-tennis/r/12317036/ondrej-mezera-vs-jan-krames-snr,bsportsfan-telegram-prediction-dataset-610-1785446385942.json,bsportsfan-telegram-prediction-dataset-610-1785446385942.json,1
https://ru.bsportsfan.com/table-tennis/r/12317039/oleksandr-bondarchuk-vs-oleksandr-ivchuk,bsportsfan-telegram-prediction-dataset-610-1785446385942.json,bsportsfan-telegram-prediction-dataset-610-1785446385942.json,1
https://ru.bsportsfan.com/table-tennis/r/12317040/ihor-torhachov-vs-roman-boklah,bsportsfan-telegram-prediction-dataset-610-1785446385942.json,bsportsfan-telegram-prediction-dataset-610-1785446385942.json,1
https://ru.bsportsfan.com/table-tennis/r/12317041/jan-krames-snr-vs-lukas-veigl,bsportsfan-telegram-prediction-dataset-610-1785446385942.json,bsportsfan-telegram-prediction-dataset-610-1785446385942.json,1
https://ru.bsportsfan.com/table-tennis/r/12317042/jan-marhol-vs-martin-vorel,bsportsfan-telegram-prediction-dataset-610-1785446385942.json,bsportsfan-telegram-prediction-dataset-610-1785446385942.json,1
https://ru.bsportsfan.com/table-tennis/r/12317046/leon-kolman-vs-matej-svitac,bsportsfan-telegram-prediction-dataset-610-1785446385942.json,bsportsfan-telegram-prediction-dataset-610-1785446385942.json,1
https://ru.bsportsfan.com/table-tennis/r/12317047/yurii-leymanovsky-vs-vladyslav-mishchenko,bsportsfan-telegram-prediction-dataset-610-1785446385942.json,bsportsfan-telegram-prediction-dataset-610-1785446385942.json,1
https://ru.bsportsfan.com/table-tennis/r/12317049/serhii-maksymiv-vs-andrii-romanenko,bsportsfan-telegram-prediction-dataset-610-1785446385942.json,bsportsfan-telegram-prediction-dataset-610-1785446385942.json,1
https://ru.bsportsfan.com/table-tennis/r/12317050/andrii-romanenko-vs-oleksandr-pohonov,bsportsfan-telegram-prediction-dataset-610-1785446385942.json,bsportsfan-telegram-prediction-dataset-610-1785446385942.json,1
https://ru.bsportsfan.com/table-tennis/r/12317051/anatolii-kovalenko-vs-oleksandr-osadchyi,bsportsfan-telegram-prediction-dataset-610-1785446385942.json,bsportsfan-telegram-prediction-dataset-610-1785446385942.json,1
https://ru.bsportsfan.com/table-tennis/r/12317056/andrii-lifanov-vs-yevhen-bielokon,bsportsfan-telegram-prediction-dataset-610-1785446385942.json,bsportsfan-telegram-prediction-dataset-610-1785446385942.json,1
https://ru.bsportsfan.com/table-tennis/r/12317057/ondrej-mezera-vs-lukas-veigl,bsportsfan-telegram-prediction-dataset-610-1785446385942.json,bsportsfan-telegram-prediction-dataset-610-1785446385942.json,1
https://ru.bsportsfan.com/table-tennis/r/12317058/yevhen-bielokon-vs-ivan-elfemov,bsportsfan-telegram-prediction-dataset-610-1785446385942.json,bsportsfan-telegram-prediction-dataset-610-1785446385942.json,1
https://ru.bsportsfan.com/table-tennis/r/12317059/frantisek-schmidtmayer-vs-karel-farsky,bsportsfan-telegram-prediction-dataset-610-1785446385942.json,bsportsfan-telegram-prediction-dataset-610-1785446385942.json,1
https://ru.bsportsfan.com/table-tennis/r/12317060/dmytro-khairov-vs-oleksandr-osadchyi,bsportsfan-telegram-prediction-dataset-610-1785446385942.json,bsportsfan-telegram-prediction-dataset-610-1785446385942.json,1
https://ru.bsportsfan.com/table-tennis/r/12317062/matus-zelinka-vs-lukas-adam,bsportsfan-telegram-prediction-dataset-610-1785446385942.json,bsportsfan-telegram-prediction-dataset-610-1785446385942.json,1
https://ru.bsportsfan.com/table-tennis/r/12317063/serhii-maksymiv-vs-bohdan-chaikovskyi,bsportsfan-telegram-prediction-dataset-610-1785446385942.json,bsportsfan-telegram-prediction-dataset-610-1785446385942.json,1
https://ru.bsportsfan.com/table-tennis/r/12317065/serhii-maksymiv-vs-ihor-sukovatyi,bsportsfan-telegram-prediction-dataset-610-1785446385942.json,bsportsfan-telegram-prediction-dataset-610-1785446385942.json,1
https://ru.bsportsfan.com/table-tennis/r/12317066/lukas-veigl-vs-michal-makara,bsportsfan-telegram-prediction-dataset-610-1785446385942.json,bsportsfan-telegram-prediction-dataset-610-1785446385942.json,1
https://ru.bsportsfan.com/table-tennis/r/12317067/serhii-balabei-vs-serhii-ponomarenko,bsportsfan-telegram-prediction-dataset-610-1785446385942.json,bsportsfan-telegram-prediction-dataset-610-1785446385942.json,1
https://ru.bsportsfan.com/table-tennis/r/12317068/dmytro-neborak-vs-oleksandr-bondarchuk,bsportsfan-telegram-prediction-dataset-610-1785446385942.json,bsportsfan-telegram-prediction-dataset-610-1785446385942.json,1
https://ru.bsportsfan.com/table-tennis/r/12317071/andrii-lifanov-vs-mykhailo-skliar,bsportsfan-telegram-prediction-dataset-610-1785446385942.json,bsportsfan-telegram-prediction-dataset-610-1785446385942.json,1
https://ru.bsportsfan.com/table-tennis/r/12317074/roman-konkulovskyi-vs-andrii-romanenko,bsportsfan-telegram-prediction-dataset-610-1785446385942.json,bsportsfan-telegram-prediction-dataset-610-1785446385942.json,1
https://ru.bsportsfan.com/table-tennis/r/12317075/andrii-fastov-vs-roman-boklah,bsportsfan-telegram-prediction-dataset-610-1785446385942.json,bsportsfan-telegram-prediction-dataset-610-1785446385942.json,1
https://ru.bsportsfan.com/table-tennis/r/12317078/mykyta-zinov-vs-vitalii-s-marushchak,bsportsfan-telegram-prediction-dataset-610-1785446385942.json,bsportsfan-telegram-prediction-dataset-610-1785446385942.json,1
https://ru.bsportsfan.com/table-tennis/r/12317079/lukas-rulc-vs-michal-makara,bsportsfan-telegram-prediction-dataset-610-1785446385942.json,bsportsfan-telegram-prediction-dataset-610-1785446385942.json,1
https://ru.bsportsfan.com/table-tennis/r/12317080/mykola-treshchetka-vs-oleh-maksymkiv,bsportsfan-telegram-prediction-dataset-610-1785446385942.json,bsportsfan-telegram-prediction-dataset-610-1785446385942.json,1
https://ru.bsportsfan.com/table-tennis/r/12317082/michal-stibor-vs-lukas-veigl,bsportsfan-telegram-prediction-dataset-610-1785446385942.json,bsportsfan-telegram-prediction-dataset-610-1785446385942.json,1
https://ru.bsportsfan.com/table-tennis/r/12317083/dmytro-khairov-vs-serhii-solomko,bsportsfan-telegram-prediction-dataset-610-1785446385942.json,bsportsfan-telegram-prediction-dataset-610-1785446385942.json,1
https://ru.bsportsfan.com/table-tennis/r/12317085/dmytro-kryshtal-vs-serhii-kushnirenko,bsportsfan-telegram-prediction-dataset-610-1785446385942.json,bsportsfan-telegram-prediction-dataset-610-1785446385942.json,1
https://ru.bsportsfan.com/table-tennis/r/12317086/vitalii-ananiev-vs-ihor-torhachov,bsportsfan-telegram-prediction-dataset-610-1785446385942.json,bsportsfan-telegram-prediction-dataset-610-1785446385942.json,1
https://ru.bsportsfan.com/table-tennis/r/12317088/anatolii-kovalenko-vs-serhii-solomko,bsportsfan-telegram-prediction-dataset-610-1785446385942.json,bsportsfan-telegram-prediction-dataset-610-1785446385942.json,1
https://ru.bsportsfan.com/table-tennis/r/12317091/oleksandr-shkurupii-vs-oleksandr-bondarchuk,bsportsfan-telegram-prediction-dataset-610-1785446385942.json,bsportsfan-telegram-prediction-dataset-610-1785446385942.json,1
https://ru.bsportsfan.com/table-tennis/r/12317092/oleksandr-maslovskyi-vs-danylo-kasian,bsportsfan-telegram-prediction-dataset-610-1785446385942.json,bsportsfan-telegram-prediction-dataset-610-1785446385942.json,1
https://ru.bsportsfan.com/table-tennis/r/12317096/oleg-varlamov-vs-evhenii-hrytsenko,bsportsfan-telegram-prediction-dataset-610-1785446385942.json,bsportsfan-telegram-prediction-dataset-610-1785446385942.json,1
https://ru.bsportsfan.com/table-tennis/r/12317097/vitalii-ananiev-vs-serhii-priadko,bsportsfan-telegram-prediction-dataset-610-1785446385942.json,bsportsfan-telegram-prediction-dataset-610-1785446385942.json,1
https://ru.bsportsfan.com/table-tennis/r/12317098/dmytro-belanchyk-vs-danylo-kasian,bsportsfan-telegram-prediction-dataset-610-1785446385942.json,bsportsfan-telegram-prediction-dataset-610-1785446385942.json,1
https://ru.bsportsfan.com/table-tennis/r/12317101/michal-stibor-vs-lukas-rulc,bsportsfan-telegram-prediction-dataset-610-1785446385942.json,bsportsfan-telegram-prediction-dataset-610-1785446385942.json,1
https://ru.bsportsfan.com/table-tennis/r/12317103/roman-konkulovskyi-vs-oleksandr-pohonov,bsportsfan-telegram-prediction-dataset-610-1785446385942.json,bsportsfan-telegram-prediction-dataset-610-1785446385942.json,1
https://ru.bsportsfan.com/table-tennis/r/12317105/vojtech-toman-vs-ladislav-hendrych,bsportsfan-telegram-prediction-dataset-610-1785446385942.json,bsportsfan-telegram-prediction-dataset-610-1785446385942.json,1
https://ru.bsportsfan.com/table-tennis/r/12317107/lukas-adam-vs-ladislav-dobias,bsportsfan-telegram-prediction-dataset-610-1785446385942.json,bsportsfan-telegram-prediction-dataset-610-1785446385942.json,1
https://ru.bsportsfan.com/table-tennis/r/12317110/dmytro-kryshtal-vs-roman-horokh,bsportsfan-telegram-prediction-dataset-610-1785446385942.json,bsportsfan-telegram-prediction-dataset-610-1785446385942.json,1
https://ru.bsportsfan.com/table-tennis/r/12317112/lukas-heinzl-vs-ladislav-dobias,bsportsfan-telegram-prediction-dataset-610-1785446385942.json,bsportsfan-telegram-prediction-dataset-610-1785446385942.json,1
https://ru.bsportsfan.com/table-tennis/r/12317118/serhii-kushnirenko-vs-serhii-ponomarenko,bsportsfan-telegram-prediction-dataset-610-1785446385942.json,bsportsfan-telegram-prediction-dataset-610-1785446385942.json,1
https://ru.bsportsfan.com/table-tennis/r/12317119/oleksandr-shkurupii-vs-illia-hermakivskyi,bsportsfan-telegram-prediction-dataset-610-1785446385942.json,bsportsfan-telegram-prediction-dataset-610-1785446385942.json,1
https://ru.bsportsfan.com/table-tennis/r/12317120/dmytro-belanchyk-vs-oleh-maksymkiv,bsportsfan-telegram-prediction-dataset-610-1785446385942.json,bsportsfan-telegram-prediction-dataset-610-1785446385942.json,1
https://ru.bsportsfan.com/table-tennis/r/12317121/ivan-elfemov-vs-vitalii-sydorenko,bsportsfan-telegram-prediction-dataset-610-1785446385942.json,bsportsfan-telegram-prediction-dataset-610-1785446385942.json,1
https://ru.bsportsfan.com/table-tennis/r/12317122/oleksandr-maslovskyi-vs-dmytro-belanchyk,bsportsfan-telegram-prediction-dataset-610-1785446385942.json,bsportsfan-telegram-prediction-dataset-610-1785446385942.json,1
https://ru.bsportsfan.com/table-tennis/r/12317123/andrii-fastov-vs-serhii-priadko,bsportsfan-telegram-prediction-dataset-610-1785446385942.json,bsportsfan-telegram-prediction-dataset-610-1785446385942.json,1
https://ru.bsportsfan.com/table-tennis/r/12317125/evhenii-hrytsenko-vs-volodymyr-maksiuta,bsportsfan-telegram-prediction-dataset-610-1785446385942.json,bsportsfan-telegram-prediction-dataset-610-1785446385942.json,1
https://ru.bsportsfan.com/table-tennis/r/12317126/viktor-sharpai-vs-andrii-lifanov,bsportsfan-telegram-prediction-dataset-610-1785446385942.json,bsportsfan-telegram-prediction-dataset-610-1785446385942.json,1
https://ru.bsportsfan.com/table-tennis/r/12317133/artem-yurkov-vs-andrii-hrabskyi,bsportsfan-telegram-prediction-dataset-610-1785446385942.json,bsportsfan-telegram-prediction-dataset-610-1785446385942.json,1
https://ru.bsportsfan.com/table-tennis/r/12317134/oleksandr-bondarchuk-vs-illia-hermakivskyi,bsportsfan-telegram-prediction-dataset-610-1785446385942.json,bsportsfan-telegram-prediction-dataset-610-1785446385942.json,1
https://ru.bsportsfan.com/table-tennis/r/12317135/ihor-emets-vs-anatolii-kovalenko,bsportsfan-telegram-prediction-dataset-610-1785446385942.json,bsportsfan-telegram-prediction-dataset-610-1785446385942.json,1
https://ru.bsportsfan.com/table-tennis/r/12317137/mykola-treshchetka-vs-dmytro-belanchyk,bsportsfan-telegram-prediction-dataset-610-1785446385942.json,bsportsfan-telegram-prediction-dataset-610-1785446385942.json,1
https://ru.bsportsfan.com/table-tennis/r/12317139/volodymyr-maksiuta-vs-maksym-deineha,bsportsfan-telegram-prediction-dataset-610-1785446385942.json,bsportsfan-telegram-prediction-dataset-610-1785446385942.json,1
https://ru.bsportsfan.com/table-tennis/r/12317142/vitalii-s-marushchak-vs-artem-yurkov,bsportsfan-telegram-prediction-dataset-610-1785446385942.json,bsportsfan-telegram-prediction-dataset-610-1785446385942.json,1
https://ru.bsportsfan.com/table-tennis/r/12317144/andrii-lifanov-vs-ivan-elfemov,bsportsfan-telegram-prediction-dataset-610-1785446385942.json,bsportsfan-telegram-prediction-dataset-610-1785446385942.json,1
https://ru.bsportsfan.com/table-tennis/r/12317145/ihor-sukovatyi-vs-oleksandr-pohonov,bsportsfan-telegram-prediction-dataset-610-1785446385942.json,bsportsfan-telegram-prediction-dataset-610-1785446385942.json,1
https://ru.bsportsfan.com/table-tennis/r/12317147/ihor-torhachov-vs-serhii-priadko,bsportsfan-telegram-prediction-dataset-610-1785446385942.json,bsportsfan-telegram-prediction-dataset-610-1785446385942.json,1
https://ru.bsportsfan.com/table-tennis/r/12317148/viktor-sharpai-vs-mykhailo-skliar,bsportsfan-telegram-prediction-dataset-610-1785446385942.json,bsportsfan-telegram-prediction-dataset-610-1785446385942.json,1
https://ru.bsportsfan.com/table-tennis/r/12317149/ondrej-mezera-vs-stepan-rejent,bsportsfan-telegram-prediction-dataset-610-1785446385942.json,bsportsfan-telegram-prediction-dataset-610-1785446385942.json,1
https://ru.bsportsfan.com/table-tennis/r/12317151/oleg-varlamov-vs-volodymyr-maksiuta,bsportsfan-telegram-prediction-dataset-610-1785446385942.json,bsportsfan-telegram-prediction-dataset-610-1785446385942.json,1
https://ru.bsportsfan.com/table-tennis/r/12317153/oleksandr-maslovskyi-vs-oleh-maksymkiv,bsportsfan-telegram-prediction-dataset-610-1785446385942.json,bsportsfan-telegram-prediction-dataset-610-1785446385942.json,1
https://ru.bsportsfan.com/table-tennis/r/12317154/oleksandr-zhyrnov-vs-evhenii-hrytsenko,bsportsfan-telegram-prediction-dataset-610-1785446385942.json,bsportsfan-telegram-prediction-dataset-610-1785446385942.json,1
https://ru.bsportsfan.com/table-tennis/r/12317159/evhenii-hrytsenko-vs-maksym-deineha,bsportsfan-telegram-prediction-dataset-610-1785446385942.json,bsportsfan-telegram-prediction-dataset-610-1785446385942.json,1
https://ru.bsportsfan.com/table-tennis/r/12317161/vitalii-s-marushchak-vs-andrii-hrabskyi,bsportsfan-telegram-prediction-dataset-610-1785446385942.json,bsportsfan-telegram-prediction-dataset-610-1785446385942.json,1
https://ru.bsportsfan.com/table-tennis/r/12317162/eduard-populovskyi-vs-dmytro-khairov,bsportsfan-telegram-prediction-dataset-610-1785446385942.json,bsportsfan-telegram-prediction-dataset-610-1785446385942.json,1
https://ru.bsportsfan.com/table-tennis/r/12317164/andrii-fastov-vs-ihor-torhachov,bsportsfan-telegram-prediction-dataset-610-1785446385942.json,bsportsfan-telegram-prediction-dataset-610-1785446385942.json,1
https://ru.bsportsfan.com/table-tennis/r/12317166/mykyta-zinov-vs-artem-yurkov,bsportsfan-telegram-prediction-dataset-610-1785446385942.json,bsportsfan-telegram-prediction-dataset-610-1785446385942.json,1
https://ru.bsportsfan.com/table-tennis/r/12317167/bohdan-chaikovskyi-vs-roman-konkulovskyi,bsportsfan-telegram-prediction-dataset-610-1785446385942.json,bsportsfan-telegram-prediction-dataset-610-1785446385942.json,1
https://ru.bsportsfan.com/table-tennis/r/12317169/eduard-populovskyi-vs-oleksandr-osadchyi,bsportsfan-telegram-prediction-dataset-610-1785446385942.json,bsportsfan-telegram-prediction-dataset-610-1785446385942.json,1
https://ru.bsportsfan.com/table-tennis/r/12317173/dmytro-kryshtal-vs-serhii-ponomarenko,bsportsfan-telegram-prediction-dataset-610-1785446385942.json,bsportsfan-telegram-prediction-dataset-610-1785446385942.json,1
https://ru.bsportsfan.com/table-tennis/r/12317174/oleksandr-shkurupii-vs-oleksandr-ivchuk,bsportsfan-telegram-prediction-dataset-610-1785446385942.json,bsportsfan-telegram-prediction-dataset-610-1785446385942.json,1
https://ru.bsportsfan.com/table-tennis/r/12317175/mykhailo-skliar-vs-vitalii-sydorenko,bsportsfan-telegram-prediction-dataset-610-1785446385942.json,bsportsfan-telegram-prediction-dataset-610-1785446385942.json,1
https://ru.bsportsfan.com/table-tennis/r/12317180/jachym-juppa-vs-martin-melisek,bsportsfan-telegram-prediction-dataset-610-1785446385942.json,bsportsfan-telegram-prediction-dataset-610-1785446385942.json,1
https://ru.bsportsfan.com/table-tennis/r/12317181/dmytro-neborak-vs-illia-hermakivskyi,bsportsfan-telegram-prediction-dataset-610-1785446385942.json,bsportsfan-telegram-prediction-dataset-610-1785446385942.json,1
https://ru.bsportsfan.com/table-tennis/r/12317182/oleksandr-zhyrnov-vs-daniil-habrelyan,bsportsfan-telegram-prediction-dataset-610-1785446385942.json,bsportsfan-telegram-prediction-dataset-610-1785446385942.json,1
https://ru.bsportsfan.com/table-tennis/r/12317184/vladyslav-mishchenko-vs-andrii-hrabskyi,bsportsfan-telegram-prediction-dataset-610-1785446385942.json,bsportsfan-telegram-prediction-dataset-610-1785446385942.json,1
https://ru.bsportsfan.com/table-tennis/r/12317186/vladyslav-mishchenko-vs-vitalii-s-marushchak,bsportsfan-telegram-prediction-dataset-610-1785446385942.json,bsportsfan-telegram-prediction-dataset-610-1785446385942.json,1
https://ru.bsportsfan.com/table-tennis/r/12317195/serhii-kushnirenko-vs-roman-horokh,bsportsfan-telegram-prediction-dataset-610-1785446385942.json,bsportsfan-telegram-prediction-dataset-610-1785446385942.json,1
https://ru.bsportsfan.com/table-tennis/r/12317197/vojtech-toman-vs-karel-farsky,bsportsfan-telegram-prediction-dataset-610-1785446385942.json,bsportsfan-telegram-prediction-dataset-610-1785446385942.json,1
https://ru.bsportsfan.com/table-tennis/r/12317201/petr-maly-vs-tadeas-bertho,bsportsfan-telegram-prediction-dataset-610-1785446385942.json,bsportsfan-telegram-prediction-dataset-610-1785446385942.json,1
https://ru.bsportsfan.com/table-tennis/r/12317202/oleg-varlamov-vs-maksym-deineha,bsportsfan-telegram-prediction-dataset-610-1785446385942.json,bsportsfan-telegram-prediction-dataset-610-1785446385942.json,1
https://ru.bsportsfan.com/table-tennis/r/12317205/matus-zelinka-vs-lukas-heinzl,bsportsfan-telegram-prediction-dataset-610-1785446385942.json,bsportsfan-telegram-prediction-dataset-610-1785446385942.json,1
https://ru.bsportsfan.com/table-tennis/r/12317208/martin-vana-vs-adam-radkovsky,bsportsfan-telegram-prediction-dataset-610-1785446385942.json,bsportsfan-telegram-prediction-dataset-610-1785446385942.json,1
https://ru.bsportsfan.com/table-tennis/r/12317209/oleksandr-melashenko-vs-dmytro-derevynskyi,bsportsfan-telegram-prediction-dataset-610-1785446385942.json,bsportsfan-telegram-prediction-dataset-610-1785446385942.json,1
https://ru.bsportsfan.com/table-tennis/r/12317217/anton-yakovenko-vs-dmytro-kim,bsportsfan-telegram-prediction-dataset-610-1785446385942.json,bsportsfan-telegram-prediction-dataset-610-1785446385942.json,1
https://ru.bsportsfan.com/table-tennis/r/12317221/dominik-marasek-vs-pavel-oplt,bsportsfan-telegram-prediction-dataset-610-1785446385942.json,bsportsfan-telegram-prediction-dataset-610-1785446385942.json,1
https://ru.bsportsfan.com/table-tennis/r/12317225/mykyta-smyrnov-vs-serhii-berezynskyi,bsportsfan-telegram-prediction-dataset-610-1785446385942.json,bsportsfan-telegram-prediction-dataset-610-1785446385942.json,1
https://ru.bsportsfan.com/table-tennis/r/12317239/petr-maly-vs-jan-botka,bsportsfan-telegram-prediction-dataset-610-1785446385942.json,bsportsfan-telegram-prediction-dataset-610-1785446385942.json,1
https://ru.bsportsfan.com/table-tennis/r/12317240/frantisek-schmidtmayer-vs-ladislav-hendrych,bsportsfan-telegram-prediction-dataset-610-1785446385942.json,bsportsfan-telegram-prediction-dataset-610-1785446385942.json,1
https://ru.bsportsfan.com/table-tennis/r/12317241/yaroslav-stepanchuk-vs-kostiantyn-hrynenko,bsportsfan-telegram-prediction-dataset-610-1785446385942.json,bsportsfan-telegram-prediction-dataset-610-1785446385942.json,1
https://ru.bsportsfan.com/table-tennis/r/12317244/pavlo-ishchyk-vs-serhii-khandetskyi,bsportsfan-telegram-prediction-dataset-610-1785446385942.json,bsportsfan-telegram-prediction-dataset-610-1785446385942.json,1
https://ru.bsportsfan.com/table-tennis/r/12317251/marek-cizek-vs-jan-botka,bsportsfan-telegram-prediction-dataset-610-1785446385942.json,bsportsfan-telegram-prediction-dataset-610-1785446385942.json,1
https://ru.bsportsfan.com/table-tennis/r/12317253/valerii-vlasenko-vs-anton-shypilov,bsportsfan-telegram-prediction-dataset-610-1785446385942.json,bsportsfan-telegram-prediction-dataset-610-1785446385942.json,1
https://ru.bsportsfan.com/table-tennis/r/12317254/martin-vana-vs-pavel-oplt,bsportsfan-telegram-prediction-dataset-610-1785446385942.json,bsportsfan-telegram-prediction-dataset-610-1785446385942.json,1
https://ru.bsportsfan.com/table-tennis/r/12317256/serhii-khandetskyi-vs-kostiantyn-hrynenko,bsportsfan-telegram-prediction-dataset-610-1785446385942.json,bsportsfan-telegram-prediction-dataset-610-1785446385942.json,1
https://ru.bsportsfan.com/table-tennis/r/12317257/yaroslav-stepanchuk-vs-dmytro-derevynskyi,bsportsfan-telegram-prediction-dataset-610-1785446385942.json,bsportsfan-telegram-prediction-dataset-610-1785446385942.json,1
https://ru.bsportsfan.com/table-tennis/r/12317258/frantisek-schmidtmayer-vs-vojtech-toman,bsportsfan-telegram-prediction-dataset-610-1785446385942.json,bsportsfan-telegram-prediction-dataset-610-1785446385942.json,1
https://ru.bsportsfan.com/table-tennis/r/12317262/oleksandr-melashenko-vs-serhii-khandetskyi,bsportsfan-telegram-prediction-dataset-610-1785446385942.json,bsportsfan-telegram-prediction-dataset-610-1785446385942.json,1
https://ru.bsportsfan.com/table-tennis/r/12317278/oleksandr-melashenko-vs-kostiantyn-hrynenko,bsportsfan-telegram-prediction-dataset-610-1785446385942.json,bsportsfan-telegram-prediction-dataset-610-1785446385942.json,1
https://ru.bsportsfan.com/table-tennis/r/12317281/yaroslav-stepanchuk-vs-pavlo-ishchyk,bsportsfan-telegram-prediction-dataset-610-1785446385942.json,bsportsfan-telegram-prediction-dataset-610-1785446385942.json,1
https://ru.bsportsfan.com/table-tennis/r/12317282/ales-krcil-vs-zbynek-vyskocil,bsportsfan-telegram-prediction-dataset-610-1785446385942.json,bsportsfan-telegram-prediction-dataset-610-1785446385942.json,1
https://ru.bsportsfan.com/table-tennis/r/12317296/martin-stusek-vs-ondrej-kadavy,bsportsfan-telegram-prediction-dataset-610-1785446385942.json,bsportsfan-telegram-prediction-dataset-610-1785446385942.json,1
https://ru.bsportsfan.com/table-tennis/r/12317316/o-volo-kovalchuk-vs-oleksandr-mishchenko,bsportsfan-telegram-prediction-dataset-610-1785446385942.json,bsportsfan-telegram-prediction-dataset-610-1785446385942.json,1
https://ru.bsportsfan.com/table-tennis/r/12317429/sebastian-kasnik-vs-lukas-kern,bsportsfan-telegram-prediction-dataset-610-1785446385942.json,bsportsfan-telegram-prediction-dataset-610-1785446385942.json,1
https://ru.bsportsfan.com/table-tennis/r/12317485/lukas-kern-vs-roman-hudeczek,bsportsfan-telegram-prediction-dataset-610-1785446385942.json,bsportsfan-telegram-prediction-dataset-610-1785446385942.json,1
https://ru.bsportsfan.com/table-tennis/r/12318780/ivan-jemelka-vs-richard-jancak,bsportsfan-telegram-prediction-dataset-610-1785446385942.json,bsportsfan-telegram-prediction-dataset-610-1785446385942.json,1
https://ru.bsportsfan.com/table-tennis/r/12318781/jaroslav-sindler-vs-patrik-sturma,bsportsfan-telegram-prediction-dataset-610-1785446385942.json,bsportsfan-telegram-prediction-dataset-610-1785446385942.json,1
https://ru.bsportsfan.com/table-tennis/r/12318804/dominik-lengal-vs-martin-mastera,bsportsfan-telegram-prediction-dataset-610-1785446385942.json,bsportsfan-telegram-prediction-dataset-610-1785446385942.json,1
https://ru.bsportsfan.com/table-tennis/r/12318805/filip-karel-vs-tomas-beran-2000,bsportsfan-telegram-prediction-dataset-610-1785446385942.json,bsportsfan-telegram-prediction-dataset-610-1785446385942.json,1
https://ru.bsportsfan.com/table-tennis/r/12318810/jonas-rak-vs-adam-vitasek,bsportsfan-telegram-prediction-dataset-610-1785446385942.json,bsportsfan-telegram-prediction-dataset-610-1785446385942.json,1
https://ru.bsportsfan.com/table-tennis/r/12318811/filip-sikora-vs-jan-gembala,bsportsfan-telegram-prediction-dataset-610-1785446385942.json,bsportsfan-telegram-prediction-dataset-610-1785446385942.json,1
https://ru.bsportsfan.com/table-tennis/r/12318840/pavel-kulhanek-vs-ladislav-havel-1956,bsportsfan-telegram-prediction-dataset-610-1785446385942.json,bsportsfan-telegram-prediction-dataset-610-1785446385942.json,1
https://ru.bsportsfan.com/table-tennis/r/12318867/lukas-adam-vs-matus-zelinka,bsportsfan-telegram-prediction-dataset-610-1785446385942.json,bsportsfan-telegram-prediction-dataset-610-1785446385942.json,1
https://ru.bsportsfan.com/table-tennis/r/12318880/filip-theodor-vs-vojtech-molin,bsportsfan-telegram-prediction-dataset-610-1785446385942.json,bsportsfan-telegram-prediction-dataset-610-1785446385942.json,1
https://ru.bsportsfan.com/table-tennis/r/12318883/martin-chmelicek-vs-jan-kabelka,bsportsfan-telegram-prediction-dataset-610-1785446385942.json,bsportsfan-telegram-prediction-dataset-610-1785446385942.json,1
https://ru.bsportsfan.com/table-tennis/r/12318887/jakub-rolik-vs-lukas-vich,bsportsfan-telegram-prediction-dataset-610-1785446385942.json,bsportsfan-telegram-prediction-dataset-610-1785446385942.json,1
https://ru.bsportsfan.com/table-tennis/r/12318888/jan-vidourek-vs-patrik-klusacek,bsportsfan-telegram-prediction-dataset-610-1785446385942.json,bsportsfan-telegram-prediction-dataset-610-1785446385942.json,1
https://ru.bsportsfan.com/table-tennis/r/12318893/martin-biolek-vs-jan-dzida,bsportsfan-telegram-prediction-dataset-610-1785446385942.json,bsportsfan-telegram-prediction-dataset-610-1785446385942.json,1
https://ru.bsportsfan.com/table-tennis/r/12318898/lukas-veigl-vs-michal-stibor,bsportsfan-telegram-prediction-dataset-610-1785446385942.json,bsportsfan-telegram-prediction-dataset-610-1785446385942.json,1
https://ru.bsportsfan.com/table-tennis/r/12318924/tomas-lysek-vs-lukas-kantor,bsportsfan-telegram-prediction-dataset-610-1785446385942.json,bsportsfan-telegram-prediction-dataset-610-1785446385942.json,1
https://ru.bsportsfan.com/table-tennis/r/12318927/dominik-pawlik-vs-jan-skvrna,bsportsfan-telegram-prediction-dataset-610-1785446385942.json,bsportsfan-telegram-prediction-dataset-610-1785446385942.json,1
https://ru.bsportsfan.com/table-tennis/r/12318956/ladislav-dobias-vs-lukas-heinzl,bsportsfan-telegram-prediction-dataset-610-1785446385942.json,bsportsfan-telegram-prediction-dataset-610-1785446385942.json,1
https://ru.bsportsfan.com/table-tennis/r/12318961/michael-sedlacek-vs-jan-szotkowski,bsportsfan-telegram-prediction-dataset-610-1785446385942.json,bsportsfan-telegram-prediction-dataset-610-1785446385942.json,1
https://ru.bsportsfan.com/table-tennis/r/12318963/milan-dvorak-vs-david-sykora,bsportsfan-telegram-prediction-dataset-610-1785446385942.json,bsportsfan-telegram-prediction-dataset-610-1785446385942.json,1
https://ru.bsportsfan.com/table-tennis/r/12318979/lukas-jindrak-vs-libor-prikasky,bsportsfan-telegram-prediction-dataset-610-1785446385942.json,bsportsfan-telegram-prediction-dataset-610-1785446385942.json,1
https://ru.bsportsfan.com/table-tennis/r/12318980/michal-regner-vs-martin-sychra,bsportsfan-telegram-prediction-dataset-610-1785446385942.json,bsportsfan-telegram-prediction-dataset-610-1785446385942.json,1
https://ru.bsportsfan.com/table-tennis/r/12318982/michal-makara-vs-lukas-rulc,bsportsfan-telegram-prediction-dataset-610-1785446385942.json,bsportsfan-telegram-prediction-dataset-610-1785446385942.json,1
https://ru.bsportsfan.com/table-tennis/r/12318983/matyas-navedla-vs-ondrej-paril,bsportsfan-telegram-prediction-dataset-610-1785446385942.json,bsportsfan-telegram-prediction-dataset-610-1785446385942.json,1
https://ru.bsportsfan.com/table-tennis/r/12318994/filip-mandrysz-vs-lukas-krupnik-jnr,bsportsfan-telegram-prediction-dataset-610-1785446385942.json,bsportsfan-telegram-prediction-dataset-610-1785446385942.json,1
https://ru.bsportsfan.com/table-tennis/r/12319003/jiri-zuzanek-vs-jakub-tazler,bsportsfan-telegram-prediction-dataset-610-1785446385942.json,bsportsfan-telegram-prediction-dataset-610-1785446385942.json,1
https://ru.bsportsfan.com/table-tennis/r/12319060/milan-chalupnicek-vs-jiri-svec,bsportsfan-telegram-prediction-dataset-610-1785446385942.json,bsportsfan-telegram-prediction-dataset-610-1785446385942.json,1
https://ru.bsportsfan.com/table-tennis/r/12319096/milan-dvorak-vs-jiri-cerny,bsportsfan-telegram-prediction-dataset-610-1785446385942.json,bsportsfan-telegram-prediction-dataset-610-1785446385942.json,1
https://ru.bsportsfan.com/table-tennis/r/12319119/karel-zeman-vs-vojtech-molin,bsportsfan-telegram-prediction-dataset-610-1785446385942.json,bsportsfan-telegram-prediction-dataset-610-1785446385942.json,1
https://ru.bsportsfan.com/table-tennis/r/12319121/michal-brozek-vs-david-vesecky,bsportsfan-telegram-prediction-dataset-610-1785446385942.json,bsportsfan-telegram-prediction-dataset-610-1785446385942.json,1
https://ru.bsportsfan.com/table-tennis/r/12319122/patrik-sturma-vs-filip-mandrysz,bsportsfan-telegram-prediction-dataset-610-1785446385942.json,bsportsfan-telegram-prediction-dataset-610-1785446385942.json,1
https://ru.bsportsfan.com/table-tennis/r/12319124/marek-kulisek-vs-david-vesecky,bsportsfan-telegram-prediction-dataset-610-1785446385942.json,bsportsfan-telegram-prediction-dataset-610-1785446385942.json,1
https://ru.bsportsfan.com/table-tennis/r/12319146/filip-karel-vs-martin-mastera,bsportsfan-telegram-prediction-dataset-610-1785446385942.json,bsportsfan-telegram-prediction-dataset-610-1785446385942.json,1
https://ru.bsportsfan.com/table-tennis/r/12319148/karel-zeman-vs-jiri-vanous,bsportsfan-telegram-prediction-dataset-610-1785446385942.json,bsportsfan-telegram-prediction-dataset-610-1785446385942.json,1
https://ru.bsportsfan.com/table-tennis/r/12319184/lukas-krupnik-jnr-vs-patrik-sturma,bsportsfan-telegram-prediction-dataset-610-1785446385942.json,bsportsfan-telegram-prediction-dataset-610-1785446385942.json,1
https://ru.bsportsfan.com/table-tennis/r/12319218/jan-gembala-vs-jonas-rak,bsportsfan-telegram-prediction-dataset-610-1785446385942.json,bsportsfan-telegram-prediction-dataset-610-1785446385942.json,1
https://ru.bsportsfan.com/table-tennis/r/12319227/ivan-jemelka-vs-patrik-sturma,bsportsfan-telegram-prediction-dataset-610-1785446385942.json,bsportsfan-telegram-prediction-dataset-610-1785446385942.json,1
https://ru.bsportsfan.com/table-tennis/r/12319262/david-bochnak-vs-marek-kulisek,bsportsfan-telegram-prediction-dataset-610-1785446385942.json,bsportsfan-telegram-prediction-dataset-610-1785446385942.json,1
https://ru.bsportsfan.com/table-tennis/r/12319274/denis-hofman-vs-martin-sychra,bsportsfan-telegram-prediction-dataset-610-1785446385942.json,bsportsfan-telegram-prediction-dataset-610-1785446385942.json,1
https://ru.bsportsfan.com/table-tennis/r/12319275/jakub-tazler-vs-denis-hofman,bsportsfan-telegram-prediction-dataset-610-1785446385942.json,bsportsfan-telegram-prediction-dataset-610-1785446385942.json,1
https://ru.bsportsfan.com/table-tennis/r/12319277/petr-sebera-vs-denis-hofman,bsportsfan-telegram-prediction-dataset-610-1785446385942.json,bsportsfan-telegram-prediction-dataset-610-1785446385942.json,1
https://ru.bsportsfan.com/table-tennis/r/12319278/jiri-zuzanek-vs-denis-hofman,bsportsfan-telegram-prediction-dataset-610-1785446385942.json,bsportsfan-telegram-prediction-dataset-610-1785446385942.json,1
https://ru.bsportsfan.com/table-tennis/r/12319280/denis-hofman-vs-petr-sebera,bsportsfan-telegram-prediction-dataset-610-1785446385942.json,bsportsfan-telegram-prediction-dataset-610-1785446385942.json,1
https://ru.bsportsfan.com/table-tennis/r/12319284/denis-hofman-vs-mark-robin-wagner,bsportsfan-telegram-prediction-dataset-610-1785446385942.json,bsportsfan-telegram-prediction-dataset-610-1785446385942.json,1
https://ru.bsportsfan.com/table-tennis/r/12319288/jan-szotkowski-vs-michal-vavrecka,bsportsfan-telegram-prediction-dataset-610-1785446385942.json,bsportsfan-telegram-prediction-dataset-610-1785446385942.json,1
https://ru.bsportsfan.com/table-tennis/r/12319289/tomas-dousek-vs-michal-vavrecka,bsportsfan-telegram-prediction-dataset-610-1785446385942.json,bsportsfan-telegram-prediction-dataset-610-1785446385942.json,1
https://ru.bsportsfan.com/table-tennis/r/12319291/jan-szotkowski-vs-tomas-dousek,bsportsfan-telegram-prediction-dataset-610-1785446385942.json,bsportsfan-telegram-prediction-dataset-610-1785446385942.json,1
https://ru.bsportsfan.com/table-tennis/r/12319357/radomir-revay-vs-radovan-polasek,bsportsfan-telegram-prediction-dataset-610-1785446385942.json,bsportsfan-telegram-prediction-dataset-610-1785446385942.json,1
https://ru.bsportsfan.com/table-tennis/r/12319358/tadeas-zika-vs-radomir-revay,bsportsfan-telegram-prediction-dataset-610-1785446385942.json,bsportsfan-telegram-prediction-dataset-610-1785446385942.json,1
https://ru.bsportsfan.com/table-tennis/r/12319359/radomir-revay-vs-michal-cabis,bsportsfan-telegram-prediction-dataset-610-1785446385942.json,bsportsfan-telegram-prediction-dataset-610-1785446385942.json,1
https://ru.bsportsfan.com/table-tennis/r/12320163/martin-melisek-vs-jachym-juppa,bsportsfan-telegram-prediction-dataset-610-1785446385942.json,bsportsfan-telegram-prediction-dataset-610-1785446385942.json,1
https://ru.bsportsfan.com/table-tennis/r/12320173/erik-mares-vs-pavel-gireth,bsportsfan-telegram-prediction-dataset-610-1785446385942.json,bsportsfan-telegram-prediction-dataset-610-1785446385942.json,1
https://ru.bsportsfan.com/table-tennis/r/12320197/david-horak-vs-tibor-kolenic,bsportsfan-telegram-prediction-dataset-610-1785446385942.json,bsportsfan-telegram-prediction-dataset-610-1785446385942.json,1
https://ru.bsportsfan.com/table-tennis/r/12320204/jan-mecl-jnr-vs-jan-kanera,bsportsfan-telegram-prediction-dataset-610-1785446385942.json,bsportsfan-telegram-prediction-dataset-610-1785446385942.json,1
https://ru.bsportsfan.com/table-tennis/r/12320276/matej-svitac-vs-leon-kolman,bsportsfan-telegram-prediction-dataset-610-1785446385942.json,bsportsfan-telegram-prediction-dataset-610-1785446385942.json,1
https://ru.bsportsfan.com/table-tennis/r/12320304/jiri-ruzicka-vs-jan-mecl-jnr,bsportsfan-telegram-prediction-dataset-610-1785446385942.json,bsportsfan-telegram-prediction-dataset-610-1785446385942.json,1
https://ru.bsportsfan.com/table-tennis/r/12320305/oleksandr-kolisnyk-vs-martin-huk,bsportsfan-telegram-prediction-dataset-610-1785446385942.json,bsportsfan-telegram-prediction-dataset-610-1785446385942.json,1
https://ru.bsportsfan.com/table-tennis/r/12320306/ivo-taichman-vs-miroslav-kowolowski,bsportsfan-telegram-prediction-dataset-610-1785446385942.json,bsportsfan-telegram-prediction-dataset-610-1785446385942.json,1
https://ru.bsportsfan.com/table-tennis/r/12320323/marek-blejchar-vs-vojtech-cerny,bsportsfan-telegram-prediction-dataset-610-1785446385942.json,bsportsfan-telegram-prediction-dataset-610-1785446385942.json,1
https://ru.bsportsfan.com/table-tennis/r/12320324/tadeas-zika-vs-tomas-dousek,bsportsfan-telegram-prediction-dataset-610-1785446385942.json,bsportsfan-telegram-prediction-dataset-610-1785446385942.json,1
https://ru.bsportsfan.com/table-tennis/r/12320326/martin-sychra-vs-michal-vondrak,bsportsfan-telegram-prediction-dataset-610-1785446385942.json,bsportsfan-telegram-prediction-dataset-610-1785446385942.json,1
https://ru.bsportsfan.com/table-tennis/r/12320327/jakub-vales-vs-libor-prikasky,bsportsfan-telegram-prediction-dataset-610-1785446385942.json,bsportsfan-telegram-prediction-dataset-610-1785446385942.json,1
https://ru.bsportsfan.com/table-tennis/r/12320341/oleh-plyska-vs-martin-vorel,bsportsfan-telegram-prediction-dataset-610-1785446385942.json,bsportsfan-telegram-prediction-dataset-610-1785446385942.json,1
https://ru.bsportsfan.com/table-tennis/r/12320349/martin-mastera-vs-jan-muska,bsportsfan-telegram-prediction-dataset-610-1785446385942.json,bsportsfan-telegram-prediction-dataset-610-1785446385942.json,1
https://ru.bsportsfan.com/table-tennis/r/12320350/lukas-dzida-vs-vladislav-reska,bsportsfan-telegram-prediction-dataset-610-1785446385942.json,bsportsfan-telegram-prediction-dataset-610-1785446385942.json,1
https://ru.bsportsfan.com/table-tennis/r/12320391/tomas-rein-vs-jan-osmera,bsportsfan-telegram-prediction-dataset-610-1785446385942.json,bsportsfan-telegram-prediction-dataset-610-1785446385942.json,1
https://ru.bsportsfan.com/table-tennis/r/12320421/lukas-jindrak-vs-erik-mares,bsportsfan-telegram-prediction-dataset-610-1785446385942.json,bsportsfan-telegram-prediction-dataset-610-1785446385942.json,1
https://ru.bsportsfan.com/table-tennis/r/12320427/denis-hofman-vs-petr-saleny,bsportsfan-telegram-prediction-dataset-610-1785446385942.json,bsportsfan-telegram-prediction-dataset-610-1785446385942.json,1
https://ru.bsportsfan.com/table-tennis/r/12320428/michal-vavrecka-vs-radomir-revay,bsportsfan-telegram-prediction-dataset-610-1785446385942.json,bsportsfan-telegram-prediction-dataset-610-1785446385942.json,1
https://ru.bsportsfan.com/table-tennis/r/12320488/tomas-trnka-vs-jakub-joksch,bsportsfan-telegram-prediction-dataset-610-1785446385942.json,bsportsfan-telegram-prediction-dataset-610-1785446385942.json,1
https://ru.bsportsfan.com/table-tennis/r/12320504/simon-holik-vs-frantisek-dvorak,bsportsfan-telegram-prediction-dataset-610-1785446385942.json,bsportsfan-telegram-prediction-dataset-610-1785446385942.json,1
https://ru.bsportsfan.com/table-tennis/r/12320551/david-vesecky-vs-pavel-benes,bsportsfan-telegram-prediction-dataset-610-1785446385942.json,bsportsfan-telegram-prediction-dataset-610-1785446385942.json,1
https://ru.bsportsfan.com/table-tennis/r/12320552/michal-prochazka-vs-michal-brozek,bsportsfan-telegram-prediction-dataset-610-1785446385942.json,bsportsfan-telegram-prediction-dataset-610-1785446385942.json,1
https://ru.bsportsfan.com/table-tennis/r/12320567/rostislav-hasmanda-vs-david-horak,bsportsfan-telegram-prediction-dataset-610-1785446385942.json,bsportsfan-telegram-prediction-dataset-610-1785446385942.json,1
https://ru.bsportsfan.com/table-tennis/r/12320589/radim-urbaniec-vs-martin-skotnica,bsportsfan-telegram-prediction-dataset-610-1785446385942.json,bsportsfan-telegram-prediction-dataset-610-1785446385942.json,1
https://ru.bsportsfan.com/table-tennis/r/12320591/jakub-pilch-vs-radim-urbaniec,bsportsfan-telegram-prediction-dataset-610-1785446385942.json,bsportsfan-telegram-prediction-dataset-610-1785446385942.json,1
https://ru.bsportsfan.com/table-tennis/r/12320728/ladislav-havel-1956-vs-julius-didi,bsportsfan-telegram-prediction-dataset-610-1785446385942.json,bsportsfan-telegram-prediction-dataset-610-1785446385942.json,1
https://ru.bsportsfan.com/table-tennis/r/12320800/martin-skotnica-vs-matej-grundel,bsportsfan-telegram-prediction-dataset-610-1785446385942.json,bsportsfan-telegram-prediction-dataset-610-1785446385942.json,1
https://ru.bsportsfan.com/table-tennis/r/12320810/martin-huk-vs-ales-barton,bsportsfan-telegram-prediction-dataset-610-1785446385942.json,bsportsfan-telegram-prediction-dataset-610-1785446385942.json,1
https://ru.bsportsfan.com/table-tennis/r/12320813/tadeas-zika-vs-martin-biolek,bsportsfan-telegram-prediction-dataset-610-1785446385942.json,bsportsfan-telegram-prediction-dataset-610-1785446385942.json,1
https://ru.bsportsfan.com/table-tennis/r/12320815/jakub-vales-vs-erik-mares,bsportsfan-telegram-prediction-dataset-610-1785446385942.json,bsportsfan-telegram-prediction-dataset-610-1785446385942.json,1
https://ru.bsportsfan.com/table-tennis/r/12320816/jiri-svec-vs-ludek-madle,bsportsfan-telegram-prediction-dataset-610-1785446385942.json,bsportsfan-telegram-prediction-dataset-610-1785446385942.json,1
https://ru.bsportsfan.com/table-tennis/r/12320822/petr-sebera-vs-jiri-zuzanek,bsportsfan-telegram-prediction-dataset-610-1785446385942.json,bsportsfan-telegram-prediction-dataset-610-1785446385942.json,1
https://ru.bsportsfan.com/table-tennis/r/12320824/michal-cabis-vs-radovan-polasek,bsportsfan-telegram-prediction-dataset-610-1785446385942.json,bsportsfan-telegram-prediction-dataset-610-1785446385942.json,1
https://ru.bsportsfan.com/table-tennis/r/12320825/jan-szotkowski-vs-tadeas-zika,bsportsfan-telegram-prediction-dataset-610-1785446385942.json,bsportsfan-telegram-prediction-dataset-610-1785446385942.json,1
https://ru.bsportsfan.com/table-tennis/r/12320827/martin-skotnica-vs-jakub-pilch,bsportsfan-telegram-prediction-dataset-610-1785446385942.json,bsportsfan-telegram-prediction-dataset-610-1785446385942.json,1
https://ru.bsportsfan.com/table-tennis/r/12320840/martin-sychra-vs-mark-robin-wagner,bsportsfan-telegram-prediction-dataset-610-1785446385942.json,bsportsfan-telegram-prediction-dataset-610-1785446385942.json,1
https://ru.bsportsfan.com/table-tennis/r/12320851/michal-regner-vs-martin-sychra,bsportsfan-telegram-prediction-dataset-610-1785446385942.json,bsportsfan-telegram-prediction-dataset-610-1785446385942.json,1
https://ru.bsportsfan.com/table-tennis/r/12320873/matyas-navedla-vs-radovan-polasek,bsportsfan-telegram-prediction-dataset-610-1785446385942.json,bsportsfan-telegram-prediction-dataset-610-1785446385942.json,1
https://ru.bsportsfan.com/table-tennis/r/12320880/jan-mecl-jnr-vs-martin-huk,bsportsfan-telegram-prediction-dataset-610-1785446385942.json,bsportsfan-telegram-prediction-dataset-610-1785446385942.json,1
https://ru.bsportsfan.com/table-tennis/r/12320881/ales-barton-vs-jan-mecl-jnr,bsportsfan-telegram-prediction-dataset-610-1785446385942.json,bsportsfan-telegram-prediction-dataset-610-1785446385942.json,1
https://ru.bsportsfan.com/table-tennis/r/12320886/matej-grundel-vs-jakub-pilch,bsportsfan-telegram-prediction-dataset-610-1785446385942.json,bsportsfan-telegram-prediction-dataset-610-1785446385942.json,1
https://ru.bsportsfan.com/table-tennis/r/12320890/milan-regner-vs-jan-pleskot,bsportsfan-telegram-prediction-dataset-610-1785446385942.json,bsportsfan-telegram-prediction-dataset-610-1785446385942.json,1
https://ru.bsportsfan.com/table-tennis/r/12320903/jan-kanera-vs-martin-huk,bsportsfan-telegram-prediction-dataset-610-1785446385942.json,bsportsfan-telegram-prediction-dataset-610-1785446385942.json,1
https://ru.bsportsfan.com/table-tennis/r/12320939/jan-dzida-vs-jan-szotkowski,bsportsfan-telegram-prediction-dataset-610-1785446385942.json,bsportsfan-telegram-prediction-dataset-610-1785446385942.json,1
https://ru.bsportsfan.com/table-tennis/r/12321402/julius-didi-vs-jan-framberk,bsportsfan-telegram-prediction-dataset-610-1785446385942.json,bsportsfan-telegram-prediction-dataset-610-1785446385942.json,1
https://ru.bsportsfan.com/table-tennis/r/12321422/martin-mastera-vs-dominik-lengal,bsportsfan-telegram-prediction-dataset-610-1785446385942.json,bsportsfan-telegram-prediction-dataset-610-1785446385942.json,1
https://ru.bsportsfan.com/table-tennis/r/12321424/jiri-louda-vs-petr-sebera,bsportsfan-telegram-prediction-dataset-610-1785446385942.json,bsportsfan-telegram-prediction-dataset-610-1785446385942.json,1
https://ru.bsportsfan.com/table-tennis/r/12321426/yurii-holovatiuk-vs-rostislav-hasmanda,bsportsfan-telegram-prediction-dataset-610-1785446385942.json,bsportsfan-telegram-prediction-dataset-610-1785446385942.json,1
https://ru.bsportsfan.com/table-tennis/r/12321586/milan-dvorak-vs-jan-hendrych,bsportsfan-telegram-prediction-dataset-610-1785446385942.json,bsportsfan-telegram-prediction-dataset-610-1785446385942.json,1
https://ru.bsportsfan.com/table-tennis/r/12321588/daniel-tomica-vs-michal-kratochvil,bsportsfan-telegram-prediction-dataset-610-1785446385942.json,bsportsfan-telegram-prediction-dataset-610-1785446385942.json,1
https://ru.bsportsfan.com/table-tennis/r/12321589/roman-hudeczek-vs-marek-holub,bsportsfan-telegram-prediction-dataset-610-1785446385942.json,bsportsfan-telegram-prediction-dataset-610-1785446385942.json,1
https://ru.bsportsfan.com/table-tennis/r/12321625/oleh-maksymkiv-vs-danylo-kasian,bsportsfan-telegram-prediction-dataset-610-1785446385942.json,bsportsfan-telegram-prediction-dataset-610-1785446385942.json,1
https://ru.bsportsfan.com/table-tennis/r/12321630/danylo-kasian-vs-oleksandr-maslovskyi,bsportsfan-telegram-prediction-dataset-610-1785446385942.json,bsportsfan-telegram-prediction-dataset-610-1785446385942.json,1
https://ru.bsportsfan.com/table-tennis/r/12321645/serhii-miroshnychenko-vs-serhii-maliuk,bsportsfan-telegram-prediction-dataset-610-1785446385942.json,bsportsfan-telegram-prediction-dataset-610-1785446385942.json,1
https://ru.bsportsfan.com/table-tennis/r/12321653/oleksandr-ziakun-vs-oleksandr-syksa,bsportsfan-telegram-prediction-dataset-610-1785446385942.json,bsportsfan-telegram-prediction-dataset-610-1785446385942.json,1
https://ru.bsportsfan.com/table-tennis/r/12321660/oleksandr-ziakun-vs-serhii-miroshnychenko,bsportsfan-telegram-prediction-dataset-610-1785446385942.json,bsportsfan-telegram-prediction-dataset-610-1785446385942.json,1
https://ru.bsportsfan.com/table-tennis/r/12321661/oleksandr-syksa-vs-serhii-maliuk,bsportsfan-telegram-prediction-dataset-610-1785446385942.json,bsportsfan-telegram-prediction-dataset-610-1785446385942.json,1
https://ru.bsportsfan.com/table-tennis/r/12321663/mykola-treshchetka-vs-viktor-ivanytskyi,bsportsfan-telegram-prediction-dataset-610-1785446385942.json,bsportsfan-telegram-prediction-dataset-610-1785446385942.json,1
https://ru.bsportsfan.com/table-tennis/r/12321666/mykola-treshchetka-vs-dmytro-belanchyk,bsportsfan-telegram-prediction-dataset-610-1785446385942.json,bsportsfan-telegram-prediction-dataset-610-1785446385942.json,1
https://ru.bsportsfan.com/table-tennis/r/12321674/dmitro-kuzmenko-vs-serhii-maliuk,bsportsfan-telegram-prediction-dataset-610-1785446385942.json,bsportsfan-telegram-prediction-dataset-610-1785446385942.json,1
https://ru.bsportsfan.com/table-tennis/r/12321676/serhii-ponomarenko-vs-dmytro-kryshtal,bsportsfan-telegram-prediction-dataset-610-1785446385942.json,bsportsfan-telegram-prediction-dataset-610-1785446385942.json,1
https://ru.bsportsfan.com/table-tennis/r/12321683/oleksandr-maslovskyi-vs-danylo-kasian,bsportsfan-telegram-prediction-dataset-610-1785446385942.json,bsportsfan-telegram-prediction-dataset-610-1785446385942.json,1
https://ru.bsportsfan.com/table-tennis/r/12321684/mykola-treshchetka-vs-oleksandr-maslovskyi,bsportsfan-telegram-prediction-dataset-610-1785446385942.json,bsportsfan-telegram-prediction-dataset-610-1785446385942.json,1
https://ru.bsportsfan.com/table-tennis/r/12321689/dmytro-neborak-vs-oleksandr-shkurupii,bsportsfan-telegram-prediction-dataset-610-1785446385942.json,bsportsfan-telegram-prediction-dataset-610-1785446385942.json,1
https://ru.bsportsfan.com/table-tennis/r/12321690/ihor-torhachov-vs-vitalii-ananiev,bsportsfan-telegram-prediction-dataset-610-1785446385942.json,bsportsfan-telegram-prediction-dataset-610-1785446385942.json,1
https://ru.bsportsfan.com/table-tennis/r/12321716/dmytro-belanchyk-vs-danylo-kasian,bsportsfan-telegram-prediction-dataset-610-1785446385942.json,bsportsfan-telegram-prediction-dataset-610-1785446385942.json,1
https://ru.bsportsfan.com/table-tennis/r/12321763/david-bochnak-vs-david-vesecky,bsportsfan-telegram-prediction-dataset-610-1785446385942.json,bsportsfan-telegram-prediction-dataset-610-1785446385942.json,1
https://ru.bsportsfan.com/table-tennis/r/12321764/marek-kulisek-vs-michal-brozek,bsportsfan-telegram-prediction-dataset-610-1785446385942.json,bsportsfan-telegram-prediction-dataset-610-1785446385942.json,1
https://ru.bsportsfan.com/table-tennis/r/12322534/jiri-babinek-vs-tomas-trnka,bsportsfan-telegram-prediction-dataset-610-1785446385942.json,bsportsfan-telegram-prediction-dataset-610-1785446385942.json,1
https://ru.bsportsfan.com/table-tennis/r/12322566/jan-muska-vs-radek-vosyka,bsportsfan-telegram-prediction-dataset-610-1785446385942.json,bsportsfan-telegram-prediction-dataset-610-1785446385942.json,1
https://ru.bsportsfan.com/table-tennis/r/12322636/jan-srnka-vs-tomas-hnizdil,bsportsfan-telegram-prediction-dataset-610-1785446385942.json,bsportsfan-telegram-prediction-dataset-610-1785446385942.json,1
https://ru.bsportsfan.com/table-tennis/r/12322646/jaroslav-sindler-vs-richard-jancak,bsportsfan-telegram-prediction-dataset-610-1785446385942.json,bsportsfan-telegram-prediction-dataset-610-1785446385942.json,1
https://ru.bsportsfan.com/table-tennis/r/12322671/zdenek-zahradka-vs-adam-kral,bsportsfan-telegram-prediction-dataset-610-1785446385942.json,bsportsfan-telegram-prediction-dataset-610-1785446385942.json,1
https://ru.bsportsfan.com/table-tennis/r/12323092/nazar-danyliuk-vs-vadym-hryban,bsportsfan-telegram-prediction-dataset-610-1785446385942.json,bsportsfan-telegram-prediction-dataset-610-1785446385942.json,1
https://ru.bsportsfan.com/table-tennis/r/12323095/evzen-ondracek-vs-josef-hanacek,bsportsfan-telegram-prediction-dataset-610-1785446385942.json,bsportsfan-telegram-prediction-dataset-610-1785446385942.json,1
https://ru.bsportsfan.com/table-tennis/r/12323098/andrii-zeniuk-vs-vasyl-verbianyi,bsportsfan-telegram-prediction-dataset-610-1785446385942.json,bsportsfan-telegram-prediction-dataset-610-1785446385942.json,1
https://ru.bsportsfan.com/table-tennis/r/12323103/andrii-vasylets-vs-maksym-hubenko,bsportsfan-telegram-prediction-dataset-610-1785446385942.json,bsportsfan-telegram-prediction-dataset-610-1785446385942.json,1
https://ru.bsportsfan.com/table-tennis/r/12323108/andrii-lifanov-vs-denys-boltnekov,bsportsfan-telegram-prediction-dataset-610-1785446385942.json,bsportsfan-telegram-prediction-dataset-610-1785446385942.json,1
https://ru.bsportsfan.com/table-tennis/r/12323109/maksym-badai-vs-maksym-hubenko,bsportsfan-telegram-prediction-dataset-610-1785446385942.json,bsportsfan-telegram-prediction-dataset-610-1785446385942.json,1
https://ru.bsportsfan.com/table-tennis/r/12323111/oleksandr-zhyrnov-vs-evhenii-hrytsenko,bsportsfan-telegram-prediction-dataset-610-1785446385942.json,bsportsfan-telegram-prediction-dataset-610-1785446385942.json,1
https://ru.bsportsfan.com/table-tennis/r/12323114/andrii-lifanov-vs-ivan-elfemov,bsportsfan-telegram-prediction-dataset-610-1785446385942.json,bsportsfan-telegram-prediction-dataset-610-1785446385942.json,1
https://ru.bsportsfan.com/table-tennis/r/12323115/vladyslav-stukalov-vs-vasyl-kondratenko,bsportsfan-telegram-prediction-dataset-610-1785446385942.json,bsportsfan-telegram-prediction-dataset-610-1785446385942.json,1
https://ru.bsportsfan.com/table-tennis/r/12323116/oleksandr-mytsyk-vs-vladyslav-stukalov,bsportsfan-telegram-prediction-dataset-610-1785446385942.json,bsportsfan-telegram-prediction-dataset-610-1785446385942.json,1
https://ru.bsportsfan.com/table-tennis/r/12323119/yehor-riadynskyi-vs-ruslan-khripun,bsportsfan-telegram-prediction-dataset-610-1785446385942.json,bsportsfan-telegram-prediction-dataset-610-1785446385942.json,1
https://ru.bsportsfan.com/table-tennis/r/12323122/mykhailo-sokur-vs-yevhenii-holoborodko,bsportsfan-telegram-prediction-dataset-610-1785446385942.json,bsportsfan-telegram-prediction-dataset-610-1785446385942.json,1
https://ru.bsportsfan.com/table-tennis/r/12323123/pavel-oplt-vs-martin-melisek,bsportsfan-telegram-prediction-dataset-610-1785446385942.json,bsportsfan-telegram-prediction-dataset-610-1785446385942.json,1
https://ru.bsportsfan.com/table-tennis/r/12323125/ladislav-dobias-vs-ondrej-kaderabek,bsportsfan-telegram-prediction-dataset-610-1785446385942.json,bsportsfan-telegram-prediction-dataset-610-1785446385942.json,1
https://ru.bsportsfan.com/table-tennis/r/12323128/radovan-debnar-vs-ladislav-dobias,bsportsfan-telegram-prediction-dataset-610-1785446385942.json,bsportsfan-telegram-prediction-dataset-610-1785446385942.json,1
https://ru.bsportsfan.com/table-tennis/r/12323129/oleksandr-mytsyk-vs-oleksandr-leonenko,bsportsfan-telegram-prediction-dataset-610-1785446385942.json,bsportsfan-telegram-prediction-dataset-610-1785446385942.json,1
https://ru.bsportsfan.com/table-tennis/r/12323132/vasyl-verbianyi-vs-anton-molochko,bsportsfan-telegram-prediction-dataset-610-1785446385942.json,bsportsfan-telegram-prediction-dataset-610-1785446385942.json,1
https://ru.bsportsfan.com/table-tennis/r/12323133/dmytro-kryshtal-vs-serhii-kiilo,bsportsfan-telegram-prediction-dataset-610-1785446385942.json,bsportsfan-telegram-prediction-dataset-610-1785446385942.json,1
https://ru.bsportsfan.com/table-tennis/r/12323138/anatolii-nazarov-vs-anatolii-levshyn,bsportsfan-telegram-prediction-dataset-610-1785446385942.json,bsportsfan-telegram-prediction-dataset-610-1785446385942.json,1
https://ru.bsportsfan.com/table-tennis/r/12323140/oleksandr-zhyrnov-vs-yevhenii-holoborodko,bsportsfan-telegram-prediction-dataset-610-1785446385942.json,bsportsfan-telegram-prediction-dataset-610-1785446385942.json,1
https://ru.bsportsfan.com/table-tennis/r/12323143/viacheslav-kovalenko-vs-eduard-rubtsov,bsportsfan-telegram-prediction-dataset-610-1785446385942.json,bsportsfan-telegram-prediction-dataset-610-1785446385942.json,1
https://ru.bsportsfan.com/table-tennis/r/12323144/miroslav-vana-vs-adam-dvoracek,bsportsfan-telegram-prediction-dataset-610-1785446385942.json,bsportsfan-telegram-prediction-dataset-610-1785446385942.json,1
https://ru.bsportsfan.com/table-tennis/r/12323145/jan-blazek-vs-marian-melisek,bsportsfan-telegram-prediction-dataset-610-1785446385942.json,bsportsfan-telegram-prediction-dataset-610-1785446385942.json,1
https://ru.bsportsfan.com/table-tennis/r/12323146/bohdan-kohut-vs-anton-molochko,bsportsfan-telegram-prediction-dataset-610-1785446385942.json,bsportsfan-telegram-prediction-dataset-610-1785446385942.json,1
https://ru.bsportsfan.com/table-tennis/r/12323149/adam-radkovsky-vs-martin-melisek,bsportsfan-telegram-prediction-dataset-610-1785446385942.json,bsportsfan-telegram-prediction-dataset-610-1785446385942.json,1
https://ru.bsportsfan.com/table-tennis/r/12323150/oleksandr-bondarchuk-vs-oleksandr-ivchuk,bsportsfan-telegram-prediction-dataset-610-1785446385942.json,bsportsfan-telegram-prediction-dataset-610-1785446385942.json,1
https://ru.bsportsfan.com/table-tennis/r/12323158/anatolii-nazarov-vs-ruslan-khripun,bsportsfan-telegram-prediction-dataset-610-1785446385942.json,bsportsfan-telegram-prediction-dataset-610-1785446385942.json,1
https://ru.bsportsfan.com/table-tennis/r/12323159/vadym-komar-vs-roman-horokh,bsportsfan-telegram-prediction-dataset-610-1785446385942.json,bsportsfan-telegram-prediction-dataset-610-1785446385942.json,1
https://ru.bsportsfan.com/table-tennis/r/12323165/yehor-riadynskyi-vs-yehor-opryshchenko,bsportsfan-telegram-prediction-dataset-610-1785446385942.json,bsportsfan-telegram-prediction-dataset-610-1785446385942.json,1
https://ru.bsportsfan.com/table-tennis/r/12323166/oleksandr-mishchenko-vs-mykhailo-makienko,bsportsfan-telegram-prediction-dataset-610-1785446385942.json,bsportsfan-telegram-prediction-dataset-610-1785446385942.json,1
https://ru.bsportsfan.com/table-tennis/r/12323168/ruslan-ivanov-vs-maksym-hubenko,bsportsfan-telegram-prediction-dataset-610-1785446385942.json,bsportsfan-telegram-prediction-dataset-610-1785446385942.json,1
https://ru.bsportsfan.com/table-tennis/r/12323171/andrii-derevianko-vs-ruslan-khripun,bsportsfan-telegram-prediction-dataset-610-1785446385942.json,bsportsfan-telegram-prediction-dataset-610-1785446385942.json,1
https://ru.bsportsfan.com/table-tennis/r/12323172/fedir-chashchin-vs-valentyn-chumak,bsportsfan-telegram-prediction-dataset-610-1785446385942.json,bsportsfan-telegram-prediction-dataset-610-1785446385942.json,1
https://ru.bsportsfan.com/table-tennis/r/12323173/frantisek-schmidtmayer-vs-tomas-hanke,bsportsfan-telegram-prediction-dataset-610-1785446385942.json,bsportsfan-telegram-prediction-dataset-610-1785446385942.json,1
https://ru.bsportsfan.com/table-tennis/r/12323175/viktor-slozka-vs-vitalii-krokhmal,bsportsfan-telegram-prediction-dataset-610-1785446385942.json,bsportsfan-telegram-prediction-dataset-610-1785446385942.json,1
https://ru.bsportsfan.com/table-tennis/r/12323176/serhii-kiilo-vs-serhii-balabei,bsportsfan-telegram-prediction-dataset-610-1785446385942.json,bsportsfan-telegram-prediction-dataset-610-1785446385942.json,1
https://ru.bsportsfan.com/table-tennis/r/12323177/oleksandr-mytsyk-vs-oleksandr-ovsiienko,bsportsfan-telegram-prediction-dataset-610-1785446385942.json,bsportsfan-telegram-prediction-dataset-610-1785446385942.json,1
https://ru.bsportsfan.com/table-tennis/r/12323178/mykhailo-sokur-vs-volodymyr-maksiuta,bsportsfan-telegram-prediction-dataset-610-1785446385942.json,bsportsfan-telegram-prediction-dataset-610-1785446385942.json,1
https://ru.bsportsfan.com/table-tennis/r/12323179/myroslav-loboda-vs-yaroslav-vorsuliak,bsportsfan-telegram-prediction-dataset-610-1785446385942.json,bsportsfan-telegram-prediction-dataset-610-1785446385942.json,1
https://ru.bsportsfan.com/table-tennis/r/12323181/oleksandr-bondarchuk-vs-oleksandr-shkurupii,bsportsfan-telegram-prediction-dataset-610-1785446385942.json,bsportsfan-telegram-prediction-dataset-610-1785446385942.json,1
https://ru.bsportsfan.com/table-tennis/r/12323190/andrii-zeniuk-vs-anton-molochko,bsportsfan-telegram-prediction-dataset-610-1785446385942.json,bsportsfan-telegram-prediction-dataset-610-1785446385942.json,1
https://ru.bsportsfan.com/table-tennis/r/12323195/eduard-rubtsov-vs-oleksandr-mishchenko,bsportsfan-telegram-prediction-dataset-610-1785446385942.json,bsportsfan-telegram-prediction-dataset-610-1785446385942.json,1
https://ru.bsportsfan.com/table-tennis/r/12323196/ruslan-ivanov-vs-andrii-vasylets,bsportsfan-telegram-prediction-dataset-610-1785446385942.json,bsportsfan-telegram-prediction-dataset-610-1785446385942.json,1
https://ru.bsportsfan.com/table-tennis/r/12323198/radovan-debnar-vs-ondrej-kaderabek,bsportsfan-telegram-prediction-dataset-610-1785446385942.json,bsportsfan-telegram-prediction-dataset-610-1785446385942.json,1
https://ru.bsportsfan.com/table-tennis/r/12323199/maksym-badai-vs-andrii-vasylets,bsportsfan-telegram-prediction-dataset-610-1785446385942.json,bsportsfan-telegram-prediction-dataset-610-1785446385942.json,1
https://ru.bsportsfan.com/table-tennis/r/12323205/frantisek-schmidtmayer-vs-zdenek-kuksa,bsportsfan-telegram-prediction-dataset-610-1785446385942.json,bsportsfan-telegram-prediction-dataset-610-1785446385942.json,1
https://ru.bsportsfan.com/table-tennis/r/12323213/avraham-nazrin-vs-viktor-slozka,bsportsfan-telegram-prediction-dataset-610-1785446385942.json,bsportsfan-telegram-prediction-dataset-610-1785446385942.json,1
https://ru.bsportsfan.com/table-tennis/r/12323217/stepan-rejent-vs-radovan-debnar,bsportsfan-telegram-prediction-dataset-610-1785446385942.json,bsportsfan-telegram-prediction-dataset-610-1785446385942.json,1
https://ru.bsportsfan.com/table-tennis/r/12323220/adam-radkovsky-vs-leon-kolman,bsportsfan-telegram-prediction-dataset-610-1785446385942.json,bsportsfan-telegram-prediction-dataset-610-1785446385942.json,1
https://ru.bsportsfan.com/table-tennis/r/12323225/serhii-kiilo-vs-roman-horokh,bsportsfan-telegram-prediction-dataset-610-1785446385942.json,bsportsfan-telegram-prediction-dataset-610-1785446385942.json,1
https://ru.bsportsfan.com/table-tennis/r/12323226/stepan-rejent-vs-ondrej-kaderabek,bsportsfan-telegram-prediction-dataset-610-1785446385942.json,bsportsfan-telegram-prediction-dataset-610-1785446385942.json,1
https://ru.bsportsfan.com/table-tennis/r/12323230/miroslav-vana-vs-marian-melisek,bsportsfan-telegram-prediction-dataset-610-1785446385942.json,bsportsfan-telegram-prediction-dataset-610-1785446385942.json,1
https://ru.bsportsfan.com/table-tennis/r/12323232/ladislav-tuma-vs-tomas-hanke,bsportsfan-telegram-prediction-dataset-610-1785446385942.json,bsportsfan-telegram-prediction-dataset-610-1785446385942.json,1
https://ru.bsportsfan.com/table-tennis/r/12323239/fedir-chashchin-vs-ivan-elfemov,bsportsfan-telegram-prediction-dataset-610-1785446385942.json,bsportsfan-telegram-prediction-dataset-610-1785446385942.json,1
https://ru.bsportsfan.com/table-tennis/r/12323247/anton-shypilov-vs-oleksii-mitla,bsportsfan-telegram-prediction-dataset-610-1785446385942.json,bsportsfan-telegram-prediction-dataset-610-1785446385942.json,1
https://ru.bsportsfan.com/table-tennis/r/12323259/dmytro-neborak-vs-oleksandr-bondarchuk,bsportsfan-telegram-prediction-dataset-610-1785446385942.json,bsportsfan-telegram-prediction-dataset-610-1785446385942.json,1
https://ru.bsportsfan.com/table-tennis/r/12323262/oleksandr-zhyrnov-vs-oleg-varlamov,bsportsfan-telegram-prediction-dataset-610-1785446385942.json,bsportsfan-telegram-prediction-dataset-610-1785446385942.json,1
https://ru.bsportsfan.com/table-tennis/r/12323263/zdenek-kuksa-vs-tomas-hanke,bsportsfan-telegram-prediction-dataset-610-1785446385942.json,bsportsfan-telegram-prediction-dataset-610-1785446385942.json,1
https://ru.bsportsfan.com/table-tennis/r/12323264/mykhailo-sokur-vs-oleg-varlamov,bsportsfan-telegram-prediction-dataset-610-1785446385942.json,bsportsfan-telegram-prediction-dataset-610-1785446385942.json,1
https://ru.bsportsfan.com/table-tennis/r/12323265/serhii-chelpanov-vs-o-volo-kovalchuk,bsportsfan-telegram-prediction-dataset-610-1785446385942.json,bsportsfan-telegram-prediction-dataset-610-1785446385942.json,1
https://ru.bsportsfan.com/table-tennis/r/12323267/vasyl-kondratenko-vs-oleksandr-ovsiienko,bsportsfan-telegram-prediction-dataset-610-1785446385942.json,bsportsfan-telegram-prediction-dataset-610-1785446385942.json,1
https://ru.bsportsfan.com/table-tennis/r/12323277/iurii-hrekh-vs-viktor-slozka,bsportsfan-telegram-prediction-dataset-610-1785446385942.json,bsportsfan-telegram-prediction-dataset-610-1785446385942.json,1
https://ru.bsportsfan.com/table-tennis/r/12323278/roman-konkulovskyi-vs-andrii-romanenko,bsportsfan-telegram-prediction-dataset-610-1785446385942.json,bsportsfan-telegram-prediction-dataset-610-1785446385942.json,1
https://ru.bsportsfan.com/table-tennis/r/12323280/bohdan-chaikovskyi-vs-ihor-sukovatyi,bsportsfan-telegram-prediction-dataset-610-1785446385942.json,bsportsfan-telegram-prediction-dataset-610-1785446385942.json,1
https://ru.bsportsfan.com/table-tennis/r/12323285/yehor-riadynskyi-vs-anatolii-nazarov,bsportsfan-telegram-prediction-dataset-610-1785446385942.json,bsportsfan-telegram-prediction-dataset-610-1785446385942.json,1
https://ru.bsportsfan.com/table-tennis/r/12323288/pavel-oplt-vs-leon-kolman,bsportsfan-telegram-prediction-dataset-610-1785446385942.json,bsportsfan-telegram-prediction-dataset-610-1785446385942.json,1
https://ru.bsportsfan.com/table-tennis/r/12323289/oleksandr-zhyrnov-vs-volodymyr-maksiuta,bsportsfan-telegram-prediction-dataset-610-1785446385942.json,bsportsfan-telegram-prediction-dataset-610-1785446385942.json,1
https://ru.bsportsfan.com/table-tennis/r/12323293/oleg-varlamov-vs-evhenii-hrytsenko,bsportsfan-telegram-prediction-dataset-610-1785446385942.json,bsportsfan-telegram-prediction-dataset-610-1785446385942.json,1
https://ru.bsportsfan.com/table-tennis/r/12323296/roman-konkulovskyi-vs-bohdan-chaikovskyi,bsportsfan-telegram-prediction-dataset-610-1785446385942.json,bsportsfan-telegram-prediction-dataset-610-1785446385942.json,1
https://ru.bsportsfan.com/table-tennis/r/12323300/myroslav-loboda-vs-avraham-nazrin,bsportsfan-telegram-prediction-dataset-610-1785446385942.json,bsportsfan-telegram-prediction-dataset-610-1785446385942.json,1
https://ru.bsportsfan.com/table-tennis/r/12323301/viacheslav-simchuk-vs-serhii-honcharenko,bsportsfan-telegram-prediction-dataset-610-1785446385942.json,bsportsfan-telegram-prediction-dataset-610-1785446385942.json,1
https://ru.bsportsfan.com/table-tennis/r/12323303/mykhailo-sokur-vs-evhenii-hrytsenko,bsportsfan-telegram-prediction-dataset-610-1785446385942.json,bsportsfan-telegram-prediction-dataset-610-1785446385942.json,1
https://ru.bsportsfan.com/table-tennis/r/12323305/vadym-komar-vs-serhii-kiilo,bsportsfan-telegram-prediction-dataset-610-1785446385942.json,bsportsfan-telegram-prediction-dataset-610-1785446385942.json,1
https://ru.bsportsfan.com/table-tennis/r/12323306/volodymyr-maksiuta-vs-yevhenii-holoborodko,bsportsfan-telegram-prediction-dataset-610-1785446385942.json,bsportsfan-telegram-prediction-dataset-610-1785446385942.json,1
https://ru.bsportsfan.com/table-tennis/r/12323308/andrii-derevianko-vs-anatolii-levshyn,bsportsfan-telegram-prediction-dataset-610-1785446385942.json,bsportsfan-telegram-prediction-dataset-610-1785446385942.json,1
https://ru.bsportsfan.com/table-tennis/r/12323312/bohdan-kohut-vs-nazar-danyliuk,bsportsfan-telegram-prediction-dataset-610-1785446385942.json,bsportsfan-telegram-prediction-dataset-610-1785446385942.json,1
https://ru.bsportsfan.com/table-tennis/r/12323317/kostiantyn-klymenko-vs-oleksandr-mytsyk,bsportsfan-telegram-prediction-dataset-610-1785446385942.json,bsportsfan-telegram-prediction-dataset-610-1785446385942.json,1
https://ru.bsportsfan.com/table-tennis/r/12323318/serhii-balabei-vs-roman-horokh,bsportsfan-telegram-prediction-dataset-610-1785446385942.json,bsportsfan-telegram-prediction-dataset-610-1785446385942.json,1
https://ru.bsportsfan.com/table-tennis/r/12323319/frantisek-schmidtmayer-vs-ladislav-tuma,bsportsfan-telegram-prediction-dataset-610-1785446385942.json,bsportsfan-telegram-prediction-dataset-610-1785446385942.json,1
https://ru.bsportsfan.com/table-tennis/r/12323320/andrii-lifanov-vs-ruslan-serhyenko,bsportsfan-telegram-prediction-dataset-610-1785446385942.json,bsportsfan-telegram-prediction-dataset-610-1785446385942.json,1
https://ru.bsportsfan.com/table-tennis/r/12323325/avraham-nazrin-vs-yaroslav-vorsuliak,bsportsfan-telegram-prediction-dataset-610-1785446385942.json,bsportsfan-telegram-prediction-dataset-610-1785446385942.json,1
https://ru.bsportsfan.com/table-tennis/r/12323326/vadym-komar-vs-serhii-balabei,bsportsfan-telegram-prediction-dataset-610-1785446385942.json,bsportsfan-telegram-prediction-dataset-610-1785446385942.json,1
https://ru.bsportsfan.com/table-tennis/r/12323331/andrii-zeniuk-vs-vadym-hryban,bsportsfan-telegram-prediction-dataset-610-1785446385942.json,bsportsfan-telegram-prediction-dataset-610-1785446385942.json,1
https://ru.bsportsfan.com/table-tennis/r/12323332/maksym-badai-vs-ruslan-ivanov,bsportsfan-telegram-prediction-dataset-610-1785446385942.json,bsportsfan-telegram-prediction-dataset-610-1785446385942.json,1
https://ru.bsportsfan.com/table-tennis/r/12323333/jan-blazek-vs-adam-dvoracek,bsportsfan-telegram-prediction-dataset-610-1785446385942.json,bsportsfan-telegram-prediction-dataset-610-1785446385942.json,1
https://ru.bsportsfan.com/table-tennis/r/12323335/serhii-maksymiv-vs-ihor-sukovatyi,bsportsfan-telegram-prediction-dataset-610-1785446385942.json,bsportsfan-telegram-prediction-dataset-610-1785446385942.json,1
https://ru.bsportsfan.com/table-tennis/r/12323339/stepan-rejent-vs-ladislav-dobias,bsportsfan-telegram-prediction-dataset-610-1785446385942.json,bsportsfan-telegram-prediction-dataset-610-1785446385942.json,1
https://ru.bsportsfan.com/table-tennis/r/12323342/denys-boltnekov-vs-ruslan-serhyenko,bsportsfan-telegram-prediction-dataset-610-1785446385942.json,bsportsfan-telegram-prediction-dataset-610-1785446385942.json,1
https://ru.bsportsfan.com/table-tennis/r/12323345/viacheslav-kovalenko-vs-o-volo-kovalchuk,bsportsfan-telegram-prediction-dataset-610-1785446385942.json,bsportsfan-telegram-prediction-dataset-610-1785446385942.json,1
https://ru.bsportsfan.com/table-tennis/r/12323349/serhii-chuhai-vs-andrii-vasylets,bsportsfan-telegram-prediction-dataset-610-1785446385942.json,bsportsfan-telegram-prediction-dataset-610-1785446385942.json,1
https://ru.bsportsfan.com/table-tennis/r/12323350/dmytro-kryshtal-vs-serhii-balabei,bsportsfan-telegram-prediction-dataset-610-1785446385942.json,bsportsfan-telegram-prediction-dataset-610-1785446385942.json,1
https://ru.bsportsfan.com/table-tennis/r/12323355/valentyn-chumak-vs-ruslan-serhyenko,bsportsfan-telegram-prediction-dataset-610-1785446385942.json,bsportsfan-telegram-prediction-dataset-610-1785446385942.json,1
https://ru.bsportsfan.com/table-tennis/r/12323357/serhii-chuhai-vs-ruslan-ivanov,bsportsfan-telegram-prediction-dataset-610-1785446385942.json,bsportsfan-telegram-prediction-dataset-610-1785446385942.json,1
https://ru.bsportsfan.com/table-tennis/r/12323358/ladislav-tuma-vs-zdenek-kuksa,bsportsfan-telegram-prediction-dataset-610-1785446385942.json,bsportsfan-telegram-prediction-dataset-610-1785446385942.json,1
https://ru.bsportsfan.com/table-tennis/r/12323359/serhii-chelpanov-vs-mykhailo-makienko,bsportsfan-telegram-prediction-dataset-610-1785446385942.json,bsportsfan-telegram-prediction-dataset-610-1785446385942.json,1
https://ru.bsportsfan.com/table-tennis/r/12323366/vasyl-verbianyi-vs-nazar-danyliuk,bsportsfan-telegram-prediction-dataset-610-1785446385942.json,bsportsfan-telegram-prediction-dataset-610-1785446385942.json,1
https://ru.bsportsfan.com/table-tennis/r/12323374/anatolii-levshyn-vs-yehor-opryshchenko,bsportsfan-telegram-prediction-dataset-610-1785446385942.json,bsportsfan-telegram-prediction-dataset-610-1785446385942.json,1
https://ru.bsportsfan.com/table-tennis/r/12323376/iurii-hrekh-vs-yaroslav-vorsuliak,bsportsfan-telegram-prediction-dataset-610-1785446385942.json,bsportsfan-telegram-prediction-dataset-610-1785446385942.json,1
https://ru.bsportsfan.com/table-tennis/r/12325354/jan-muska-vs-tomas-trnka,bsportsfan-telegram-prediction-dataset-610-1785446385942.json,bsportsfan-telegram-prediction-dataset-610-1785446385942.json,1
https://ru.bsportsfan.com/table-tennis/r/12325356/jachym-sebl-vs-ladislav-moravec,bsportsfan-telegram-prediction-dataset-610-1785446385942.json,bsportsfan-telegram-prediction-dataset-610-1785446385942.json,1
https://ru.bsportsfan.com/table-tennis/r/12325357/tomas-hnizdil-vs-ladislav-moravec,bsportsfan-telegram-prediction-dataset-610-1785446385942.json,bsportsfan-telegram-prediction-dataset-610-1785446385942.json,1
https://ru.bsportsfan.com/table-tennis/r/12325359/filip-marat-vs-adam-kral,bsportsfan-telegram-prediction-dataset-610-1785446385942.json,bsportsfan-telegram-prediction-dataset-610-1785446385942.json,1
https://ru.bsportsfan.com/table-tennis/r/12325362/richard-jancak-vs-jan-sevecek,bsportsfan-telegram-prediction-dataset-610-1785446385942.json,bsportsfan-telegram-prediction-dataset-610-1785446385942.json,1
https://ru.bsportsfan.com/table-tennis/r/12325366/jachym-sebl-vs-jan-srnka,bsportsfan-telegram-prediction-dataset-610-1785446385942.json,bsportsfan-telegram-prediction-dataset-610-1785446385942.json,1
https://ru.bsportsfan.com/table-tennis/r/12325367/martin-filipek-vs-adam-kral,bsportsfan-telegram-prediction-dataset-610-1785446385942.json,bsportsfan-telegram-prediction-dataset-610-1785446385942.json,1
https://ru.bsportsfan.com/table-tennis/r/12325369/jan-sevecek-vs-jaroslav-sindler,bsportsfan-telegram-prediction-dataset-610-1785446385942.json,bsportsfan-telegram-prediction-dataset-610-1785446385942.json,1
https://ru.bsportsfan.com/table-tennis/r/12325372/lukas-zustina-vs-richard-jancak,bsportsfan-telegram-prediction-dataset-610-1785446385942.json,bsportsfan-telegram-prediction-dataset-610-1785446385942.json,1
https://ru.bsportsfan.com/table-tennis/r/12325373/jachym-sebl-vs-tomas-hnizdil,bsportsfan-telegram-prediction-dataset-610-1785446385942.json,bsportsfan-telegram-prediction-dataset-610-1785446385942.json,1
https://ru.bsportsfan.com/table-tennis/r/12325374/zdenek-zahradka-vs-milan-tlusty,bsportsfan-telegram-prediction-dataset-610-1785446385942.json,bsportsfan-telegram-prediction-dataset-610-1785446385942.json,1
https://ru.bsportsfan.com/table-tennis/r/12325378/adam-kral-vs-milan-tlusty,bsportsfan-telegram-prediction-dataset-610-1785446385942.json,bsportsfan-telegram-prediction-dataset-610-1785446385942.json,1
https://ru.bsportsfan.com/table-tennis/r/12325385/tomas-trnka-vs-radek-vosyka,bsportsfan-telegram-prediction-dataset-610-1785446385942.json,bsportsfan-telegram-prediction-dataset-610-1785446385942.json,1
https://ru.bsportsfan.com/table-tennis/r/12329200/michal-prochazka-vs-david-vesecky,bsportsfan-telegram-prediction-dataset-610-1785446385942.json,bsportsfan-telegram-prediction-dataset-610-1785446385942.json,1
https://ru.bsportsfan.com/table-tennis/r/12329239/jan-ruzicka-vs-jan-lovl,bsportsfan-telegram-prediction-dataset-610-1785446385942.json,bsportsfan-telegram-prediction-dataset-610-1785446385942.json,1
https://ru.bsportsfan.com/table-tennis/r/12329254/ondrej-fiklik-vs-marek-kulisek,bsportsfan-telegram-prediction-dataset-610-1785446385942.json,bsportsfan-telegram-prediction-dataset-610-1785446385942.json,1
https://ru.bsportsfan.com/table-tennis/r/12329255/daniel-hyza-vs-michal-brozek,bsportsfan-telegram-prediction-dataset-610-1785446385942.json,bsportsfan-telegram-prediction-dataset-610-1785446385942.json,1
https://ru.bsportsfan.com/table-tennis/r/12329298/marek-vyskocil-vs-ondrej-mezera,bsportsfan-telegram-prediction-dataset-610-1785446385942.json,bsportsfan-telegram-prediction-dataset-610-1785446385942.json,1
https://ru.bsportsfan.com/table-tennis/r/12329481/lukas-kantor-vs-vladislav-reska,bsportsfan-telegram-prediction-dataset-610-1785446385942.json,bsportsfan-telegram-prediction-dataset-610-1785446385942.json,1
https://ru.bsportsfan.com/table-tennis/r/12329507/jan-vrnak-vs-antonin-skyba,bsportsfan-telegram-prediction-dataset-610-1785446385942.json,bsportsfan-telegram-prediction-dataset-610-1785446385942.json,1
https://ru.bsportsfan.com/table-tennis/r/12329542/andrii-tkachenko-vs-cesta-havrda,bsportsfan-telegram-prediction-dataset-610-1785446385942.json,bsportsfan-telegram-prediction-dataset-610-1785446385942.json,1
https://ru.bsportsfan.com/table-tennis/r/12329543/milan-regner-vs-julius-didi,bsportsfan-telegram-prediction-dataset-610-1785446385942.json,bsportsfan-telegram-prediction-dataset-610-1785446385942.json,1
https://ru.bsportsfan.com/table-tennis/r/12329544/matyas-navedla-vs-radovan-polasek,bsportsfan-telegram-prediction-dataset-610-1785446385942.json,bsportsfan-telegram-prediction-dataset-610-1785446385942.json,1
https://ru.bsportsfan.com/table-tennis/r/12329546/ivan-kolenciak-vs-miroslav-stolba,bsportsfan-telegram-prediction-dataset-610-1785446385942.json,bsportsfan-telegram-prediction-dataset-610-1785446385942.json,1
https://ru.bsportsfan.com/table-tennis/r/12329547/mark-robin-wagner-vs-martin-sychra,bsportsfan-telegram-prediction-dataset-610-1785446385942.json,bsportsfan-telegram-prediction-dataset-610-1785446385942.json,1
https://ru.bsportsfan.com/table-tennis/r/12329587/michal-mikolasik-vs-jan-pribyl,bsportsfan-telegram-prediction-dataset-610-1785446385942.json,bsportsfan-telegram-prediction-dataset-610-1785446385942.json,1
https://ru.bsportsfan.com/table-tennis/r/12329602/ludek-madle-vs-zdenek-kasinski,bsportsfan-telegram-prediction-dataset-610-1785446385942.json,bsportsfan-telegram-prediction-dataset-610-1785446385942.json,1
https://ru.bsportsfan.com/table-tennis/r/12329603/julius-didi-vs-martin-stefek,bsportsfan-telegram-prediction-dataset-610-1785446385942.json,bsportsfan-telegram-prediction-dataset-610-1785446385942.json,1
https://ru.bsportsfan.com/table-tennis/r/12329631/libor-prikasky-vs-jakub-vales,bsportsfan-telegram-prediction-dataset-610-1785446385942.json,bsportsfan-telegram-prediction-dataset-610-1785446385942.json,1
https://ru.bsportsfan.com/table-tennis/r/12329753/petr-chlumsky-vs-adam-kral,bsportsfan-telegram-prediction-dataset-610-1785446385942.json,bsportsfan-telegram-prediction-dataset-610-1785446385942.json,1
https://ru.bsportsfan.com/table-tennis/r/12329873/serhii-honcharenko-vs-viacheslav-simchuk,bsportsfan-telegram-prediction-dataset-610-1785446385942.json,bsportsfan-telegram-prediction-dataset-610-1785446385942.json,1
https://ru.bsportsfan.com/table-tennis/r/12329902/petr-moravec-vs-filip-marat,bsportsfan-telegram-prediction-dataset-610-1785446385942.json,bsportsfan-telegram-prediction-dataset-610-1785446385942.json,1
https://ru.bsportsfan.com/table-tennis/r/12329945/valentyn-kurliuk-vs-yurii-zvolynskyi,bsportsfan-telegram-prediction-dataset-610-1785446385942.json,bsportsfan-telegram-prediction-dataset-610-1785446385942.json,1
https://ru.bsportsfan.com/table-tennis/r/12330075/illia-hermakivskyi-vs-oleksandr-ivchuk,bsportsfan-telegram-prediction-dataset-610-1785446385942.json,bsportsfan-telegram-prediction-dataset-610-1785446385942.json,1
https://ru.bsportsfan.com/table-tennis/r/12330247/ladislav-havel-1956-vs-martin-stefek,bsportsfan-telegram-prediction-dataset-610-1785446385942.json,bsportsfan-telegram-prediction-dataset-610-1785446385942.json,1
https://ru.bsportsfan.com/table-tennis/r/12330248/jiri-svec-vs-zdenek-kasinski,bsportsfan-telegram-prediction-dataset-610-1785446385942.json,bsportsfan-telegram-prediction-dataset-610-1785446385942.json,1
https://ru.bsportsfan.com/table-tennis/r/12330325/tomas-ogrocki-vs-lukas-zustina,bsportsfan-telegram-prediction-dataset-610-1785446385942.json,bsportsfan-telegram-prediction-dataset-610-1785446385942.json,1
https://ru.bsportsfan.com/table-tennis/r/12330329/david-bochnak-vs-petr-dvorak,bsportsfan-telegram-prediction-dataset-610-1785446385942.json,bsportsfan-telegram-prediction-dataset-610-1785446385942.json,1
https://ru.bsportsfan.com/table-tennis/r/12330339/michal-mikolasik-vs-dalibor-velky-jnr,bsportsfan-telegram-prediction-dataset-610-1785446385942.json,bsportsfan-telegram-prediction-dataset-610-1785446385942.json,1
https://ru.bsportsfan.com/table-tennis/r/12330341/jan-hendrych-vs-jan-hrncir,bsportsfan-telegram-prediction-dataset-610-1785446385942.json,bsportsfan-telegram-prediction-dataset-610-1785446385942.json,1
https://ru.bsportsfan.com/table-tennis/r/12330342/daniel-hyza-vs-marek-kulisek,bsportsfan-telegram-prediction-dataset-610-1785446385942.json,bsportsfan-telegram-prediction-dataset-610-1785446385942.json,1
https://ru.bsportsfan.com/table-tennis/r/12330347/michal-prochazka-vs-petr-dvorak,bsportsfan-telegram-prediction-dataset-610-1785446385942.json,bsportsfan-telegram-prediction-dataset-610-1785446385942.json,1
https://ru.bsportsfan.com/table-tennis/r/12330349/tomas-ogrocki-vs-jaroslav-sindler,bsportsfan-telegram-prediction-dataset-610-1785446385942.json,bsportsfan-telegram-prediction-dataset-610-1785446385942.json,1
https://ru.bsportsfan.com/table-tennis/r/12330350/jan-gembala-vs-david-sarganek,bsportsfan-telegram-prediction-dataset-610-1785446385942.json,bsportsfan-telegram-prediction-dataset-610-1785446385942.json,1
https://ru.bsportsfan.com/table-tennis/r/12330352/zdenek-dusek-vs-martin-zajicek,bsportsfan-telegram-prediction-dataset-610-1785446385942.json,bsportsfan-telegram-prediction-dataset-610-1785446385942.json,1
https://ru.bsportsfan.com/table-tennis/r/12330355/lukas-zustina-vs-jaroslav-sindler,bsportsfan-telegram-prediction-dataset-610-1785446385942.json,bsportsfan-telegram-prediction-dataset-610-1785446385942.json,1
https://ru.bsportsfan.com/table-tennis/r/12330356/tomas-ogrocki-vs-jan-sevecek,bsportsfan-telegram-prediction-dataset-610-1785446385942.json,bsportsfan-telegram-prediction-dataset-610-1785446385942.json,1
https://ru.bsportsfan.com/table-tennis/r/12330357/jan-pribyl-vs-dalibor-velky-jnr,bsportsfan-telegram-prediction-dataset-610-1785446385942.json,bsportsfan-telegram-prediction-dataset-610-1785446385942.json,1
https://ru.bsportsfan.com/table-tennis/r/12330361/michal-mikolasik-vs-michal-moravek,bsportsfan-telegram-prediction-dataset-610-1785446385942.json,bsportsfan-telegram-prediction-dataset-610-1785446385942.json,1
https://ru.bsportsfan.com/table-tennis/r/12330363/stepan-vyskocil-vs-jan-lovl,bsportsfan-telegram-prediction-dataset-610-1785446385942.json,bsportsfan-telegram-prediction-dataset-610-1785446385942.json,1
https://ru.bsportsfan.com/table-tennis/r/12330364/michal-brozek-vs-ondrej-fiklik,bsportsfan-telegram-prediction-dataset-610-1785446385942.json,bsportsfan-telegram-prediction-dataset-610-1785446385942.json,1
https://ru.bsportsfan.com/table-tennis/r/12330367/stepan-vyskocil-vs-radek-neterda,bsportsfan-telegram-prediction-dataset-610-1785446385942.json,bsportsfan-telegram-prediction-dataset-610-1785446385942.json,1
https://ru.bsportsfan.com/table-tennis/r/12330370/jan-sevecek-vs-lukas-zustina,bsportsfan-telegram-prediction-dataset-610-1785446385942.json,bsportsfan-telegram-prediction-dataset-610-1785446385942.json,1
https://ru.bsportsfan.com/table-tennis/r/12330371/radek-neterda-vs-jan-ruzicka,bsportsfan-telegram-prediction-dataset-610-1785446385942.json,bsportsfan-telegram-prediction-dataset-610-1785446385942.json,1
https://ru.bsportsfan.com/table-tennis/r/12330794/pavel-oplt-vs-adam-radkovsky,bsportsfan-telegram-prediction-dataset-610-1785446385942.json,bsportsfan-telegram-prediction-dataset-610-1785446385942.json,1
https://ru.bsportsfan.com/table-tennis/r/12330808/miroslav-vana-vs-jan-blazek,bsportsfan-telegram-prediction-dataset-610-1785446385942.json,bsportsfan-telegram-prediction-dataset-610-1785446385942.json,1
https://ru.bsportsfan.com/table-tennis/r/12330885/leon-kolman-vs-martin-melisek,bsportsfan-telegram-prediction-dataset-610-1785446385942.json,bsportsfan-telegram-prediction-dataset-610-1785446385942.json,1
https://ru.bsportsfan.com/table-tennis/r/12330888/lukas-zustina-vs-jan-sevecek,bsportsfan-telegram-prediction-dataset-610-1785446385942.json,bsportsfan-telegram-prediction-dataset-610-1785446385942.json,1
https://ru.bsportsfan.com/table-tennis/r/12330895/pavel-kulhanek-vs-ladislav-havel-1956,bsportsfan-telegram-prediction-dataset-610-1785446385942.json,bsportsfan-telegram-prediction-dataset-610-1785446385942.json,1
https://ru.bsportsfan.com/table-tennis/r/12330896/jiri-svec-vs-zdenek-kasinski,bsportsfan-telegram-prediction-dataset-610-1785446385942.json,bsportsfan-telegram-prediction-dataset-610-1785446385942.json,1
https://ru.bsportsfan.com/table-tennis/r/12330897/marian-melisek-vs-adam-dvoracek,bsportsfan-telegram-prediction-dataset-610-1785446385942.json,bsportsfan-telegram-prediction-dataset-610-1785446385942.json,1
https://ru.bsportsfan.com/table-tennis/r/12330899/jan-szotkowski-vs-michal-vavrecka,bsportsfan-telegram-prediction-dataset-610-1785446385942.json,bsportsfan-telegram-prediction-dataset-610-1785446385942.json,1
https://ru.bsportsfan.com/table-tennis/r/12330900/michal-cabis-vs-tadeas-zika,bsportsfan-telegram-prediction-dataset-610-1785446385942.json,bsportsfan-telegram-prediction-dataset-610-1785446385942.json,1
https://ru.bsportsfan.com/table-tennis/r/12330915/petr-sebera-vs-mark-robin-wagner,bsportsfan-telegram-prediction-dataset-610-1785446385942.json,bsportsfan-telegram-prediction-dataset-610-1785446385942.json,1
https://ru.bsportsfan.com/table-tennis/r/12331176/radek-vosyka-vs-jan-muska,bsportsfan-telegram-prediction-dataset-610-1785446385942.json,bsportsfan-telegram-prediction-dataset-610-1785446385942.json,1
https://ru.bsportsfan.com/table-tennis/r/12331223/julius-didi-vs-martin-stefek,bsportsfan-telegram-prediction-dataset-610-1785446385942.json,bsportsfan-telegram-prediction-dataset-610-1785446385942.json,1
https://ru.bsportsfan.com/table-tennis/r/12331224/ludek-madle-vs-milan-chalupnicek,bsportsfan-telegram-prediction-dataset-610-1785446385942.json,bsportsfan-telegram-prediction-dataset-610-1785446385942.json,1
https://ru.bsportsfan.com/table-tennis/r/12331225/tomas-dousek-vs-michael-sedlacek,bsportsfan-telegram-prediction-dataset-610-1785446385942.json,bsportsfan-telegram-prediction-dataset-610-1785446385942.json,1
https://ru.bsportsfan.com/table-tennis/r/12331235/pavel-gireth-vs-libor-prikasky,bsportsfan-telegram-prediction-dataset-610-1785446385942.json,bsportsfan-telegram-prediction-dataset-610-1785446385942.json,1
https://ru.bsportsfan.com/table-tennis/r/12331298/tomas-hnizdil-vs-jachym-sebl,bsportsfan-telegram-prediction-dataset-610-1785446385942.json,bsportsfan-telegram-prediction-dataset-610-1785446385942.json,1
https://ru.bsportsfan.com/table-tennis/r/12331299/denis-hofman-vs-martin-sychra,bsportsfan-telegram-prediction-dataset-610-1785446385942.json,bsportsfan-telegram-prediction-dataset-610-1785446385942.json,1
https://ru.bsportsfan.com/table-tennis/r/12331318/erik-mares-vs-libor-prikasky,bsportsfan-telegram-prediction-dataset-610-1785446385942.json,bsportsfan-telegram-prediction-dataset-610-1785446385942.json,1
https://ru.bsportsfan.com/table-tennis/r/12331323/jaroslav-sindler-vs-richard-jancak,bsportsfan-telegram-prediction-dataset-610-1785446385942.json,bsportsfan-telegram-prediction-dataset-610-1785446385942.json,1
https://ru.bsportsfan.com/table-tennis/r/12331338/radovan-polasek-vs-radomir-revay,bsportsfan-telegram-prediction-dataset-610-1785446385942.json,bsportsfan-telegram-prediction-dataset-610-1785446385942.json,1
https://ru.bsportsfan.com/table-tennis/r/12331421/tomas-trnka-vs-jiri-babinek,bsportsfan-telegram-prediction-dataset-610-1785446385942.json,bsportsfan-telegram-prediction-dataset-610-1785446385942.json,1
https://ru.bsportsfan.com/table-tennis/r/12331448/ladislav-moravec-vs-jan-srnka,bsportsfan-telegram-prediction-dataset-610-1785446385942.json,bsportsfan-telegram-prediction-dataset-610-1785446385942.json,1
https://ru.bsportsfan.com/table-tennis/r/12331490/adam-kral-vs-martin-filipek,bsportsfan-telegram-prediction-dataset-610-1785446385942.json,bsportsfan-telegram-prediction-dataset-610-1785446385942.json,1
https://ru.bsportsfan.com/table-tennis/r/12331579/zdenek-zahradka-vs-milan-tlusty,bsportsfan-telegram-prediction-dataset-610-1785446385942.json,bsportsfan-telegram-prediction-dataset-610-1785446385942.json,1
https://ru.bsportsfan.com/table-tennis/r/12333561/david-szotek-vs-lukas-kern,bsportsfan-telegram-prediction-dataset-610-1785446385942.json,bsportsfan-telegram-prediction-dataset-610-1785446385942.json,1
https://ru.bsportsfan.com/table-tennis/r/12333671/jiri-dedek-vs-milan-kolar,bsportsfan-telegram-prediction-dataset-610-1785446385942.json,bsportsfan-telegram-prediction-dataset-610-1785446385942.json,1
