sourceArchive,matchUrl,recordKind,createdAt,players,prematchDecision,prematchSent,liveSignals,finalScore,resultStatus,pointSnapshots,leftPlayer,rightPlayer,leftWinOdds,rightWinOdds,winOddsSource,winOddsObservedAt,pairRegimeBranch,pairRegimeAccepted,pairPointWindow,pairFormEdge,pairStrengthSum,pairStrengthEdge,pairSelectedLatePointRate,decision,sent,protocolId,gateId,signalMode,pbpFilterAccepted,accuracyModeAccepted,moderateModeAccepted,pbpPointWindow,baseSelectedSideIndex,selectedSideIndex,sideCorrectionApplied,sideCorrectionReason,relativeAgreementScore,latestPbpReversal,leftCollapseCount,rightCollapseCount,collapseSum,collapseDifference,collapseSumWithinLimit,collapseCountsUnequal,collapseAccepted,selectedStrengthScore,opponentStrengthScore,selectedStrengthEdge,strongSelectedStrengthException,selectedHistoryMatches,selectedHistorySetSharePct,selectedHistorySetShareException,selectedFreshForm3Score,opponentFreshForm3Score,selectedHistory5WindowMatches,opponentHistory5WindowMatches,selectedHistory5SetSharePct,opponentHistory5SetSharePct,selectedHistory5SetShareEdge,selectedHistory8PerformancePct,opponentHistory8PerformancePct,relativeHistoryWindowReady,selectedFreshAtOrAboveHistory8,opponentFreshAtOrAboveHistory8,relativeFormSetShareException
bsportsfan-telegram-prediction-games-500-1785096901271.csv,https://ru.bsportsfan.com/table-tennis/r/12294743/filip-wolf-vs-jan-mecl-jnr,observed_only,26.07 01:02,Филип Вольф vs Ян Мекл мл.,,0,0,,,42,,,,,,,,,,,,,,,,,,,,,,,,,,,,,,,,,,,,,,,,,,,,,,,,,,,,,,,
bsportsfan-telegram-prediction-games-500-1785096901271.csv,https://ru.bsportsfan.com/table-tennis/r/12295071/julius-didi-vs-vaclav-kosar,forecasted,25.07 23:00,Юлиус Диди vs Вацлав Косар,ПРОПУСК,0,0,3-1,miss,25,,,,,,,,,,,,,,,,,,,,,,,,,,,,,,,,,,,,,,,,,,,,,,,,,,,,,,,
bsportsfan-telegram-prediction-games-500-1785096901271.csv,https://ru.bsportsfan.com/table-tennis/r/12295797/jan-hrabec-vs-tomas-kraninger,forecasted,25.07 23:00,Ян Храбец vs Томас Кранингер,СТАВИМ,1,0,3-2,hit,21,,,,,,,,,,,,,,,,,,,,,,,,,,,,,,,,,,,,,,,,,,,,,,,,,,,,,,,
bsportsfan-telegram-prediction-games-500-1785096901271.csv,https://ru.bsportsfan.com/table-tennis/r/12295801/daniel-tuma-vs-jan-trefny,forecasted,25.07 23:00,Дэниэл Тума vs Ян Трефни,СТАВИМ,1,0,3-1,hit,17,,,,,,,,,,,,,,,,,,,,,,,,,,,,,,,,,,,,,,,,,,,,,,,,,,,,,,,
bsportsfan-telegram-prediction-games-500-1785096901271.csv,https://ru.bsportsfan.com/table-tennis/r/12295804/martin-bittner-vs-milan-klement,observed_only,25.07 22:42,Мартин Биттнер vs Милан Клемент,,0,0,,,6,,,,,,,,,,,,,,,,,,,,,,,,,,,,,,,,,,,,,,,,,,,,,,,,,,,,,,,
bsportsfan-telegram-prediction-games-500-1785096901271.csv,https://ru.bsportsfan.com/table-tennis/r/12295813/filip-wolf-vs-jiri-ruzicka,forecasted,26.07 02:30,Филип Вольф vs Иржи Ружицка,СТАВИМ,1,0,3-0,hit,24,,,,,,,,,,,,,,,,,,,,,,,,,,,,,,,,,,,,,,,,,,,,,,,,,,,,,,,
bsportsfan-telegram-prediction-games-500-1785096901271.csv,https://ru.bsportsfan.com/table-tennis/r/12295817/pavel-fojt-vs-daniel-tuma,observed_only,25.07 22:41,Павел Фойт vs Дэниэл Тума,,0,0,,,9,,,,,,,,,,,,,,,,,,,,,,,,,,,,,,,,,,,,,,,,,,,,,,,,,,,,,,,
bsportsfan-telegram-prediction-games-500-1785096901271.csv,https://ru.bsportsfan.com/table-tennis/r/12295818/milan-klement-vs-robin-pacha,forecasted,25.07 23:00,Милан Клемент vs Робин Пача,ПРОПУСК,0,0,2-3,hit,24,,,,,,,,,,,,,,,,,,,,,,,,,,,,,,,,,,,,,,,,,,,,,,,,,,,,,,,
bsportsfan-telegram-prediction-games-500-1785096901271.csv,https://ru.bsportsfan.com/table-tennis/r/12295820/jiri-ruzicka-vs-martin-huk,observed_only,26.07 01:33,Иржи Ружицка vs Мартин Хук,skip,0,0,0-3,miss,28,,,,,,,,,,,,,,,,,,,,,,,,,,,,,,,,,,,,,,,,,,,,,,,,,,,,,,,
bsportsfan-telegram-prediction-games-500-1785096901271.csv,https://ru.bsportsfan.com/table-tennis/r/12295833/dominik-oborny-vs-daniel-langer,forecasted,25.07 23:00,Доминик Оборны vs Дэниел Лангер,СТАВИМ,1,0,3-1,miss,19,,,,,,,,,,,,,,,,,,,,,,,,,,,,,,,,,,,,,,,,,,,,,,,,,,,,,,,
bsportsfan-telegram-prediction-games-500-1785096901271.csv,https://ru.bsportsfan.com/table-tennis/r/12295838/frantisek-trojan-vs-julius-didi,observed_only,25.07 22:43,Франтишек Троян vs Юлиус Диди,,0,0,,,16,,,,,,,,,,,,,,,,,,,,,,,,,,,,,,,,,,,,,,,,,,,,,,,,,,,,,,,
bsportsfan-telegram-prediction-games-500-1785096901271.csv,https://ru.bsportsfan.com/table-tennis/r/12295840/milan-smrcek-vs-oleg-vitrovyj,observed_only,26.07 03:32,Милан Смрчек vs Олег Витровый,,0,0,,,36,,,,,,,,,,,,,,,,,,,,,,,,,,,,,,,,,,,,,,,,,,,,,,,,,,,,,,,
bsportsfan-telegram-prediction-games-500-1785096901271.csv,https://ru.bsportsfan.com/table-tennis/r/12295841/david-barton-vs-milan-smrcek,forecasted,26.07 01:01,Дэвид Бартон vs Милан Смрчек,СТАВИМ,1,0,2-3,hit,41,,,,,,,,,,,,,,,,,,,,,,,,,,,,,,,,,,,,,,,,,,,,,,,,,,,,,,,
bsportsfan-telegram-prediction-games-500-1785096901271.csv,https://ru.bsportsfan.com/table-tennis/r/12295848/jiri-dedek-vs-dmitro-parhomenko,forecasted,26.07 02:31,Иржи Дедек vs Дмитро Пархоменко,ПРОПУСК,0,0,0-3,hit,25,,,,,,,,,,,,,,,,,,,,,,,,,,,,,,,,,,,,,,,,,,,,,,,,,,,,,,,
bsportsfan-telegram-prediction-games-500-1785096901271.csv,https://ru.bsportsfan.com/table-tennis/r/12295855/jan-mecl-jnr-vs-jiri-ruzicka,observed_only,26.07 03:32,Ян Мекл мл. vs Иржи Ружицка,,0,0,,,43,,,,,,,,,,,,,,,,,,,,,,,,,,,,,,,,,,,,,,,,,,,,,,,,,,,,,,,
bsportsfan-telegram-prediction-games-500-1785096901271.csv,https://ru.bsportsfan.com/table-tennis/r/12295866/adam-svoboda-vs-mihail-trinta,observed_only,26.07 03:03,Адам Свобода vs Михаил Тринта,skip,0,0,1-3,miss,33,,,,,,,,,,,,,,,,,,,,,,,,,,,,,,,,,,,,,,,,,,,,,,,,,,,,,,,
bsportsfan-telegram-prediction-games-500-1785096901271.csv,https://ru.bsportsfan.com/table-tennis/r/12295867/matous-klimenta-vs-martin-huk,observed_only,26.07 03:04,Матоус Климента vs Мартин Хук,skip,0,0,1-3,miss,33,,,,,,,,,,,,,,,,,,,,,,,,,,,,,,,,,,,,,,,,,,,,,,,,,,,,,,,
bsportsfan-telegram-prediction-games-500-1785096901271.csv,https://ru.bsportsfan.com/table-tennis/r/12295870/milan-smrcek-vs-adam-svoboda,forecasted,26.07 02:09,Милан Смрчек vs Адам Свобода,СТАВИМ,1,0,1-3,miss,31,,,,,,,,,,,,,,,,,,,,,,,,,,,,,,,,,,,,,,,,,,,,,,,,,,,,,,,
bsportsfan-telegram-prediction-games-500-1785096901271.csv,https://ru.bsportsfan.com/table-tennis/r/12295871/jiri-dedek-vs-radim-pavelka,forecasted,26.07 01:00,Иржи Дедек vs Радим Павелка,СТАВИМ,1,0,2-3,hit,56,,,,,,,,,,,,,,,,,,,,,,,,,,,,,,,,,,,,,,,,,,,,,,,,,,,,,,,
bsportsfan-telegram-prediction-games-500-1785096901271.csv,https://ru.bsportsfan.com/table-tennis/r/12295872/jan-mecl-jnr-vs-matous-klimenta,observed_only,26.07 02:03,Ян Мекл мл. vs Матоус Климента,,0,0,,,36,,,,,,,,,,,,,,,,,,,,,,,,,,,,,,,,,,,,,,,,,,,,,,,,,,,,,,,
bsportsfan-telegram-prediction-games-500-1785096901271.csv,https://ru.bsportsfan.com/table-tennis/r/12295881/viktor-vejvoda-vs-richard-wagner,observed_only,25.07 20:03,Виктор Вейвода vs Рихард Вагнер,,0,0,,,2,,,,,,,,,,,,,,,,,,,,,,,,,,,,,,,,,,,,,,,,,,,,,,,,,,,,,,,
bsportsfan-telegram-prediction-games-500-1785096901271.csv,https://ru.bsportsfan.com/table-tennis/r/12295882/jan-trefny-vs-pavel-fojt,observed_only,26.07 03:03,Ян Трефни vs Павел Фойт,skip,0,0,1-3,miss,36,,,,,,,,,,,,,,,,,,,,,,,,,,,,,,,,,,,,,,,,,,,,,,,,,,,,,,,
bsportsfan-telegram-prediction-games-500-1785096901271.csv,https://ru.bsportsfan.com/table-tennis/r/12295884/radim-pavelka-vs-dmitro-parhomenko,observed_only,26.07 03:34,Радим Павелка vs Дмитро Пархоменко,skip,0,0,3-2,hit,34,,,,,,,,,,,,,,,,,,,,,,,,,,,,,,,,,,,,,,,,,,,,,,,,,,,,,,,
bsportsfan-telegram-prediction-games-500-1785096901271.csv,https://ru.bsportsfan.com/table-tennis/r/12295888/filip-zurek-vs-jan-hrabec,observed_only,25.07 22:42,Филип Журек vs Ян Храбец,,0,0,,,10,,,,,,,,,,,,,,,,,,,,,,,,,,,,,,,,,,,,,,,,,,,,,,,,,,,,,,,
bsportsfan-telegram-prediction-games-500-1785096901271.csv,https://ru.bsportsfan.com/table-tennis/r/12295891/radim-pavelka-vs-jan-trefny,forecasted,26.07 02:07,Радим Павелка vs Ян Трефни,СТАВИМ,1,0,3-1,hit,20,,,,,,,,,,,,,,,,,,,,,,,,,,,,,,,,,,,,,,,,,,,,,,,,,,,,,,,
bsportsfan-telegram-prediction-games-500-1785096901271.csv,https://ru.bsportsfan.com/table-tennis/r/12295892/dmitro-parhomenko-vs-pavel-fojt,forecasted,26.07 01:43,Дмитро Пархоменко vs Павел Фойт,ПРОПУСК,0,0,2-3,hit,55,,,,,,,,,,,,,,,,,,,,,,,,,,,,,,,,,,,,,,,,,,,,,,,,,,,,,,,
bsportsfan-telegram-prediction-games-500-1785096901271.csv,https://ru.bsportsfan.com/table-tennis/r/12295893/oleg-vitrovyj-vs-mihail-trinta,observed_only,26.07 01:33,Олег Витровый vs Михаил Тринта,skip,0,0,3-2,hit,60,,,,,,,,,,,,,,,,,,,,,,,,,,,,,,,,,,,,,,,,,,,,,,,,,,,,,,,
bsportsfan-telegram-prediction-games-500-1785096901271.csv,https://ru.bsportsfan.com/table-tennis/r/12295894/david-barton-vs-oleg-vitrovyj,forecasted,26.07 02:31,Дэвид Бартон vs Олег Витровый,ПРОПУСК,0,0,0-3,hit,27,,,,,,,,,,,,,,,,,,,,,,,,,,,,,,,,,,,,,,,,,,,,,,,,,,,,,,,
bsportsfan-telegram-prediction-games-500-1785096901271.csv,https://ru.bsportsfan.com/table-tennis/r/12296637/dmytro-shchegelskyi-vs-oleksandr-alieksieev,forecasted,26.07 02:31,Дмитрий Щегельский vs Александр Алексеев,СТАВИМ,1,0,0-3,hit,31,,,,,,,,,,,,,,,,,,,,,,,,,,,,,,,,,,,,,,,,,,,,,,,,,,,,,,,
bsportsfan-telegram-prediction-games-500-1785096901271.csv,https://ru.bsportsfan.com/table-tennis/r/12296649/yaroslav-makovka-vs-yevhenii-holoborodko,forecasted,25.07 20:10,Ярослав Маковка vs Евгений Голобородько,СТАВИМ,1,0,1-3,hit,3,,,,,,,,,,,,,,,,,,,,,,,,,,,,,,,,,,,,,,,,,,,,,,,,,,,,,,,
bsportsfan-telegram-prediction-games-500-1785096901271.csv,https://ru.bsportsfan.com/table-tennis/r/12296652/maksym-khomenko-vs-volodymyr-ivasiv-1971,observed_only,26.07 03:02,Максим Хоменко vs Владимир Ивасив 1971,skip,0,0,1-3,miss,37,,,,,,,,,,,,,,,,,,,,,,,,,,,,,,,,,,,,,,,,,,,,,,,,,,,,,,,
bsportsfan-telegram-prediction-games-500-1785096901271.csv,https://ru.bsportsfan.com/table-tennis/r/12296654/vasyl-moshovskyi-vs-yaroslav-tebenko,observed_only,26.07 03:48,Василий Мошовский vs Ярослав Тебенко,,0,0,,,25,,,,,,,,,,,,,,,,,,,,,,,,,,,,,,,,,,,,,,,,,,,,,,,,,,,,,,,
bsportsfan-telegram-prediction-games-500-1785096901271.csv,https://ru.bsportsfan.com/table-tennis/r/12296655/petr-kotrbacek-vs-jakub-dufek-jnr,observed_only,25.07 22:43,Петр Котрбачек vs Якуб Дуфек мл.,,0,0,,,9,,,,,,,,,,,,,,,,,,,,,,,,,,,,,,,,,,,,,,,,,,,,,,,,,,,,,,,
bsportsfan-telegram-prediction-games-500-1785096901271.csv,https://ru.bsportsfan.com/table-tennis/r/12296656/taras-gil-vs-volodymyr-dobrovolskyi,forecasted,25.07 19:56,Тарас Гиль vs Владимир Добровольский,СТАВИМ,1,0,0-3,miss,33,,,,,,,,,,,,,,,,,,,,,,,,,,,,,,,,,,,,,,,,,,,,,,,,,,,,,,,
bsportsfan-telegram-prediction-games-500-1785096901271.csv,https://ru.bsportsfan.com/table-tennis/r/12296673/yevhen-masko-vs-oleksandr-tuzhylin,observed_only,26.07 03:28,Евген Маско vs Александр Тужилин,skip,0,0,0-3,miss,32,,,,,,,,,,,,,,,,,,,,,,,,,,,,,,,,,,,,,,,,,,,,,,,,,,,,,,,
bsportsfan-telegram-prediction-games-500-1785096901271.csv,https://ru.bsportsfan.com/table-tennis/r/12296679/maksym-marchuk-vs-oleksandr-gomilko,observed_only,26.07 00:15,Максим Марчук vs Александр Гомилко,,0,0,,,12,,,,,,,,,,,,,,,,,,,,,,,,,,,,,,,,,,,,,,,,,,,,,,,,,,,,,,,
bsportsfan-telegram-prediction-games-500-1785096901271.csv,https://ru.bsportsfan.com/table-tennis/r/12296689/ruslan-novak-vs-volodymyr-ivasiv-1971,observed_only,26.07 01:03,Руслан Новак vs Владимир Ивасив 1971,skip,0,0,3-0,hit,31,,,,,,,,,,,,,,,,,,,,,,,,,,,,,,,,,,,,,,,,,,,,,,,,,,,,,,,
bsportsfan-telegram-prediction-games-500-1785096901271.csv,https://ru.bsportsfan.com/table-tennis/r/12296695/yevhen-masko-vs-valerii-melnyk,observed_only,26.07 02:00,Евген Маско vs Валерии Мельник,skip,0,0,3-0,hit,28,,,,,,,,,,,,,,,,,,,,,,,,,,,,,,,,,,,,,,,,,,,,,,,,,,,,,,,
bsportsfan-telegram-prediction-games-500-1785096901271.csv,https://ru.bsportsfan.com/table-tennis/r/12296710/yevhen-masko-vs-roman-reznychenko,forecasted,26.07 00:27,Евген Маско vs Роман Резниченко,СТАВИМ,1,0,1-3,miss,35,,,,,,,,,,,,,,,,,,,,,,,,,,,,,,,,,,,,,,,,,,,,,,,,,,,,,,,
bsportsfan-telegram-prediction-games-500-1785096901271.csv,https://ru.bsportsfan.com/table-tennis/r/12296736/yaroslav-tebenko-vs-oleksii-rodin,forecasted,26.07 00:16,Ярослав Тебенко vs Алексей Родин,ПРОПУСК,0,0,2-3,hit,36,,,,,,,,,,,,,,,,,,,,,,,,,,,,,,,,,,,,,,,,,,,,,,,,,,,,,,,
bsportsfan-telegram-prediction-games-500-1785096901271.csv,https://ru.bsportsfan.com/table-tennis/r/12296740/josef-hanacek-vs-jan-seeman,forecasted,25.07 22:45,Йозеф Ганачек vs Ян Симан,СТАВИМ,1,0,3-2,hit,32,,,,,,,,,,,,,,,,,,,,,,,,,,,,,,,,,,,,,,,,,,,,,,,,,,,,,,,
bsportsfan-telegram-prediction-games-500-1785096901271.csv,https://ru.bsportsfan.com/table-tennis/r/12296745/dmytro-derevynskyi-vs-yan-krol,forecasted,26.07 00:35,Дмитрий Деревинский vs Ян Крол,СТАВИМ,1,0,3-2,hit,48,,,,,,,,,,,,,,,,,,,,,,,,,,,,,,,,,,,,,,,,,,,,,,,,,,,,,,,
bsportsfan-telegram-prediction-games-500-1785096901271.csv,https://ru.bsportsfan.com/table-tennis/r/12296754/volodymyr-korobko-vs-vladyslav-kovalchuk,observed_only,26.07 03:18,Владимир Коробко vs Владислав Ковальчук,skip,0,0,0-3,miss,29,,,,,,,,,,,,,,,,,,,,,,,,,,,,,,,,,,,,,,,,,,,,,,,,,,,,,,,
bsportsfan-telegram-prediction-games-500-1785096901271.csv,https://ru.bsportsfan.com/table-tennis/r/12296762/oleksandr-melashenko-vs-yan-krol,observed_only,26.07 03:39,Александр Мелашенко vs Ян Крол,,0,0,,,29,,,,,,,,,,,,,,,,,,,,,,,,,,,,,,,,,,,,,,,,,,,,,,,,,,,,,,,
bsportsfan-telegram-prediction-games-500-1785096901271.csv,https://ru.bsportsfan.com/table-tennis/r/12296769/roman-cherevko-vs-oleksandr-tuzhylin,observed_only,26.07 01:28,Роман Черевко vs Александр Тужилин,skip,0,0,1-3,miss,34,,,,,,,,,,,,,,,,,,,,,,,,,,,,,,,,,,,,,,,,,,,,,,,,,,,,,,,
bsportsfan-telegram-prediction-games-500-1785096901271.csv,https://ru.bsportsfan.com/table-tennis/r/12296792/yurii-parahailo-vs-dmytro-shchegelskyi,observed_only,26.07 03:34,Юрий Парахайло vs Дмитрий Щегельский,skip,0,0,1-3,miss,46,,,,,,,,,,,,,,,,,,,,,,,,,,,,,,,,,,,,,,,,,,,,,,,,,,,,,,,
bsportsfan-telegram-prediction-games-500-1785096901271.csv,https://ru.bsportsfan.com/table-tennis/r/12296801/yaroslav-tebenko-vs-oleksandr-storozhenko,observed_only,26.07 02:49,Ярослав Тебенко vs Александр Стороженко,skip,0,0,3-2,hit,45,,,,,,,,,,,,,,,,,,,,,,,,,,,,,,,,,,,,,,,,,,,,,,,,,,,,,,,
bsportsfan-telegram-prediction-games-500-1785096901271.csv,https://ru.bsportsfan.com/table-tennis/r/12296803/oleksii-rodin-vs-vladyslav-kovalchuk,forecasted,26.07 01:19,Алексей Родин vs Владислав Ковальчук,ПРОПУСК,0,0,3-2,hit,40,,,,,,,,,,,,,,,,,,,,,,,,,,,,,,,,,,,,,,,,,,,,,,,,,,,,,,,
bsportsfan-telegram-prediction-games-500-1785096901271.csv,https://ru.bsportsfan.com/table-tennis/r/12296812/maksym-khomenko-vs-dmytro-shchegelskyi,observed_only,26.07 01:33,Максим Хоменко vs Дмитрий Щегельский,skip,0,0,2-3,hit,37,,,,,,,,,,,,,,,,,,,,,,,,,,,,,,,,,,,,,,,,,,,,,,,,,,,,,,,
bsportsfan-telegram-prediction-games-500-1785096901271.csv,https://ru.bsportsfan.com/table-tennis/r/12296815/yurii-parahailo-vs-ruslan-novak,forecasted,26.07 02:00,Юрий Парахайло vs Руслан Новак,СТАВИМ,1,0,0-3,hit,32,,,,,,,,,,,,,,,,,,,,,,,,,,,,,,,,,,,,,,,,,,,,,,,,,,,,,,,
bsportsfan-telegram-prediction-games-500-1785096901271.csv,https://ru.bsportsfan.com/table-tennis/r/12296819/vasyl-moshovskyi-vs-oleksii-rodin,forecasted,26.07 02:15,Василий Мошовский vs Алексей Родин,ПРОПУСК,0,0,3-1,miss,23,,,,,,,,,,,,,,,,,,,,,,,,,,,,,,,,,,,,,,,,,,,,,,,,,,,,,,,
bsportsfan-telegram-prediction-games-500-1785096901271.csv,https://ru.bsportsfan.com/table-tennis/r/12296820/oleg-gavryshko-vs-oleksii-hrymovskyi,forecasted,25.07 19:58,Олег Гавришко vs Алексей Грымовский,СТАВИМ,1,0,0-3,hit,27,,,,,,,,,,,,,,,,,,,,,,,,,,,,,,,,,,,,,,,,,,,,,,,,,,,,,,,
bsportsfan-telegram-prediction-games-500-1785096901271.csv,https://ru.bsportsfan.com/table-tennis/r/12296855/maksym-marchuk-vs-yan-krol,observed_only,26.07 01:38,Максим Марчук vs Ян Крол,skip,0,0,3-1,hit,42,,,,,,,,,,,,,,,,,,,,,,,,,,,,,,,,,,,,,,,,,,,,,,,,,,,,,,,
bsportsfan-telegram-prediction-games-500-1785096901271.csv,https://ru.bsportsfan.com/table-tennis/r/12296860/oleksandr-tuzhylin-vs-roman-reznychenko,observed_only,26.07 02:29,Александр Тужилин vs Роман Резниченко,skip,0,0,3-0,hit,22,,,,,,,,,,,,,,,,,,,,,,,,,,,,,,,,,,,,,,,,,,,,,,,,,,,,,,,
bsportsfan-telegram-prediction-games-500-1785096901271.csv,https://ru.bsportsfan.com/table-tennis/r/12296861/dmytro-shchegelskyi-vs-ruslan-novak,observed_only,26.07 00:14,Дмитрий Щегельский vs Руслан Новак,,0,0,,,17,,,,,,,,,,,,,,,,,,,,,,,,,,,,,,,,,,,,,,,,,,,,,,,,,,,,,,,
bsportsfan-telegram-prediction-games-500-1785096901271.csv,https://ru.bsportsfan.com/table-tennis/r/12296881/volodymyr-korobko-vs-yaroslav-tebenko,forecasted,26.07 01:47,Владимир Коробко vs Ярослав Тебенко,ПРОПУСК,0,0,3-1,hit,45,,,,,,,,,,,,,,,,,,,,,,,,,,,,,,,,,,,,,,,,,,,,,,,,,,,,,,,
bsportsfan-telegram-prediction-games-500-1785096901271.csv,https://ru.bsportsfan.com/table-tennis/r/12296895/yevhen-pysmennyi-vs-valerii-melnyk,observed_only,26.07 00:59,Евгений Письменный vs Валерии Мельник,skip,0,0,1-3,miss,39,,,,,,,,,,,,,,,,,,,,,,,,,,,,,,,,,,,,,,,,,,,,,,,,,,,,,,,
bsportsfan-telegram-prediction-games-500-1785096901271.csv,https://ru.bsportsfan.com/table-tennis/r/12296905/maksym-marchuk-vs-vitalii-khamurda,observed_only,26.07 03:11,Максим Марчук vs Виталий Хамурда,skip,0,0,1-3,miss,58,,,,,,,,,,,,,,,,,,,,,,,,,,,,,,,,,,,,,,,,,,,,,,,,,,,,,,,
bsportsfan-telegram-prediction-games-500-1785096901271.csv,https://ru.bsportsfan.com/table-tennis/r/12296906/dmytro-derevynskyi-vs-oleksandr-melashenko,forecasted,26.07 02:36,Дмитрий Деревинский vs Александр Мелашенко,СТАВИМ,1,0,1-3,miss,28,,,,,,,,,,,,,,,,,,,,,,,,,,,,,,,,,,,,,,,,,,,,,,,,,,,,,,,
bsportsfan-telegram-prediction-games-500-1785096901271.csv,https://ru.bsportsfan.com/table-tennis/r/12296913/yurii-parahailo-vs-oleksandr-alieksieev,forecasted,26.07 00:32,Юрий Парахайло vs Александр Алексеев,СТАВИМ,1,0,0-3,hit,31,,,,,,,,,,,,,,,,,,,,,,,,,,,,,,,,,,,,,,,,,,,,,,,,,,,,,,,
bsportsfan-telegram-prediction-games-500-1785096901271.csv,https://ru.bsportsfan.com/table-tennis/r/12296923/vasyl-moshovskyi-vs-oleksandr-storozhenko,forecasted,26.07 00:45,Василий Мошовский vs Александр Стороженко,ПРОПУСК,0,0,2-3,hit,35,,,,,,,,,,,,,,,,,,,,,,,,,,,,,,,,,,,,,,,,,,,,,,,,,,,,,,,
bsportsfan-telegram-prediction-games-500-1785096901271.csv,https://ru.bsportsfan.com/table-tennis/r/12296927/bohdan-zaika-vs-serhii-solomko,forecasted,25.07 20:01,Богдан Заика vs Сергей Соломко,СТАВИМ,1,0,3-2,hit,29,,,,,,,,,,,,,,,,,,,,,,,,,,,,,,,,,,,,,,,,,,,,,,,,,,,,,,,
bsportsfan-telegram-prediction-games-500-1785096901271.csv,https://ru.bsportsfan.com/table-tennis/r/12296937/anton-shypilov-vs-nazarii-kovalchuk,observed_only,25.07 20:08,Антон Шипилов vs Назарий Ковальчук,,0,0,,,20,,,,,,,,,,,,,,,,,,,,,,,,,,,,,,,,,,,,,,,,,,,,,,,,,,,,,,,
bsportsfan-telegram-prediction-games-500-1785096901271.csv,https://ru.bsportsfan.com/table-tennis/r/12296939/adam-dvoracek-vs-oleh-plyska,observed_only,25.07 23:02,Адам Дворачек vs Олег Плиска,,0,0,,,23,,,,,,,,,,,,,,,,,,,,,,,,,,,,,,,,,,,,,,,,,,,,,,,,,,,,,,,
bsportsfan-telegram-prediction-games-500-1785096901271.csv,https://ru.bsportsfan.com/table-tennis/r/12296950/vitalii-khamurda-vs-oleksandr-gomilko,forecasted,26.07 02:06,Виталий Хамурда vs Александр Гомилко,ПРОПУСК,0,0,0-3,hit,25,,,,,,,,,,,,,,,,,,,,,,,,,,,,,,,,,,,,,,,,,,,,,,,,,,,,,,,
bsportsfan-telegram-prediction-games-500-1785096901271.csv,https://ru.bsportsfan.com/table-tennis/r/12296951/yurii-parahailo-vs-volodymyr-ivasiv-1971,observed_only,25.07 23:03,Юрий Парахайло vs Владимир Ивасив 1971,,0,0,,,20,,,,,,,,,,,,,,,,,,,,,,,,,,,,,,,,,,,,,,,,,,,,,,,,,,,,,,,
bsportsfan-telegram-prediction-games-500-1785096901271.csv,https://ru.bsportsfan.com/table-tennis/r/12296958/oleksandr-melashenko-vs-vitalii-khamurda,forecasted,26.07 01:05,Александр Мелашенко vs Виталий Хамурда,СТАВИМ,1,0,0-3,miss,29,,,,,,,,,,,,,,,,,,,,,,,,,,,,,,,,,,,,,,,,,,,,,,,,,,,,,,,
bsportsfan-telegram-prediction-games-500-1785096901271.csv,https://ru.bsportsfan.com/table-tennis/r/12296971/yevhen-pysmennyi-vs-roman-cherevko,observed_only,26.07 02:59,Евгений Письменный vs Роман Черевко,skip,0,0,2-3,hit,37,,,,,,,,,,,,,,,,,,,,,,,,,,,,,,,,,,,,,,,,,,,,,,,,,,,,,,,
bsportsfan-telegram-prediction-games-500-1785096901271.csv,https://ru.bsportsfan.com/table-tennis/r/12299308/michal-prochazka-vs-jan-vonasek,observed_only,25.07 22:43,Михал Прохазка vs Ян Вонасек,,0,0,,,19,,,,,,,,,,,,,,,,,,,,,,,,,,,,,,,,,,,,,,,,,,,,,,,,,,,,,,,
bsportsfan-telegram-prediction-games-500-1785096901271.csv,https://ru.bsportsfan.com/table-tennis/r/12299319/miroslav-barta-vs-jiri-hyrsl,forecasted,26.07 09:33,Мирослав Барта vs Иржи Гирсл,СТАВИМ,1,0,3-1,hit,24,,,,,,,,,,,,,,,,,,,,,,,,,,,,,,,,,,,,,,,,,,,,,,,,,,,,,,,
bsportsfan-telegram-prediction-games-500-1785096901271.csv,https://ru.bsportsfan.com/table-tennis/r/12299345/martin-tacinec-vs-jan-pleskot,forecasted,26.07 09:33,Мартин Тачинец vs Ян Плескот,СТАВИМ,1,0,3-0,hit,21,,,,,,,,,,,,,,,,,,,,,,,,,,,,,,,,,,,,,,,,,,,,,,,,,,,,,,,
bsportsfan-telegram-prediction-games-500-1785096901271.csv,https://ru.bsportsfan.com/table-tennis/r/12299371/pavel-bajtek-vs-ivo-taichman,forecasted,26.07 09:33,Павел Байтек vs Иво Тайчман,СТАВИМ,1,0,3-0,hit,28,,,,,,,,,,,,,,,,,,,,,,,,,,,,,,,,,,,,,,,,,,,,,,,,,,,,,,,
bsportsfan-telegram-prediction-games-500-1785096901271.csv,https://ru.bsportsfan.com/table-tennis/r/12299372/marek-holub-vs-zbynek-pagac,observed_only,26.07 21:42,Марек Голуб vs Збынек Пагац,,0,0,,,10,,,,,,,,,,,,,,,,,,,,,,,,,,,,,,,,,,,,,,,,,,,,,,,,,,,,,,,
bsportsfan-telegram-prediction-games-500-1785096901271.csv,https://ru.bsportsfan.com/table-tennis/r/12299373/vaclav-nohejl-1975-vs-tibor-kolenic,observed_only,26.07 17:30,Вацлав Нохейл 1975 vs Тибор Коленич,,0,0,,,42,,,,,,,,,,,,,,,,,,,,,,,,,,,,,,,,,,,,,,,,,,,,,,,,,,,,,,,
bsportsfan-telegram-prediction-games-500-1785096901271.csv,https://ru.bsportsfan.com/table-tennis/r/12299374/milan-kolar-vs-dmitro-parhomenko,forecasted,26.07 21:01,Милан Колар vs Дмитро Пархоменко,ПРОПУСК,0,0,1-3,miss,30,,,,,,,,,,,,,,,,,,,,,,,,,,,,,,,,,,,,,,,,,,,,,,,,,,,,,,,
bsportsfan-telegram-prediction-games-500-1785096901271.csv,https://ru.bsportsfan.com/table-tennis/r/12299382/radim-pavelka-vs-jakub-stolfa,observed_only,26.07 21:44,Радим Павелка vs Якуб Штольфа,,0,0,,,11,,,,,,,,,,,,,,,,,,,,,,,,,,,,,,,,,,,,,,,,,,,,,,,,,,,,,,,
bsportsfan-telegram-prediction-games-500-1785096901271.csv,https://ru.bsportsfan.com/table-tennis/r/12299385/michal-chalupa-vs-roman-hudeczek,forecasted,26.07 21:00,Михал Халупа vs Роман Худечек,ПРОПУСК,0,0,3-0,hit,31,,,,,,,,,,,,,,,,,,,,,,,,,,,,,,,,,,,,,,,,,,,,,,,,,,,,,,,
bsportsfan-telegram-prediction-games-500-1785096901271.csv,https://ru.bsportsfan.com/table-tennis/r/12299414/jiri-louda-vs-viktor-vejvoda,forecasted,26.07 22:30,Жири Лоуда vs Виктор Вейвода,ПРОПУСК,0,0,3-0,miss,31,,,,,,,,,,,,,,,,,,,,,,,,,,,,,,,,,,,,,,,,,,,,,,,,,,,,,,,
bsportsfan-telegram-prediction-games-500-1785096901271.csv,https://ru.bsportsfan.com/table-tennis/r/12299415/viktor-vejvoda-vs-martin-bittner,forecasted,26.07 21:00,Виктор Вейвода vs Мартин Биттнер,ПРОПУСК,0,0,3-1,miss,32,,,,,,,,,,,,,,,,,,,,,,,,,,,,,,,,,,,,,,,,,,,,,,,,,,,,,,,
bsportsfan-telegram-prediction-games-500-1785096901271.csv,https://ru.bsportsfan.com/table-tennis/r/12299416/viktor-vejvoda-vs-robin-pacha,observed_only,26.07 23:02,Виктор Вейвода vs Робин Пача,,0,0,,,29,,,,,,,,,,,,,,,,,,,,,,,,,,,,,,,,,,,,,,,,,,,,,,,,,,,,,,,
bsportsfan-telegram-prediction-games-500-1785096901271.csv,https://ru.bsportsfan.com/table-tennis/r/12299421/jiri-zuzanek-vs-denis-hofman,forecasted,26.07 15:30,Иржи Зузанек vs Денис Хофман,СТАВИМ,1,0,3-1,miss,34,,,,,,,,,,,,,,,,,,,,,,,,,,,,,,,,,,,,,,,,,,,,,,,,,,,,,,,
bsportsfan-telegram-prediction-games-500-1785096901271.csv,https://ru.bsportsfan.com/table-tennis/r/12299423/martin-sobisek-vs-tomas-vinter,observed_only,26.07 18:55,Мартин Собисек vs Томас Винтер,,0,0,,,7,,,,,,,,,,,,,,,,,,,,,,,,,,,,,,,,,,,,,,,,,,,,,,,,,,,,,,,
bsportsfan-telegram-prediction-games-500-1785096901271.csv,https://ru.bsportsfan.com/table-tennis/r/12299424/tomas-vinter-vs-mark-robin-wagner,forecasted,26.07 19:00,Томас Винтер vs Марк Робин Вагнер,ПРОПУСК,0,0,2-3,hit,42,,,,,,,,,,,,,,,,,,,,,,,,,,,,,,,,,,,,,,,,,,,,,,,,,,,,,,,
bsportsfan-telegram-prediction-games-500-1785096901271.csv,https://ru.bsportsfan.com/table-tennis/r/12299425/tomas-vinter-vs-ales-bayer,forecasted,26.07 17:02,Томас Винтер vs Алесь Байер,СТАВИМ,1,0,1-3,hit,37,,,,,,,,,,,,,,,,,,,,,,,,,,,,,,,,,,,,,,,,,,,,,,,,,,,,,,,
bsportsfan-telegram-prediction-games-500-1785096901271.csv,https://ru.bsportsfan.com/table-tennis/r/12299426/jiri-zuzanek-vs-petr-sebera,observed_only,26.07 14:02,Иржи Зузанек vs Петр Себера,,0,0,,,22,,,,,,,,,,,,,,,,,,,,,,,,,,,,,,,,,,,,,,,,,,,,,,,,,,,,,,,
bsportsfan-telegram-prediction-games-500-1785096901271.csv,https://ru.bsportsfan.com/table-tennis/r/12299444/mark-robin-wagner-vs-ales-bayer,observed_only,26.07 13:32,Марк Робин Вагнер vs Алесь Байер,,0,0,,,35,,,,,,,,,,,,,,,,,,,,,,,,,,,,,,,,,,,,,,,,,,,,,,,,,,,,,,,
bsportsfan-telegram-prediction-games-500-1785096901271.csv,https://ru.bsportsfan.com/table-tennis/r/12299518/dominik-oborny-vs-marcel-heczko,forecasted,26.07 17:30,Доминик Оборны vs Марсель Хецко,ПРОПУСК,0,0,1-3,miss,30,,,,,,,,,,,,,,,,,,,,,,,,,,,,,,,,,,,,,,,,,,,,,,,,,,,,,,,
bsportsfan-telegram-prediction-games-500-1785096901271.csv,https://ru.bsportsfan.com/table-tennis/r/12299519/radomir-vavrecka-vs-marek-volny,observed_only,26.07 17:01,Радомир Вавречка vs Марек Вольны,,0,0,,,32,,,,,,,,,,,,,,,,,,,,,,,,,,,,,,,,,,,,,,,,,,,,,,,,,,,,,,,
bsportsfan-telegram-prediction-games-500-1785096901271.csv,https://ru.bsportsfan.com/table-tennis/r/12299536/richard-wagner-vs-petr-sebera,forecasted,26.07 15:00,Рихард Вагнер vs Петр Себера,СТАВИМ,1,0,0-3,hit,23,,,,,,,,,,,,,,,,,,,,,,,,,,,,,,,,,,,,,,,,,,,,,,,,,,,,,,,
bsportsfan-telegram-prediction-games-500-1785096901271.csv,https://ru.bsportsfan.com/table-tennis/r/12299537/richard-wagner-vs-denis-hofman,forecasted,26.07 09:33,Рихард Вагнер vs Денис Хофман,СТАВИМ,1,0,0-3,hit,28,,,,,,,,,,,,,,,,,,,,,,,,,,,,,,,,,,,,,,,,,,,,,,,,,,,,,,,
bsportsfan-telegram-prediction-games-500-1785096901271.csv,https://ru.bsportsfan.com/table-tennis/r/12299538/denis-hofman-vs-richard-wagner,forecasted,26.07 14:30,Денис Хофман vs Рихард Вагнер,ПРОПУСК,0,0,3-1,miss,31,,,,,,,,,,,,,,,,,,,,,,,,,,,,,,,,,,,,,,,,,,,,,,,,,,,,,,,
bsportsfan-telegram-prediction-games-500-1785096901271.csv,https://ru.bsportsfan.com/table-tennis/r/12299539/jiri-louda-vs-richard-wagner,observed_only,26.07 11:03,Жири Лоуда vs Рихард Вагнер,skip,0,0,2-3,hit,41,,,,,,,,,,,,,,,,,,,,,,,,,,,,,,,,,,,,,,,,,,,,,,,,,,,,,,,
bsportsfan-telegram-prediction-games-500-1785096901271.csv,https://ru.bsportsfan.com/table-tennis/r/12299544/petr-sebera-vs-denis-hofman,observed_only,26.07 13:32,Петр Себера vs Денис Хофман,,0,0,,,38,,,,,,,,,,,,,,,,,,,,,,,,,,,,,,,,,,,,,,,,,,,,,,,,,,,,,,,
bsportsfan-telegram-prediction-games-500-1785096901271.csv,https://ru.bsportsfan.com/table-tennis/r/12299545/denis-hofman-vs-jiri-louda,observed_only,26.07 10:37,Денис Хофман vs Жири Лоуда,,0,0,,,23,,,,,,,,,,,,,,,,,,,,,,,,,,,,,,,,,,,,,,,,,,,,,,,,,,,,,,,
bsportsfan-telegram-prediction-games-500-1785096901271.csv,https://ru.bsportsfan.com/table-tennis/r/12299579/milan-fisera-vs-rostislav-hasmanda,observed_only,26.07 17:03,Милан Фисера vs Ростислав Хасманда,,0,0,,,33,,,,,,,,,,,,,,,,,,,,,,,,,,,,,,,,,,,,,,,,,,,,,,,,,,,,,,,
bsportsfan-telegram-prediction-games-500-1785096901271.csv,https://ru.bsportsfan.com/table-tennis/r/12299684/oleg-gavryshko-vs-serhii-hohenko,forecasted,25.07 22:55,Олег Гавришко vs Сергей Хогенко,СТАВИМ,1,0,0-3,hit,28,,,,,,,,,,,,,,,,,,,,,,,,,,,,,,,,,,,,,,,,,,,,,,,,,,,,,,,
bsportsfan-telegram-prediction-games-500-1785096901271.csv,https://ru.bsportsfan.com/table-tennis/r/12299711/matej-levicky-vs-zbynek-zientek,observed_only,26.07 13:32,Матей Левицкий vs Збинек Зиентек,,0,0,,,43,,,,,,,,,,,,,,,,,,,,,,,,,,,,,,,,,,,,,,,,,,,,,,,,,,,,,,,
bsportsfan-telegram-prediction-games-500-1785096901271.csv,https://ru.bsportsfan.com/table-tennis/r/12299847/david-horak-vs-kyryl-darin,observed_only,26.07 17:02,Дэвид Хорак vs Кирилл Дарин,,0,0,,,49,,,,,,,,,,,,,,,,,,,,,,,,,,,,,,,,,,,,,,,,,,,,,,,,,,,,,,,
bsportsfan-telegram-prediction-games-500-1785096901271.csv,https://ru.bsportsfan.com/table-tennis/r/12300085/jiri-plachy-vs-frantisek-briza,forecasted,26.07 17:31,Иржи Плачи vs Франтишек Бриза,СТАВИМ,1,0,3-0,hit,34,,,,,,,,,,,,,,,,,,,,,,,,,,,,,,,,,,,,,,,,,,,,,,,,,,,,,,,
bsportsfan-telegram-prediction-games-500-1785096901271.csv,https://ru.bsportsfan.com/table-tennis/r/12300091/miloslav-dvorak-vs-richard-vavricka,observed_only,25.07 22:41,Милослав Дворжак vs Ричард Вавричка,,0,0,,,23,,,,,,,,,,,,,,,,,,,,,,,,,,,,,,,,,,,,,,,,,,,,,,,,,,,,,,,
bsportsfan-telegram-prediction-games-500-1785096901271.csv,https://ru.bsportsfan.com/table-tennis/r/12300092/david-hons-vs-richard-vavricka,forecasted,25.07 23:07,Дэвид Хонс vs Ричард Вавричка,ПРОПУСК,0,0,2-3,hit,0,,,,,,,,,,,,,,,,,,,,,,,,,,,,,,,,,,,,,,,,,,,,,,,,,,,,,,,
bsportsfan-telegram-prediction-games-500-1785096901271.csv,https://ru.bsportsfan.com/table-tennis/r/12300095/marek-kulisek-vs-michal-prochazka,observed_only,26.07 00:14,Марер Кулисек vs Михал Прохазка,,0,0,,,10,,,,,,,,,,,,,,,,,,,,,,,,,,,,,,,,,,,,,,,,,,,,,,,,,,,,,,,
bsportsfan-telegram-prediction-games-500-1785096901271.csv,https://ru.bsportsfan.com/table-tennis/r/12300096/radek-sedlacek-vs-michal-macurak,forecasted,25.07 22:42,Радек Седлачек vs Михал Макурак,ПРОПУСК,0,0,0-3,miss,29,,,,,,,,,,,,,,,,,,,,,,,,,,,,,,,,,,,,,,,,,,,,,,,,,,,,,,,
bsportsfan-telegram-prediction-games-500-1785096901271.csv,https://ru.bsportsfan.com/table-tennis/r/12300097/tomas-ogrocki-vs-laurent-lasota,forecasted,25.07 22:46,Томас Огроцкий vs Лоран Ласота,ПРОПУСК,0,0,3-1,miss,33,,,,,,,,,,,,,,,,,,,,,,,,,,,,,,,,,,,,,,,,,,,,,,,,,,,,,,,
bsportsfan-telegram-prediction-games-500-1785096901271.csv,https://ru.bsportsfan.com/table-tennis/r/12300098/jan-vonasek-vs-michal-brozek,forecasted,26.07 00:25,Ян Вонасек vs Михал Брозек,ПРОПУСК,0,0,3-0,hit,32,,,,,,,,,,,,,,,,,,,,,,,,,,,,,,,,,,,,,,,,,,,,,,,,,,,,,,,
bsportsfan-telegram-prediction-games-500-1785096901271.csv,https://ru.bsportsfan.com/table-tennis/r/12300102/marek-kulisek-vs-jan-vonasek,forecasted,25.07 22:57,Марер Кулисек vs Ян Вонасек,ПРОПУСК,0,0,0-3,miss,25,,,,,,,,,,,,,,,,,,,,,,,,,,,,,,,,,,,,,,,,,,,,,,,,,,,,,,,
bsportsfan-telegram-prediction-games-500-1785096901271.csv,https://ru.bsportsfan.com/table-tennis/r/12300123/jiri-grohsgott-vs-miroslav-barta,observed_only,26.07 11:04,Иржи Грохсготт vs Мирослав Барта,skip,0,0,3-2,hit,38,,,,,,,,,,,,,,,,,,,,,,,,,,,,,,,,,,,,,,,,,,,,,,,,,,,,,,,
bsportsfan-telegram-prediction-games-500-1785096901271.csv,https://ru.bsportsfan.com/table-tennis/r/12300130/ales-bayer-vs-daniel-tuma,forecasted,26.07 14:31,Алесь Байер vs Дэниэл Тума,ПРОПУСК,0,0,2-3,hit,55,,,,,,,,,,,,,,,,,,,,,,,,,,,,,,,,,,,,,,,,,,,,,,,,,,,,,,,
bsportsfan-telegram-prediction-games-500-1785096901271.csv,https://ru.bsportsfan.com/table-tennis/r/12300133/daniel-tyn-vs-daniel-priesol,forecasted,26.07 17:06,Дэниел Тын vs Даниэль Приесол,СТАВИМ,1,0,3-1,miss,48,,,,,,,,,,,,,,,,,,,,,,,,,,,,,,,,,,,,,,,,,,,,,,,,,,,,,,,
bsportsfan-telegram-prediction-games-500-1785096901271.csv,https://ru.bsportsfan.com/table-tennis/r/12300135/daniel-langer-vs-pavel-bajtek,observed_only,26.07 11:05,Дэниел Лангер vs Павел Байтек,skip,0,0,3-0,hit,40,,,,,,,,,,,,,,,,,,,,,,,,,,,,,,,,,,,,,,,,,,,,,,,,,,,,,,,
bsportsfan-telegram-prediction-games-500-1785096901271.csv,https://ru.bsportsfan.com/table-tennis/r/12300136/tomas-regner-vs-martin-tacinec,observed_only,26.07 11:04,Томаш Регнер vs Мартин Тачинец,skip,0,0,1-3,miss,32,,,,,,,,,,,,,,,,,,,,,,,,,,,,,,,,,,,,,,,,,,,,,,,,,,,,,,,
bsportsfan-telegram-prediction-games-500-1785096901271.csv,https://ru.bsportsfan.com/table-tennis/r/12300137/martin-sobisek-vs-mark-robin-wagner,observed_only,26.07 14:02,Мартин Собисек vs Марк Робин Вагнер,,0,0,,,30,,,,,,,,,,,,,,,,,,,,,,,,,,,,,,,,,,,,,,,,,,,,,,,,,,,,,,,
bsportsfan-telegram-prediction-games-500-1785096901271.csv,https://ru.bsportsfan.com/table-tennis/r/12300138/frantisek-trojan-vs-miroslav-barta,forecasted,26.07 15:00,Франтишек Троян vs Мирослав Барта,СТАВИМ,1,0,0-3,miss,30,,,,,,,,,,,,,,,,,,,,,,,,,,,,,,,,,,,,,,,,,,,,,,,,,,,,,,,
bsportsfan-telegram-prediction-games-500-1785096901271.csv,https://ru.bsportsfan.com/table-tennis/r/12300139/ladislav-havel-1956-vs-michal-syroha,observed_only,26.07 15:29,Ладислав Гавел 1956 vs Михал Сирога,,0,0,,,35,,,,,,,,,,,,,,,,,,,,,,,,,,,,,,,,,,,,,,,,,,,,,,,,,,,,,,,
bsportsfan-telegram-prediction-games-500-1785096901271.csv,https://ru.bsportsfan.com/table-tennis/r/12300140/miroslav-barta-vs-michal-syroha,observed_only,26.07 13:33,Мирослав Барта vs Михал Сирога,,0,0,,,35,,,,,,,,,,,,,,,,,,,,,,,,,,,,,,,,,,,,,,,,,,,,,,,,,,,,,,,
bsportsfan-telegram-prediction-games-500-1785096901271.csv,https://ru.bsportsfan.com/table-tennis/r/12300145/daniel-priesol-vs-zbynek-zientek,forecasted,26.07 15:31,Даниэль Приесол vs Збинек Зиентек,СТАВИМ,1,0,1-3,hit,36,,,,,,,,,,,,,,,,,,,,,,,,,,,,,,,,,,,,,,,,,,,,,,,,,,,,,,,
bsportsfan-telegram-prediction-games-500-1785096901271.csv,https://ru.bsportsfan.com/table-tennis/r/12300149/kyryl-darin-vs-frantisek-briza,forecasted,26.07 19:30,Кирилл Дарин vs Франтишек Бриза,СТАВИМ,1,0,2-3,hit,41,,,,,,,,,,,,,,,,,,,,,,,,,,,,,,,,,,,,,,,,,,,,,,,,,,,,,,,
bsportsfan-telegram-prediction-games-500-1785096901271.csv,https://ru.bsportsfan.com/table-tennis/r/12300159/ladislav-havel-1956-vs-miroslav-barta,observed_only,26.07 13:58,Ладислав Гавел 1956 vs Мирослав Барта,,0,0,,,35,,,,,,,,,,,,,,,,,,,,,,,,,,,,,,,,,,,,,,,,,,,,,,,,,,,,,,,
bsportsfan-telegram-prediction-games-500-1785096901271.csv,https://ru.bsportsfan.com/table-tennis/r/12300181/daniel-tuma-vs-mark-robin-wagner,forecasted,26.07 15:00,Дэниэл Тума vs Марк Робин Вагнер,СТАВИМ,1,0,3-2,hit,39,,,,,,,,,,,,,,,,,,,,,,,,,,,,,,,,,,,,,,,,,,,,,,,,,,,,,,,
bsportsfan-telegram-prediction-games-500-1785096901271.csv,https://ru.bsportsfan.com/table-tennis/r/12300212/frantisek-briza-vs-david-horak,observed_only,26.07 18:55,Франтишек Бриза vs Дэвид Хорак,,0,0,,,6,,,,,,,,,,,,,,,,,,,,,,,,,,,,,,,,,,,,,,,,,,,,,,,,,,,,,,,
bsportsfan-telegram-prediction-games-500-1785096901271.csv,https://ru.bsportsfan.com/table-tennis/r/12300216/josef-toth-vs-alois-kanak,forecasted,26.07 15:30,Йозеф Тот vs Алоис Канак,ПРОПУСК,0,0,3-0,hit,30,,,,,,,,,,,,,,,,,,,,,,,,,,,,,,,,,,,,,,,,,,,,,,,,,,,,,,,
bsportsfan-telegram-prediction-games-500-1785096901271.csv,https://ru.bsportsfan.com/table-tennis/r/12300234/ales-bayer-vs-martin-sobisek,forecasted,26.07 19:31,Алесь Байер vs Мартин Собисек,СТАВИМ,1,0,0-3,miss,36,,,,,,,,,,,,,,,,,,,,,,,,,,,,,,,,,,,,,,,,,,,,,,,,,,,,,,,
bsportsfan-telegram-prediction-games-500-1785096901271.csv,https://ru.bsportsfan.com/table-tennis/r/12300284/michal-blaha-vs-radek-adamczyk,forecasted,26.07 15:01,Михал Блаха vs Радек Адамчик,ПРОПУСК,0,0,3-2,hit,30,,,,,,,,,,,,,,,,,,,,,,,,,,,,,,,,,,,,,,,,,,,,,,,,,,,,,,,
bsportsfan-telegram-prediction-games-500-1785096901271.csv,https://ru.bsportsfan.com/table-tennis/r/12300289/radek-adamczyk-vs-alois-kanak,observed_only,26.07 13:32,Радек Адамчик vs Алоис Канак,,0,0,,,43,,,,,,,,,,,,,,,,,,,,,,,,,,,,,,,,,,,,,,,,,,,,,,,,,,,,,,,
bsportsfan-telegram-prediction-games-500-1785096901271.csv,https://ru.bsportsfan.com/table-tennis/r/12300291/michal-syroha-vs-frantisek-trojan,forecasted,26.07 14:31,Михал Сирога vs Франтишек Троян,СТАВИМ,1,0,2-3,hit,37,,,,,,,,,,,,,,,,,,,,,,,,,,,,,,,,,,,,,,,,,,,,,,,,,,,,,,,
bsportsfan-telegram-prediction-games-500-1785096901271.csv,https://ru.bsportsfan.com/table-tennis/r/12300292/ivo-taichman-vs-daniel-langer,observed_only,26.07 10:40,Иво Тайчман vs Дэниел Лангер,,0,0,,,17,,,,,,,,,,,,,,,,,,,,,,,,,,,,,,,,,,,,,,,,,,,,,,,,,,,,,,,
bsportsfan-telegram-prediction-games-500-1785096901271.csv,https://ru.bsportsfan.com/table-tennis/r/12300296/dalimil-machander-vs-evzen-rychlik,forecasted,26.07 09:33,Далимил Мачандра vs Эвжен Рыхлик,СТАВИМ,1,0,3-1,miss,25,,,,,,,,,,,,,,,,,,,,,,,,,,,,,,,,,,,,,,,,,,,,,,,,,,,,,,,
bsportsfan-telegram-prediction-games-500-1785096901271.csv,https://ru.bsportsfan.com/table-tennis/r/12300297/jan-pleskot-vs-tomas-regner,observed_only,26.07 10:37,Ян Плескот vs Томаш Регнер,,0,0,,,27,,,,,,,,,,,,,,,,,,,,,,,,,,,,,,,,,,,,,,,,,,,,,,,,,,,,,,,
bsportsfan-telegram-prediction-games-500-1785096901271.csv,https://ru.bsportsfan.com/table-tennis/r/12300298/daniel-priesol-vs-matej-levicky,observed_only,26.07 14:02,Даниэль Приесол vs Матей Левицкий,,0,0,,,24,,,,,,,,,,,,,,,,,,,,,,,,,,,,,,,,,,,,,,,,,,,,,,,,,,,,,,,
bsportsfan-telegram-prediction-games-500-1785096901271.csv,https://ru.bsportsfan.com/table-tennis/r/12300301/daniel-tyn-vs-matej-levicky,forecasted,26.07 19:00,Дэниел Тын vs Матей Левицкий,СТАВИМ,1,0,3-1,hit,39,,,,,,,,,,,,,,,,,,,,,,,,,,,,,,,,,,,,,,,,,,,,,,,,,,,,,,,
bsportsfan-telegram-prediction-games-500-1785096901271.csv,https://ru.bsportsfan.com/table-tennis/r/12300305/josef-toth-vs-radek-adamczyk,observed_only,26.07 14:02,Йозеф Тот vs Радек Адамчик,,0,0,,,34,,,,,,,,,,,,,,,,,,,,,,,,,,,,,,,,,,,,,,,,,,,,,,,,,,,,,,,
bsportsfan-telegram-prediction-games-500-1785096901271.csv,https://ru.bsportsfan.com/table-tennis/r/12300461/jaroslav-neuwirth-snr-vs-dalimil-machander,observed_only,26.07 11:07,Ярослав Нойвирт ст. vs Далимил Мачандра,,0,0,,,36,,,,,,,,,,,,,,,,,,,,,,,,,,,,,,,,,,,,,,,,,,,,,,,,,,,,,,,
bsportsfan-telegram-prediction-games-500-1785096901271.csv,https://ru.bsportsfan.com/table-tennis/r/12300462/radomir-vavrecka-vs-dominik-oborny,forecasted,26.07 19:00,Радомир Вавречка vs Доминик Оборны,СТАВИМ,1,0,1-3,miss,37,,,,,,,,,,,,,,,,,,,,,,,,,,,,,,,,,,,,,,,,,,,,,,,,,,,,,,,
bsportsfan-telegram-prediction-games-500-1785096901271.csv,https://ru.bsportsfan.com/table-tennis/r/12300463/jiri-hyrsl-vs-jiri-grohsgott,observed_only,26.07 10:37,Иржи Гирсл vs Иржи Грохсготт,,0,0,,,22,,,,,,,,,,,,,,,,,,,,,,,,,,,,,,,,,,,,,,,,,,,,,,,,,,,,,,,
bsportsfan-telegram-prediction-games-500-1785096901271.csv,https://ru.bsportsfan.com/table-tennis/r/12300464/marek-volny-vs-marcel-heczko,forecasted,26.07 19:30,Марек Вольны vs Марсель Хецко,СТАВИМ,1,0,0-3,miss,27,,,,,,,,,,,,,,,,,,,,,,,,,,,,,,,,,,,,,,,,,,,,,,,,,,,,,,,
bsportsfan-telegram-prediction-games-500-1785096901271.csv,https://ru.bsportsfan.com/table-tennis/r/12300466/kyryl-darin-vs-jiri-plachy,forecasted,26.07 18:00,Кирилл Дарин vs Иржи Плачи,ПРОПУСК,0,0,,,40,,,,,,,,,,,,,,,,,,,,,,,,,,,,,,,,,,,,,,,,,,,,,,,,,,,,,,,
bsportsfan-telegram-prediction-games-500-1785096901271.csv,https://ru.bsportsfan.com/table-tennis/r/12300467/alois-kanak-vs-michal-blaha,forecasted,26.07 14:32,Алоис Канак vs Михал Блаха,СТАВИМ,1,0,0-3,hit,31,,,,,,,,,,,,,,,,,,,,,,,,,,,,,,,,,,,,,,,,,,,,,,,,,,,,,,,
bsportsfan-telegram-prediction-games-500-1785096901271.csv,https://ru.bsportsfan.com/table-tennis/r/12300468/mark-robin-wagner-vs-martin-sobisek,forecasted,26.07 17:31,Марк Робин Вагнер vs Мартин Собисек,ПРОПУСК,0,0,3-1,hit,34,,,,,,,,,,,,,,,,,,,,,,,,,,,,,,,,,,,,,,,,,,,,,,,,,,,,,,,
bsportsfan-telegram-prediction-games-500-1785096901271.csv,https://ru.bsportsfan.com/table-tennis/r/12300469/rostislav-hasmanda-vs-vaclav-nohejl-1975,observed_only,26.07 18:02,Ростислав Хасманда vs Вацлав Нохейл 1975,,0,0,,,32,,,,,,,,,,,,,,,,,,,,,,,,,,,,,,,,,,,,,,,,,,,,,,,,,,,,,,,
bsportsfan-telegram-prediction-games-500-1785096901271.csv,https://ru.bsportsfan.com/table-tennis/r/12300473/zbynek-zientek-vs-tomas-hrabec,forecasted,26.07 14:33,Збинек Зиентек vs Томаш Храбец,СТАВИМ,1,0,3-0,hit,28,,,,,,,,,,,,,,,,,,,,,,,,,,,,,,,,,,,,,,,,,,,,,,,,,,,,,,,
bsportsfan-telegram-prediction-games-500-1785096901271.csv,https://ru.bsportsfan.com/table-tennis/r/12300474/evzen-rychlik-vs-jaroslav-neuwirth-snr,observed_only,26.07 10:37,Эвжен Рыхлик vs Ярослав Нойвирт ст.,,0,0,,,23,,,,,,,,,,,,,,,,,,,,,,,,,,,,,,,,,,,,,,,,,,,,,,,,,,,,,,,
bsportsfan-telegram-prediction-games-500-1785096901271.csv,https://ru.bsportsfan.com/table-tennis/r/12300475/rostislav-hasmanda-vs-tibor-kolenic,forecasted,26.07 19:31,Ростислав Хасманда vs Тибор Коленич,СТАВИМ,1,0,1-3,miss,49,,,,,,,,,,,,,,,,,,,,,,,,,,,,,,,,,,,,,,,,,,,,,,,,,,,,,,,
bsportsfan-telegram-prediction-games-500-1785096901271.csv,https://ru.bsportsfan.com/table-tennis/r/12300477/martin-sobisek-vs-ales-bayer,forecasted,26.07 15:31,Мартин Собисек vs Алесь Байер,СТАВИМ,1,0,2-3,hit,35,,,,,,,,,,,,,,,,,,,,,,,,,,,,,,,,,,,,,,,,,,,,,,,,,,,,,,,
bsportsfan-telegram-prediction-games-500-1785096901271.csv,https://ru.bsportsfan.com/table-tennis/r/12300479/ales-bayer-vs-mark-robin-wagner,forecasted,26.07 18:01,Алесь Байер vs Марк Робин Вагнер,ПРОПУСК,0,0,,,33,,,,,,,,,,,,,,,,,,,,,,,,,,,,,,,,,,,,,,,,,,,,,,,,,,,,,,,
bsportsfan-telegram-prediction-games-500-1785096901271.csv,https://ru.bsportsfan.com/table-tennis/r/12300480/tomas-hrabec-vs-matej-levicky,forecasted,26.07 15:00,Томаш Храбец vs Матей Левицкий,СТАВИМ,1,0,3-0,miss,21,,,,,,,,,,,,,,,,,,,,,,,,,,,,,,,,,,,,,,,,,,,,,,,,,,,,,,,
bsportsfan-telegram-prediction-games-500-1785096901271.csv,https://ru.bsportsfan.com/table-tennis/r/12300482/daniel-priesol-vs-matej-levicky,observed_only,26.07 18:03,Даниэль Приесол vs Матей Левицкий,,0,0,,,32,,,,,,,,,,,,,,,,,,,,,,,,,,,,,,,,,,,,,,,,,,,,,,,,,,,,,,,
bsportsfan-telegram-prediction-games-500-1785096901271.csv,https://ru.bsportsfan.com/table-tennis/r/12300483/milan-fisera-vs-vaclav-nohejl-1975,observed_only,26.07 19:02,Милан Фисера vs Вацлав Нохейл 1975,,0,0,,,48,,,,,,,,,,,,,,,,,,,,,,,,,,,,,,,,,,,,,,,,,,,,,,,,,,,,,,,
bsportsfan-telegram-prediction-games-500-1785096901271.csv,https://ru.bsportsfan.com/table-tennis/r/12300485/marek-volny-vs-dominik-oborny,forecasted,26.07 18:00,Марек Вольны vs Доминик Оборны,СТАВИМ,1,0,3-1,hit,30,,,,,,,,,,,,,,,,,,,,,,,,,,,,,,,,,,,,,,,,,,,,,,,,,,,,,,,
bsportsfan-telegram-prediction-games-500-1785096901271.csv,https://ru.bsportsfan.com/table-tennis/r/12300486/daniel-priesol-vs-zbynek-zientek,forecasted,26.07 19:30,Даниэль Приесол vs Збинек Зиентек,ПРОПУСК,0,0,,,34,,,,,,,,,,,,,,,,,,,,,,,,,,,,,,,,,,,,,,,,,,,,,,,,,,,,,,,
bsportsfan-telegram-prediction-games-500-1785096901271.csv,https://ru.bsportsfan.com/table-tennis/r/12300487/matej-levicky-vs-zbynek-zientek,forecasted,26.07 17:31,Матей Левицкий vs Збинек Зиентек,СТАВИМ,1,0,0-3,hit,28,,,,,,,,,,,,,,,,,,,,,,,,,,,,,,,,,,,,,,,,,,,,,,,,,,,,,,,
bsportsfan-telegram-prediction-games-500-1785096901271.csv,https://ru.bsportsfan.com/table-tennis/r/12300596/artem-chepurnyi-vs-oleksandr-dukhovenko,observed_only,25.07 22:42,Артем Чепурный vs Александр Духовенко,,0,0,,,10,,,,,,,,,,,,,,,,,,,,,,,,,,,,,,,,,,,,,,,,,,,,,,,,,,,,,,,
bsportsfan-telegram-prediction-games-500-1785096901271.csv,https://ru.bsportsfan.com/table-tennis/r/12300663/vaclav-zidek-vs-tomas-milota,forecasted,26.07 21:01,Вацлав Зидек vs Томас Милота,СТАВИМ,1,0,3-2,hit,51,,,,,,,,,,,,,,,,,,,,,,,,,,,,,,,,,,,,,,,,,,,,,,,,,,,,,,,
bsportsfan-telegram-prediction-games-500-1785096901271.csv,https://ru.bsportsfan.com/table-tennis/r/12300666/robin-pacha-vs-jiri-louda,observed_only,26.07 21:43,Робин Пача vs Жири Лоуда,,0,0,,,2,,,,,,,,,,,,,,,,,,,,,,,,,,,,,,,,,,,,,,,,,,,,,,,,,,,,,,,
bsportsfan-telegram-prediction-games-500-1785096901271.csv,https://ru.bsportsfan.com/table-tennis/r/12300667/milan-kolar-vs-radim-pavelka,observed_only,26.07 23:04,Милан Колар vs Радим Павелка,,0,0,,,26,,,,,,,,,,,,,,,,,,,,,,,,,,,,,,,,,,,,,,,,,,,,,,,,,,,,,,,
bsportsfan-telegram-prediction-games-500-1785096901271.csv,https://ru.bsportsfan.com/table-tennis/r/12300669/vaclav-zidek-vs-dominik-oborny,observed_only,26.07 23:03,Вацлав Зидек vs Доминик Оборны,,0,0,,,37,,,,,,,,,,,,,,,,,,,,,,,,,,,,,,,,,,,,,,,,,,,,,,,,,,,,,,,
bsportsfan-telegram-prediction-games-500-1785096901271.csv,https://ru.bsportsfan.com/table-tennis/r/12300672/michal-chalupa-vs-marek-holub,observed_only,26.07 23:03,Михал Халупа vs Марек Голуб,,0,0,,,28,,,,,,,,,,,,,,,,,,,,,,,,,,,,,,,,,,,,,,,,,,,,,,,,,,,,,,,
bsportsfan-telegram-prediction-games-500-1785096901271.csv,https://ru.bsportsfan.com/table-tennis/r/12300676/tomas-milota-vs-dominik-oborny,forecasted,26.07 22:00,Томас Милота vs Доминик Оборны,СТАВИМ,1,0,1-3,hit,34,,,,,,,,,,,,,,,,,,,,,,,,,,,,,,,,,,,,,,,,,,,,,,,,,,,,,,,
bsportsfan-telegram-prediction-games-500-1785096901271.csv,https://ru.bsportsfan.com/table-tennis/r/12300679/martin-bittner-vs-robin-pacha,forecasted,26.07 22:01,Мартин Биттнер vs Робин Пача,СТАВИМ,1,0,0-3,hit,35,,,,,,,,,,,,,,,,,,,,,,,,,,,,,,,,,,,,,,,,,,,,,,,,,,,,,,,
bsportsfan-telegram-prediction-games-500-1785096901271.csv,https://ru.bsportsfan.com/table-tennis/r/12300709/jiri-plachy-vs-david-horak,observed_only,26.07 23:03,Иржи Плачи vs Дэвид Хорак,,0,0,,,27,,,,,,,,,,,,,,,,,,,,,,,,,,,,,,,,,,,,,,,,,,,,,,,,,,,,,,,
bsportsfan-telegram-prediction-games-500-1785096901271.csv,https://ru.bsportsfan.com/table-tennis/r/12300710/zbynek-pagac-vs-michal-chalupa,forecasted,26.07 22:30,Збынек Пагац vs Михал Халупа,СТАВИМ,1,0,3-2,hit,46,,,,,,,,,,,,,,,,,,,,,,,,,,,,,,,,,,,,,,,,,,,,,,,,,,,,,,,
bsportsfan-telegram-prediction-games-500-1785096901271.csv,https://ru.bsportsfan.com/table-tennis/r/12300728/dmitro-parhomenko-vs-radim-pavelka,forecasted,26.07 22:00,Дмитро Пархоменко vs Радим Павелка,СТАВИМ,1,0,,,35,,,,,,,,,,,,,,,,,,,,,,,,,,,,,,,,,,,,,,,,,,,,,,,,,,,,,,,
bsportsfan-telegram-prediction-games-500-1785096901271.csv,https://ru.bsportsfan.com/table-tennis/r/12300731/dominik-oborny-vs-marcel-heczko,observed_only,26.07 21:42,Доминик Оборны vs Марсель Хецко,,0,0,,,12,,,,,,,,,,,,,,,,,,,,,,,,,,,,,,,,,,,,,,,,,,,,,,,,,,,,,,,
bsportsfan-telegram-prediction-games-500-1785096901271.csv,https://ru.bsportsfan.com/table-tennis/r/12300734/jakub-stolfa-vs-milan-kolar,forecasted,26.07 22:30,Якуб Штольфа vs Милан Колар,ПРОПУСК,0,0,3-1,hit,40,,,,,,,,,,,,,,,,,,,,,,,,,,,,,,,,,,,,,,,,,,,,,,,,,,,,,,,
bsportsfan-telegram-prediction-games-500-1785096901271.csv,https://ru.bsportsfan.com/table-tennis/r/12300735/kyryl-darin-vs-jiri-plachy,forecasted,26.07 22:31,Кирилл Дарин vs Иржи Плачи,ПРОПУСК,0,0,0-3,hit,36,,,,,,,,,,,,,,,,,,,,,,,,,,,,,,,,,,,,,,,,,,,,,,,,,,,,,,,
bsportsfan-telegram-prediction-games-500-1785096901271.csv,https://ru.bsportsfan.com/table-tennis/r/12300739/david-horak-vs-jiri-plachy,forecasted,26.07 19:00,Дэвид Хорак vs Иржи Плачи,ПРОПУСК,0,0,0-3,hit,34,,,,,,,,,,,,,,,,,,,,,,,,,,,,,,,,,,,,,,,,,,,,,,,,,,,,,,,
bsportsfan-telegram-prediction-games-500-1785096901271.csv,https://ru.bsportsfan.com/table-tennis/r/12300741/marcel-heczko-vs-vaclav-zidek,forecasted,26.07 22:30,Марсель Хецко vs Вацлав Зидек,СТАВИМ,1,0,3-0,miss,24,,,,,,,,,,,,,,,,,,,,,,,,,,,,,,,,,,,,,,,,,,,,,,,,,,,,,,,
bsportsfan-telegram-prediction-games-500-1785096901271.csv,https://ru.bsportsfan.com/table-tennis/r/12300744/roman-hudeczek-vs-marek-holub,forecasted,26.07 22:01,Роман Худечек vs Марек Голуб,СТАВИМ,1,0,3-0,miss,32,,,,,,,,,,,,,,,,,,,,,,,,,,,,,,,,,,,,,,,,,,,,,,,,,,,,,,,
bsportsfan-telegram-prediction-games-500-1785096901271.csv,https://ru.bsportsfan.com/table-tennis/r/12300749/david-horak-vs-kyryl-darin,observed_only,26.07 21:45,Дэвид Хорак vs Кирилл Дарин,,0,0,,,17,,,,,,,,,,,,,,,,,,,,,,,,,,,,,,,,,,,,,,,,,,,,,,,,,,,,,,,
bsportsfan-telegram-prediction-games-500-1785096901271.csv,https://ru.bsportsfan.com/table-tennis/r/12300756/frantisek-briza-vs-david-horak,forecasted,26.07 22:01,Франтишек Бриза vs Дэвид Хорак,СТАВИМ,1,0,,,37,,,,,,,,,,,,,,,,,,,,,,,,,,,,,,,,,,,,,,,,,,,,,,,,,,,,,,,
bsportsfan-telegram-prediction-games-500-1785096901271.csv,https://ru.bsportsfan.com/table-tennis/r/12300846/jiri-plachy-vs-frantisek-briza,forecasted,26.07 21:00,Иржи Плачи vs Франтишек Бриза,СТАВИМ,1,0,,,57,,,,,,,,,,,,,,,,,,,,,,,,,,,,,,,,,,,,,,,,,,,,,,,,,,,,,,,
bsportsfan-telegram-prediction-games-500-1785096901271.csv,https://ru.bsportsfan.com/table-tennis/r/12301095/radim-urbaniec-vs-david-szotek,forecasted,25.07 20:00,Радим Урбанец vs Дэвид Шотек,СТАВИМ,1,0,3-0,hit,25,,,,,,,,,,,,,,,,,,,,,,,,,,,,,,,,,,,,,,,,,,,,,,,,,,,,,,,
bsportsfan-telegram-prediction-games-500-1785096901271.csv,https://ru.bsportsfan.com/table-tennis/r/12301106/libor-jemelka-vs-filip-zurek,forecasted,25.07 20:00,Либор Джемелка vs Филип Журек,ПРОПУСК,0,0,3-0,hit,23,,,,,,,,,,,,,,,,,,,,,,,,,,,,,,,,,,,,,,,,,,,,,,,,,,,,,,,
bsportsfan-telegram-prediction-games-500-1785096901271.csv,https://ru.bsportsfan.com/table-tennis/r/12301132/martin-chmelicek-vs-radek-hruby,forecasted,25.07 20:06,Мартин Хмеличек vs Радек Груби,ПРОПУСК,0,0,3-0,hit,23,,,,,,,,,,,,,,,,,,,,,,,,,,,,,,,,,,,,,,,,,,,,,,,,,,,,,,,
bsportsfan-telegram-prediction-games-500-1785096901271.csv,https://ru.bsportsfan.com/table-tennis/r/12301139/dmitro-kuzmenko-vs-dmytro-prylepa,forecasted,25.07 20:00,Дмитро Кузьменко vs Дмитрий Прилепа,ПРОПУСК,0,0,2-3,hit,32,,,,,,,,,,,,,,,,,,,,,,,,,,,,,,,,,,,,,,,,,,,,,,,,,,,,,,,
bsportsfan-telegram-prediction-games-500-1785096901271.csv,https://ru.bsportsfan.com/table-tennis/r/12301140/roman-horokh-vs-dmytro-yurkov,forecasted,25.07 20:00,Роман Хорокх vs Дмитрий Юрков,ПРОПУСК,0,0,,,27,,,,,,,,,,,,,,,,,,,,,,,,,,,,,,,,,,,,,,,,,,,,,,,,,,,,,,,
bsportsfan-telegram-prediction-games-500-1785096901271.csv,https://ru.bsportsfan.com/table-tennis/r/12301143/pavel-moulis-vs-victor-kucala,observed_only,25.07 20:03,Павел Мулис vs Виктор Кучала,,0,0,,,25,,,,,,,,,,,,,,,,,,,,,,,,,,,,,,,,,,,,,,,,,,,,,,,,,,,,,,,
bsportsfan-telegram-prediction-games-500-1785096901271.csv,https://ru.bsportsfan.com/table-tennis/r/12301144/jiri-zuzanek-vs-tomas-vinter,forecasted,25.07 20:00,Иржи Зузанек vs Томас Винтер,ПРОПУСК,0,0,3-1,hit,28,,,,,,,,,,,,,,,,,,,,,,,,,,,,,,,,,,,,,,,,,,,,,,,,,,,,,,,
bsportsfan-telegram-prediction-games-500-1785096901271.csv,https://ru.bsportsfan.com/table-tennis/r/12301148/martin-huk-vs-jan-kanera,forecasted,25.07 20:00,Мартин Хук vs Ян Канера,ПРОПУСК,0,0,3-0,hit,44,,,,,,,,,,,,,,,,,,,,,,,,,,,,,,,,,,,,,,,,,,,,,,,,,,,,,,,
bsportsfan-telegram-prediction-games-500-1785096901271.csv,https://ru.bsportsfan.com/table-tennis/r/12301150/viktor-vejvoda-vs-richard-wagner,forecasted,25.07 20:03,Виктор Вейвода vs Рихард Вагнер,ПРОПУСК,0,0,1-3,miss,27,,,,,,,,,,,,,,,,,,,,,,,,,,,,,,,,,,,,,,,,,,,,,,,,,,,,,,,
bsportsfan-telegram-prediction-games-500-1785096901271.csv,https://ru.bsportsfan.com/table-tennis/r/12301171/michal-macurak-vs-lukas-kantor,forecasted,25.07 20:11,Михал Макурак vs Лукас Кантор,ПРОПУСК,0,0,3-0,miss,0,,,,,,,,,,,,,,,,,,,,,,,,,,,,,,,,,,,,,,,,,,,,,,,,,,,,,,,
bsportsfan-telegram-prediction-games-500-1785096901271.csv,https://ru.bsportsfan.com/table-tennis/r/12301672/lukas-krupnik-jnr-vs-martin-sobota,observed_only,26.07 09:32,Лукаш Крупник-мл. vs Мартин Собота,,0,0,,,17,,,,,,,,,,,,,,,,,,,,,,,,,,,,,,,,,,,,,,,,,,,,,,,,,,,,,,,
bsportsfan-telegram-prediction-games-500-1785096901271.csv,https://ru.bsportsfan.com/table-tennis/r/12301716/martin-stusek-vs-ondrej-kadavy,observed_only,26.07 14:29,Мартин Стусек vs Ондрей Кадави,,0,0,,,35,,,,,,,,,,,,,,,,,,,,,,,,,,,,,,,,,,,,,,,,,,,,,,,,,,,,,,,
bsportsfan-telegram-prediction-games-500-1785096901271.csv,https://ru.bsportsfan.com/table-tennis/r/12301717/vit-benak-vs-tomas-vorisek,observed_only,26.07 14:12,Вит Бенак vs Томас Воржишек,,0,0,,,9,,,,,,,,,,,,,,,,,,,,,,,,,,,,,,,,,,,,,,,,,,,,,,,,,,,,,,,
bsportsfan-telegram-prediction-games-500-1785096901271.csv,https://ru.bsportsfan.com/table-tennis/r/12301975/radek-fnukal-vs-radek-fitl,observed_only,26.07 13:12,Радек Фнукал vs Радек Фитль,,0,0,,,1,,,,,,,,,,,,,,,,,,,,,,,,,,,,,,,,,,,,,,,,,,,,,,,,,,,,,,,
bsportsfan-telegram-prediction-games-500-1785096901271.csv,https://ru.bsportsfan.com/table-tennis/r/12301976/jan-ruzicka-vs-matej-holub,forecasted,26.07 09:35,Ян Ружичка vs Матей Голуб,ПРОПУСК,0,0,3-0,hit,18,,,,,,,,,,,,,,,,,,,,,,,,,,,,,,,,,,,,,,,,,,,,,,,,,,,,,,,
bsportsfan-telegram-prediction-games-500-1785096901271.csv,https://ru.bsportsfan.com/table-tennis/r/12301979/lukas-pour-vs-michal-nemec,observed_only,26.07 13:52,Лукас Пур vs Михал Немец,,0,0,,,27,,,,,,,,,,,,,,,,,,,,,,,,,,,,,,,,,,,,,,,,,,,,,,,,,,,,,,,
bsportsfan-telegram-prediction-games-500-1785096901271.csv,https://ru.bsportsfan.com/table-tennis/r/12302015/jaroslav-brynych-vs-radek-zeman,observed_only,26.07 13:30,Ярослав Бринич vs Радек Земан,,0,0,,,19,,,,,,,,,,,,,,,,,,,,,,,,,,,,,,,,,,,,,,,,,,,,,,,,,,,,,,,
bsportsfan-telegram-prediction-games-500-1785096901271.csv,https://ru.bsportsfan.com/table-tennis/r/12302036/taras-gil-vs-oleh-lutsyshyn,observed_only,26.07 14:01,Тарас Гиль vs Олег Луцышин,,0,0,,,28,,,,,,,,,,,,,,,,,,,,,,,,,,,,,,,,,,,,,,,,,,,,,,,,,,,,,,,
bsportsfan-telegram-prediction-games-500-1785096901271.csv,https://ru.bsportsfan.com/table-tennis/r/12302049/oleg-shvydkyi-vs-serhii-honcharenko,observed_only,26.07 10:37,Олег Швыдкий vs Сергей Гончаренко,,0,0,,,24,,,,,,,,,,,,,,,,,,,,,,,,,,,,,,,,,,,,,,,,,,,,,,,,,,,,,,,
bsportsfan-telegram-prediction-games-500-1785096901271.csv,https://ru.bsportsfan.com/table-tennis/r/12302050/ondrej-chadima-vs-jachym-juppa,observed_only,26.07 22:47,Ондрей Чадима vs Яхим Джуппа,,0,0,,,42,,,,,,,,,,,,,,,,,,,,,,,,,,,,,,,,,,,,,,,,,,,,,,,,,,,,,,,
bsportsfan-telegram-prediction-games-500-1785096901271.csv,https://ru.bsportsfan.com/table-tennis/r/12302057/valerii-melnyk-vs-oleksandr-tuzhylin,observed_only,26.07 16:59,Валерии Мельник vs Александр Тужилин,,0,0,,,41,,,,,,,,,,,,,,,,,,,,,,,,,,,,,,,,,,,,,,,,,,,,,,,,,,,,,,,
bsportsfan-telegram-prediction-games-500-1785096901271.csv,https://ru.bsportsfan.com/table-tennis/r/12302058/myhailo-styranets-vs-oleh-lutsyshyn,observed_only,26.07 09:35,Михаил Стиранец vs Олег Луцышин,,0,0,,,4,,,,,,,,,,,,,,,,,,,,,,,,,,,,,,,,,,,,,,,,,,,,,,,,,,,,,,,
bsportsfan-telegram-prediction-games-500-1785096901271.csv,https://ru.bsportsfan.com/table-tennis/r/12302059/ihor-serdiuk-vs-ihor-torhachov,forecasted,26.07 19:30,Игорь Сердюк vs Игорь Торгачев,ПРОПУСК,0,0,2-3,hit,47,,,,,,,,,,,,,,,,,,,,,,,,,,,,,,,,,,,,,,,,,,,,,,,,,,,,,,,
bsportsfan-telegram-prediction-games-500-1785096901271.csv,https://ru.bsportsfan.com/table-tennis/r/12302069/vsevolod-kheresko-vs-dmytro-belanchyk,observed_only,26.07 15:30,Всеволод Хереско vs Дмитро Беланчик,,0,0,,,47,,,,,,,,,,,,,,,,,,,,,,,,,,,,,,,,,,,,,,,,,,,,,,,,,,,,,,,
bsportsfan-telegram-prediction-games-500-1785096901271.csv,https://ru.bsportsfan.com/table-tennis/r/12302080/oleksandr-alieksieev-vs-yurii-parahailo,forecasted,26.07 20:41,Александр Алексеев vs Юрий Парахайло,СТАВИМ,1,0,1-3,miss,29,,,,,,,,,,,,,,,,,,,,,,,,,,,,,,,,,,,,,,,,,,,,,,,,,,,,,,,
bsportsfan-telegram-prediction-games-500-1785096901271.csv,https://ru.bsportsfan.com/table-tennis/r/12302083/volodymyr-melnykov-vs-maksym-stetsenko,forecasted,26.07 17:05,Владимир Мельников vs Максим Стеценко,ПРОПУСК,0,0,1-3,miss,46,,,,,,,,,,,,,,,,,,,,,,,,,,,,,,,,,,,,,,,,,,,,,,,,,,,,,,,
bsportsfan-telegram-prediction-games-500-1785096901271.csv,https://ru.bsportsfan.com/table-tennis/r/12302086/artem-kasyanov-vs-oleksandr-syksa,observed_only,26.07 11:03,Артем Касьянов vs Александр Сыкса,skip,0,0,3-0,hit,27,,,,,,,,,,,,,,,,,,,,,,,,,,,,,,,,,,,,,,,,,,,,,,,,,,,,,,,
bsportsfan-telegram-prediction-games-500-1785096901271.csv,https://ru.bsportsfan.com/table-tennis/r/12302087/oleksandr-mytsyk-vs-vasil-smyk,observed_only,26.07 17:34,Александр Мыцык vs Василь Смык,,0,0,,,41,,,,,,,,,,,,,,,,,,,,,,,,,,,,,,,,,,,,,,,,,,,,,,,,,,,,,,,
bsportsfan-telegram-prediction-games-500-1785096901271.csv,https://ru.bsportsfan.com/table-tennis/r/12302088/ondrej-mezera-vs-adam-radkovsky,forecasted,26.07 16:23,Ондрей Мезера vs Адам Радковски,ПРОПУСК,0,0,0-3,miss,27,,,,,,,,,,,,,,,,,,,,,,,,,,,,,,,,,,,,,,,,,,,,,,,,,,,,,,,
bsportsfan-telegram-prediction-games-500-1785096901271.csv,https://ru.bsportsfan.com/table-tennis/r/12302102/andrii-martyniuk-vs-serhii-solomko,observed_only,26.07 14:31,Андрей Мартынюк vs Сергей Соломко,,0,0,,,4,,,,,,,,,,,,,,,,,,,,,,,,,,,,,,,,,,,,,,,,,,,,,,,,,,,,,,,
bsportsfan-telegram-prediction-games-500-1785096901271.csv,https://ru.bsportsfan.com/table-tennis/r/12302111/sergii-skhabitskiy-vs-maksym-stetsenko,forecasted,26.07 15:06,Сергей Схабицкий vs Максим Стеценко,ПРОПУСК,0,0,3-1,hit,42,,,,,,,,,,,,,,,,,,,,,,,,,,,,,,,,,,,,,,,,,,,,,,,,,,,,,,,
bsportsfan-telegram-prediction-games-500-1785096901271.csv,https://ru.bsportsfan.com/table-tennis/r/12302114/petr-hlina-vs-josef-hanacek,forecasted,26.07 09:33,Петр Глина vs Йозеф Ганачек,ПРОПУСК,0,0,1-3,hit,28,,,,,,,,,,,,,,,,,,,,,,,,,,,,,,,,,,,,,,,,,,,,,,,,,,,,,,,
bsportsfan-telegram-prediction-games-500-1785096901271.csv,https://ru.bsportsfan.com/table-tennis/r/12302118/serhii-rak-vs-nikita-hoshko,observed_only,26.07 23:03,Сергей Рак vs Никита Хошко,,0,0,,,20,,,,,,,,,,,,,,,,,,,,,,,,,,,,,,,,,,,,,,,,,,,,,,,,,,,,,,,
bsportsfan-telegram-prediction-games-500-1785096901271.csv,https://ru.bsportsfan.com/table-tennis/r/12302119/martin-holub-vs-marcel-cmil,forecasted,26.07 20:31,Мартин Холуб vs Масел Кмил,СТАВИМ,1,0,3-2,hit,48,,,,,,,,,,,,,,,,,,,,,,,,,,,,,,,,,,,,,,,,,,,,,,,,,,,,,,,
bsportsfan-telegram-prediction-games-500-1785096901271.csv,https://ru.bsportsfan.com/table-tennis/r/12302120/serhii-prus-vs-oleh-lutsyshyn,observed_only,26.07 11:28,Сергей Прус vs Олег Луцышин,,0,0,,,44,,,,,,,,,,,,,,,,,,,,,,,,,,,,,,,,,,,,,,,,,,,,,,,,,,,,,,,
bsportsfan-telegram-prediction-games-500-1785096901271.csv,https://ru.bsportsfan.com/table-tennis/r/12302131/zdenek-zahradka-vs-pavel-rissky,observed_only,26.07 10:38,Зденек Захрадка vs Павел Рисски,,0,0,,,8,,,,,,,,,,,,,,,,,,,,,,,,,,,,,,,,,,,,,,,,,,,,,,,,,,,,,,,
bsportsfan-telegram-prediction-games-500-1785096901271.csv,https://ru.bsportsfan.com/table-tennis/r/12302230/vaclav-zidek-vs-jaroslav-schwan,forecasted,26.07 00:30,Вацлав Зидек vs Ярослав Шван,СТАВИМ,1,0,2-3,hit,39,,,,,,,,,,,,,,,,,,,,,,,,,,,,,,,,,,,,,,,,,,,,,,,,,,,,,,,
bsportsfan-telegram-prediction-games-500-1785096901271.csv,https://ru.bsportsfan.com/table-tennis/r/12302232/ondrej-skvor-vs-laurent-lasota,forecasted,26.07 00:15,Ондржей Сквор vs Лоран Ласота,ПРОПУСК,0,0,3-2,hit,48,,,,,,,,,,,,,,,,,,,,,,,,,,,,,,,,,,,,,,,,,,,,,,,,,,,,,,,
bsportsfan-telegram-prediction-games-500-1785096901271.csv,https://ru.bsportsfan.com/table-tennis/r/12302234/josef-hanacek-vs-jakub-mejzlik,observed_only,26.07 00:15,Йозеф Ганачек vs Якуб Мейзлик,,0,0,,,6,,,,,,,,,,,,,,,,,,,,,,,,,,,,,,,,,,,,,,,,,,,,,,,,,,,,,,,
bsportsfan-telegram-prediction-games-500-1785096901271.csv,https://ru.bsportsfan.com/table-tennis/r/12302236/radek-hruby-vs-miloslav-dvorak,forecasted,26.07 00:13,Радек Груби vs Милослав Дворжак,ПРОПУСК,0,0,2-3,hit,51,,,,,,,,,,,,,,,,,,,,,,,,,,,,,,,,,,,,,,,,,,,,,,,,,,,,,,,
bsportsfan-telegram-prediction-games-500-1785096901271.csv,https://ru.bsportsfan.com/table-tennis/r/12302238/frantisek-trojan-vs-jiri-grohsgott,observed_only,26.07 00:14,Франтишек Троян vs Иржи Грохсготт,,0,0,,,11,,,,,,,,,,,,,,,,,,,,,,,,,,,,,,,,,,,,,,,,,,,,,,,,,,,,,,,
bsportsfan-telegram-prediction-games-500-1785096901271.csv,https://ru.bsportsfan.com/table-tennis/r/12302241/adam-dvoracek-vs-petr-kotrbacek,observed_only,26.07 00:13,Адам Дворачек vs Петр Котрбачек,,0,0,,,16,,,,,,,,,,,,,,,,,,,,,,,,,,,,,,,,,,,,,,,,,,,,,,,,,,,,,,,
bsportsfan-telegram-prediction-games-500-1785096901271.csv,https://ru.bsportsfan.com/table-tennis/r/12302245/dominik-oborny-vs-daniel-langer,observed_only,26.07 00:15,Доминик Оборны vs Дэниел Лангер,,0,0,,,9,,,,,,,,,,,,,,,,,,,,,,,,,,,,,,,,,,,,,,,,,,,,,,,,,,,,,,,
bsportsfan-telegram-prediction-games-500-1785096901271.csv,https://ru.bsportsfan.com/table-tennis/r/12302250/ondrej-kus-vs-michal-macurak,forecasted,26.07 00:13,Ондрей Кус vs Михал Макурак,ПРОПУСК,0,0,0-3,hit,24,,,,,,,,,,,,,,,,,,,,,,,,,,,,,,,,,,,,,,,,,,,,,,,,,,,,,,,
bsportsfan-telegram-prediction-games-500-1785096901271.csv,https://ru.bsportsfan.com/table-tennis/r/12302257/milan-klement-vs-jiri-louda,observed_only,26.07 00:12,Милан Клемент vs Жири Лоуда,,0,0,,,7,,,,,,,,,,,,,,,,,,,,,,,,,,,,,,,,,,,,,,,,,,,,,,,,,,,,,,,
bsportsfan-telegram-prediction-games-500-1785096901271.csv,https://ru.bsportsfan.com/table-tennis/r/12302271/david-skulina-vs-daniel-vitasek,forecasted,26.07 14:40,Давид Скулина vs Даниэль Витасек,ПРОПУСК,0,0,2-3,hit,48,,,,,,,,,,,,,,,,,,,,,,,,,,,,,,,,,,,,,,,,,,,,,,,,,,,,,,,
bsportsfan-telegram-prediction-games-500-1785096901271.csv,https://ru.bsportsfan.com/table-tennis/r/12302283/jan-krupnik-vs-daniel-vitasek,observed_only,26.07 11:12,Ян Крупник vs Даниэль Витасек,skip,0,0,3-1,hit,35,,,,,,,,,,,,,,,,,,,,,,,,,,,,,,,,,,,,,,,,,,,,,,,,,,,,,,,
bsportsfan-telegram-prediction-games-500-1785096901271.csv,https://ru.bsportsfan.com/table-tennis/r/12302302/kamil-kleprlik-vs-borek-moravec,forecasted,26.07 10:40,Камиль Клепрлик vs Борек Моравец,ПРОПУСК,0,0,1-3,hit,40,,,,,,,,,,,,,,,,,,,,,,,,,,,,,,,,,,,,,,,,,,,,,,,,,,,,,,,
bsportsfan-telegram-prediction-games-500-1785096901271.csv,https://ru.bsportsfan.com/table-tennis/r/12302325/richard-vavricka-vs-david-hons,forecasted,26.07 00:42,Ричард Вавричка vs Дэвид Хонс,ПРОПУСК,0,0,3-2,hit,41,,,,,,,,,,,,,,,,,,,,,,,,,,,,,,,,,,,,,,,,,,,,,,,,,,,,,,,
bsportsfan-telegram-prediction-games-500-1785096901271.csv,https://ru.bsportsfan.com/table-tennis/r/12302329/tomas-kraninger-vs-radim-adam,forecasted,26.07 00:18,Томас Кранингер vs Радим Адам,ПРОПУСК,0,0,3-0,hit,37,,,,,,,,,,,,,,,,,,,,,,,,,,,,,,,,,,,,,,,,,,,,,,,,,,,,,,,
bsportsfan-telegram-prediction-games-500-1785096901271.csv,https://ru.bsportsfan.com/table-tennis/r/12302371/robin-pacha-vs-martin-bittner,forecasted,26.07 00:30,Робин Пача vs Мартин Биттнер,СТАВИМ,1,0,3-1,hit,39,,,,,,,,,,,,,,,,,,,,,,,,,,,,,,,,,,,,,,,,,,,,,,,,,,,,,,,
bsportsfan-telegram-prediction-games-500-1785096901271.csv,https://ru.bsportsfan.com/table-tennis/r/12302372/jan-hrabec-vs-filip-zurek,forecasted,26.07 00:38,Ян Храбец vs Филип Журек,СТАВИМ,1,0,3-1,hit,47,,,,,,,,,,,,,,,,,,,,,,,,,,,,,,,,,,,,,,,,,,,,,,,,,,,,,,,
bsportsfan-telegram-prediction-games-500-1785096901271.csv,https://ru.bsportsfan.com/table-tennis/r/12302373/daniel-tuma-vs-pavel-fojt,forecasted,26.07 00:30,Дэниэл Тума vs Павел Фойт,СТАВИМ,1,0,3-1,hit,36,,,,,,,,,,,,,,,,,,,,,,,,,,,,,,,,,,,,,,,,,,,,,,,,,,,,,,,
bsportsfan-telegram-prediction-games-500-1785096901271.csv,https://ru.bsportsfan.com/table-tennis/r/12302375/julius-didi-vs-vaclav-kosar,forecasted,26.07 00:30,Юлиус Диди vs Вацлав Косар,ПРОПУСК,0,0,1-3,miss,46,,,,,,,,,,,,,,,,,,,,,,,,,,,,,,,,,,,,,,,,,,,,,,,,,,,,,,,
bsportsfan-telegram-prediction-games-500-1785096901271.csv,https://ru.bsportsfan.com/table-tennis/r/12302435/martin-sobota-vs-kamil-drozd,observed_only,26.07 11:19,Мартин Собота vs Камиль Дрозд,skip,0,0,3-1,hit,28,,,,,,,,,,,,,,,,,,,,,,,,,,,,,,,,,,,,,,,,,,,,,,,,,,,,,,,
bsportsfan-telegram-prediction-games-500-1785096901271.csv,https://ru.bsportsfan.com/table-tennis/r/12302449/dmytro-patalakha-vs-bohdan-zaika,observed_only,26.07 13:30,Дмитрий Паталаха vs Богдан Заика,,0,0,,,17,,,,,,,,,,,,,,,,,,,,,,,,,,,,,,,,,,,,,,,,,,,,,,,,,,,,,,,
bsportsfan-telegram-prediction-games-500-1785096901271.csv,https://ru.bsportsfan.com/table-tennis/r/12302451/anatolii-kovalenko-vs-maksym-stetsenko,forecasted,26.07 20:35,Анатолий Коваленко vs Максим Стеценко,ПРОПУСК,0,0,3-1,miss,35,,,,,,,,,,,,,,,,,,,,,,,,,,,,,,,,,,,,,,,,,,,,,,,,,,,,,,,
bsportsfan-telegram-prediction-games-500-1785096901271.csv,https://ru.bsportsfan.com/table-tennis/r/12302452/vadym-kucheriavyi-vs-vasyl-kondratenko,observed_only,26.07 20:12,Vadym Kucheriavyi vs Василий Кондратернко,,0,0,,,35,,,,,,,,,,,,,,,,,,,,,,,,,,,,,,,,,,,,,,,,,,,,,,,,,,,,,,,
bsportsfan-telegram-prediction-games-500-1785096901271.csv,https://ru.bsportsfan.com/table-tennis/r/12302453/oleksandr-mytsyk-vs-anatolii-kovalenko,forecasted,26.07 15:34,Александр Мыцык vs Анатолий Коваленко,СТАВИМ,1,0,2-3,hit,36,,,,,,,,,,,,,,,,,,,,,,,,,,,,,,,,,,,,,,,,,,,,,,,,,,,,,,,
bsportsfan-telegram-prediction-games-500-1785096901271.csv,https://ru.bsportsfan.com/table-tennis/r/12302454/artem-kasyanov-vs-maksym-hubenko,observed_only,26.07 14:02,Артем Касьянов vs Максим Губенко,,0,0,,,23,,,,,,,,,,,,,,,,,,,,,,,,,,,,,,,,,,,,,,,,,,,,,,,,,,,,,,,
bsportsfan-telegram-prediction-games-500-1785096901271.csv,https://ru.bsportsfan.com/table-tennis/r/12302456/sergii-skhabitskiy-vs-oleksandr-mytsyk,forecasted,26.07 21:01,Сергей Схабицкий vs Александр Мыцык,СТАВИМ,1,0,3-1,hit,37,,,,,,,,,,,,,,,,,,,,,,,,,,,,,,,,,,,,,,,,,,,,,,,,,,,,,,,
bsportsfan-telegram-prediction-games-500-1785096901271.csv,https://ru.bsportsfan.com/table-tennis/r/12302457/leon-kolman-vs-jan-botka,forecasted,26.07 22:15,Леон Колман vs Ян Ботка,СТАВИМ,1,0,3-2,hit,24,,,,,,,,,,,,,,,,,,,,,,,,,,,,,,,,,,,,,,,,,,,,,,,,,,,,,,,
bsportsfan-telegram-prediction-games-500-1785096901271.csv,https://ru.bsportsfan.com/table-tennis/r/12302458/stepan-rejent-vs-adam-radkovsky,forecasted,26.07 17:45,Степан Реджент vs Адам Радковски,ПРОПУСК,0,0,3-2,hit,37,,,,,,,,,,,,,,,,,,,,,,,,,,,,,,,,,,,,,,,,,,,,,,,,,,,,,,,
bsportsfan-telegram-prediction-games-500-1785096901271.csv,https://ru.bsportsfan.com/table-tennis/r/12302459/taras-gil-vs-denys-kozoriz,forecasted,26.07 10:55,Тарас Гиль vs Денис Козориз,СТАВИМ,1,0,3-0,hit,25,,,,,,,,,,,,,,,,,,,,,,,,,,,,,,,,,,,,,,,,,,,,,,,,,,,,,,,
bsportsfan-telegram-prediction-games-500-1785096901271.csv,https://ru.bsportsfan.com/table-tennis/r/12302463/oleh-kuzyshyn-vs-oleksandr-zhyrnov,forecasted,26.07 10:37,Олег Кузишин vs Александр Жирнов,ПРОПУСК,0,0,3-2,hit,34,,,,,,,,,,,,,,,,,,,,,,,,,,,,,,,,,,,,,,,,,,,,,,,,,,,,,,,
bsportsfan-telegram-prediction-games-500-1785096901271.csv,https://ru.bsportsfan.com/table-tennis/r/12302466/oleksandr-maslovskyi-vs-oleg-sapuzhak,forecasted,26.07 14:56,Александр Масловский vs Олег Сапужак,СТАВИМ,1,0,1-3,hit,45,,,,,,,,,,,,,,,,,,,,,,,,,,,,,,,,,,,,,,,,,,,,,,,,,,,,,,,
bsportsfan-telegram-prediction-games-500-1785096901271.csv,https://ru.bsportsfan.com/table-tennis/r/12302467/yurii-kolos-vs-volodymyr-ivasiv-1971,observed_only,26.07 21:10,Юрий Колос vs Владимир Ивасив 1971,,0,0,,,43,,,,,,,,,,,,,,,,,,,,,,,,,,,,,,,,,,,,,,,,,,,,,,,,,,,,,,,
bsportsfan-telegram-prediction-games-500-1785096901271.csv,https://ru.bsportsfan.com/table-tennis/r/12302468/oleksandr-mytsyk-vs-volodymyr-melnykov,forecasted,26.07 20:02,Александр Мыцык vs Владимир Мельников,СТАВИМ,1,0,3-2,hit,60,,,,,,,,,,,,,,,,,,,,,,,,,,,,,,,,,,,,,,,,,,,,,,,,,,,,,,,
bsportsfan-telegram-prediction-games-500-1785096901271.csv,https://ru.bsportsfan.com/table-tennis/r/12302470/oleksii-mitla-vs-andrii-kotyk,forecasted,26.07 10:37,Алексей Митла vs Андрей Котик,ПРОПУСК,0,0,2-3,hit,40,,,,,,,,,,,,,,,,,,,,,,,,,,,,,,,,,,,,,,,,,,,,,,,,,,,,,,,
bsportsfan-telegram-prediction-games-500-1785096901271.csv,https://ru.bsportsfan.com/table-tennis/r/12302471/vladyslav-stukalov-vs-vadym-kucheriavyi,observed_only,26.07 18:13,Владислав Стукалов vs Vadym Kucheriavyi,,0,0,,,26,,,,,,,,,,,,,,,,,,,,,,,,,,,,,,,,,,,,,,,,,,,,,,,,,,,,,,,
bsportsfan-telegram-prediction-games-500-1785096901271.csv,https://ru.bsportsfan.com/table-tennis/r/12302473/vit-herrmann-vs-marek-cizek,observed_only,26.07 18:56,Вит Херрманн vs Марек Чизек,,0,0,,,4,,,,,,,,,,,,,,,,,,,,,,,,,,,,,,,,,,,,,,,,,,,,,,,,,,,,,,,
bsportsfan-telegram-prediction-games-500-1785096901271.csv,https://ru.bsportsfan.com/table-tennis/r/12302474/ihor-serdiuk-vs-serhii-priadko,observed_only,26.07 18:54,Игорь Сердюк vs Сергей Прядко,,0,0,,,12,,,,,,,,,,,,,,,,,,,,,,,,,,,,,,,,,,,,,,,,,,,,,,,,,,,,,,,
bsportsfan-telegram-prediction-games-500-1785096901271.csv,https://ru.bsportsfan.com/table-tennis/r/12302475/serhii-priadko-vs-roman-boklah,forecasted,26.07 15:31,Сергей Прядко vs Роман Боклах,СТАВИМ,1,0,2-3,hit,36,,,,,,,,,,,,,,,,,,,,,,,,,,,,,,,,,,,,,,,,,,,,,,,,,,,,,,,
bsportsfan-telegram-prediction-games-500-1785096901271.csv,https://ru.bsportsfan.com/table-tennis/r/12302476/vsevolod-kheresko-vs-mykola-treshchetka,observed_only,26.07 20:02,Всеволод Хереско vs Микола Трешчетка,,0,0,,,28,,,,,,,,,,,,,,,,,,,,,,,,,,,,,,,,,,,,,,,,,,,,,,,,,,,,,,,
bsportsfan-telegram-prediction-games-500-1785096901271.csv,https://ru.bsportsfan.com/table-tennis/r/12302481/oleh-maksymkiv-vs-mykola-treshchetka,observed_only,26.07 16:00,Олег Максимков vs Микола Трешчетка,,0,0,,,35,,,,,,,,,,,,,,,,,,,,,,,,,,,,,,,,,,,,,,,,,,,,,,,,,,,,,,,
bsportsfan-telegram-prediction-games-500-1785096901271.csv,https://ru.bsportsfan.com/table-tennis/r/12302483/vit-herrmann-vs-adam-dvoracek,observed_only,26.07 16:32,Вит Херрманн vs Адам Дворачек,,0,0,,,37,,,,,,,,,,,,,,,,,,,,,,,,,,,,,,,,,,,,,,,,,,,,,,,,,,,,,,,
bsportsfan-telegram-prediction-games-500-1785096901271.csv,https://ru.bsportsfan.com/table-tennis/r/12302486/ihor-torhachov-vs-viktor-ziakun,forecasted,26.07 15:00,Игорь Торгачев vs Виктор Зякун,ПРОПУСК,0,0,1-3,miss,28,,,,,,,,,,,,,,,,,,,,,,,,,,,,,,,,,,,,,,,,,,,,,,,,,,,,,,,
bsportsfan-telegram-prediction-games-500-1785096901271.csv,https://ru.bsportsfan.com/table-tennis/r/12302488/stepan-rejent-vs-lukas-rulc,observed_only,26.07 16:48,Степан Реджент vs Лукаш Рульц,,0,0,,,32,,,,,,,,,,,,,,,,,,,,,,,,,,,,,,,,,,,,,,,,,,,,,,,,,,,,,,,
bsportsfan-telegram-prediction-games-500-1785096901271.csv,https://ru.bsportsfan.com/table-tennis/r/12302490/vadym-kucheriavyi-vs-kostiantyn-klymenko,forecasted,26.07 17:10,Vadym Kucheriavyi vs Константин Клименко,СТАВИМ,1,0,0-3,miss,25,,,,,,,,,,,,,,,,,,,,,,,,,,,,,,,,,,,,,,,,,,,,,,,,,,,,,,,
bsportsfan-telegram-prediction-games-500-1785096901271.csv,https://ru.bsportsfan.com/table-tennis/r/12302494/yevhen-masko-vs-oleksandr-tuzhylin,observed_only,26.07 20:02,Евген Маско vs Александр Тужилин,,0,0,,,36,,,,,,,,,,,,,,,,,,,,,,,,,,,,,,,,,,,,,,,,,,,,,,,,,,,,,,,
bsportsfan-telegram-prediction-games-500-1785096901271.csv,https://ru.bsportsfan.com/table-tennis/r/12302495/serhii-priadko-vs-viktor-ziakun,forecasted,26.07 17:30,Сергей Прядко vs Виктор Зякун,СТАВИМ,1,0,1-3,hit,39,,,,,,,,,,,,,,,,,,,,,,,,,,,,,,,,,,,,,,,,,,,,,,,,,,,,,,,
bsportsfan-telegram-prediction-games-500-1785096901271.csv,https://ru.bsportsfan.com/table-tennis/r/12302496/mykola-zavoloka-vs-anton-danylov,forecasted,26.07 16:01,Николай Заволока vs Антон Данилов,СТАВИМ,1,0,0-3,miss,23,,,,,,,,,,,,,,,,,,,,,,,,,,,,,,,,,,,,,,,,,,,,,,,,,,,,,,,
bsportsfan-telegram-prediction-games-500-1785096901271.csv,https://ru.bsportsfan.com/table-tennis/r/12302503/oleksandr-leonenko-vs-vasyl-kondratenko,observed_only,26.07 15:42,Олександр Леоненко vs Василий Кондратернко,,0,0,,,40,,,,,,,,,,,,,,,,,,,,,,,,,,,,,,,,,,,,,,,,,,,,,,,,,,,,,,,
bsportsfan-telegram-prediction-games-500-1785096901271.csv,https://ru.bsportsfan.com/table-tennis/r/12302504/maksym-badai-vs-serhii-aristarkhov,observed_only,26.07 10:37,Максим Бадай vs Сергей Аристархов,,0,0,,,16,,,,,,,,,,,,,,,,,,,,,,,,,,,,,,,,,,,,,,,,,,,,,,,,,,,,,,,
bsportsfan-telegram-prediction-games-500-1785096901271.csv,https://ru.bsportsfan.com/table-tennis/r/12302507/vasil-smyk-vs-maksym-stetsenko,observed_only,26.07 21:44,Василь Смык vs Максим Стеценко,,0,0,,,10,,,,,,,,,,,,,,,,,,,,,,,,,,,,,,,,,,,,,,,,,,,,,,,,,,,,,,,
bsportsfan-telegram-prediction-games-500-1785096901271.csv,https://ru.bsportsfan.com/table-tennis/r/12302508/vsevolod-kheresko-vs-oleh-maksymkiv,forecasted,26.07 17:26,Всеволод Хереско vs Олег Максимков,ПРОПУСК,0,0,2-3,hit,42,,,,,,,,,,,,,,,,,,,,,,,,,,,,,,,,,,,,,,,,,,,,,,,,,,,,,,,
bsportsfan-telegram-prediction-games-500-1785096901271.csv,https://ru.bsportsfan.com/table-tennis/r/12302510/leon-kolman-vs-jachym-juppa,forecasted,26.07 20:16,Леон Колман vs Яхим Джуппа,ПРОПУСК,0,0,1-3,miss,35,,,,,,,,,,,,,,,,,,,,,,,,,,,,,,,,,,,,,,,,,,,,,,,,,,,,,,,
bsportsfan-telegram-prediction-games-500-1785096901271.csv,https://ru.bsportsfan.com/table-tennis/r/12302511/andrii-kotyk-vs-mykyta-smyrnov,forecasted,26.07 09:40,Андрей Котик vs Микита Смирнов,ПРОПУСК,0,0,0-3,miss,4,,,,,,,,,,,,,,,,,,,,,,,,,,,,,,,,,,,,,,,,,,,,,,,,,,,,,,,
bsportsfan-telegram-prediction-games-500-1785096901271.csv,https://ru.bsportsfan.com/table-tennis/r/12302514/ihor-torhachov-vs-roman-boklah,observed_only,26.07 18:02,Игорь Торгачев vs Роман Боклах,,0,0,,,25,,,,,,,,,,,,,,,,,,,,,,,,,,,,,,,,,,,,,,,,,,,,,,,,,,,,,,,
bsportsfan-telegram-prediction-games-500-1785096901271.csv,https://ru.bsportsfan.com/table-tennis/r/12302515/mykola-treshchetka-vs-oleg-sapuzhak,observed_only,26.07 16:57,Микола Трешчетка vs Олег Сапужак,,0,0,,,38,,,,,,,,,,,,,,,,,,,,,,,,,,,,,,,,,,,,,,,,,,,,,,,,,,,,,,,
bsportsfan-telegram-prediction-games-500-1785096901271.csv,https://ru.bsportsfan.com/table-tennis/r/12302516/ruslan-novak-vs-dmytro-shchegelskyi,forecasted,26.07 16:11,Руслан Новак vs Дмитрий Щегельский,ПРОПУСК,0,0,2-3,hit,54,,,,,,,,,,,,,,,,,,,,,,,,,,,,,,,,,,,,,,,,,,,,,,,,,,,,,,,
bsportsfan-telegram-prediction-games-500-1785096901271.csv,https://ru.bsportsfan.com/table-tennis/r/12302518/oleksandr-maslovskyi-vs-dmytro-belanchyk,observed_only,26.07 16:28,Александр Масловский vs Дмитро Беланчик,,0,0,,,30,,,,,,,,,,,,,,,,,,,,,,,,,,,,,,,,,,,,,,,,,,,,,,,,,,,,,,,
bsportsfan-telegram-prediction-games-500-1785096901271.csv,https://ru.bsportsfan.com/table-tennis/r/12302519/vladyslav-stukalov-vs-vasyl-kondratenko,observed_only,26.07 13:43,Владислав Стукалов vs Василий Кондратернко,,0,0,,,30,,,,,,,,,,,,,,,,,,,,,,,,,,,,,,,,,,,,,,,,,,,,,,,,,,,,,,,
bsportsfan-telegram-prediction-games-500-1785096901271.csv,https://ru.bsportsfan.com/table-tennis/r/12302522/oleksandr-osadchyi-vs-andrii-martyniuk,forecasted,26.07 09:33,Олександр Осадчий vs Андрей Мартынюк,ПРОПУСК,0,0,,,28,,,,,,,,,,,,,,,,,,,,,,,,,,,,,,,,,,,,,,,,,,,,,,,,,,,,,,,
bsportsfan-telegram-prediction-games-500-1785096901271.csv,https://ru.bsportsfan.com/table-tennis/r/12302524/vasyl-matviichuk-vs-anatoliy-lysyi,observed_only,26.07 11:03,Василий Матвийчук vs Анатолий Лысый,skip,0,0,1-3,miss,28,,,,,,,,,,,,,,,,,,,,,,,,,,,,,,,,,,,,,,,,,,,,,,,,,,,,,,,
bsportsfan-telegram-prediction-games-500-1785096901271.csv,https://ru.bsportsfan.com/table-tennis/r/12302528/volodymyr-burylov-vs-michal-makara,observed_only,26.07 13:30,Владимир Бурылов vs Михал Макара,,0,0,,,7,,,,,,,,,,,,,,,,,,,,,,,,,,,,,,,,,,,,,,,,,,,,,,,,,,,,,,,
bsportsfan-telegram-prediction-games-500-1785096901271.csv,https://ru.bsportsfan.com/table-tennis/r/12302530/oleh-stopin-vs-oleksandr-leonenko,observed_only,26.07 18:55,Олег Стопин vs Олександр Леоненко,,0,0,,,21,,,,,,,,,,,,,,,,,,,,,,,,,,,,,,,,,,,,,,,,,,,,,,,,,,,,,,,
bsportsfan-telegram-prediction-games-500-1785096901271.csv,https://ru.bsportsfan.com/table-tennis/r/12302531/ruslan-sopivnyk-vs-yaroslav-makovka,forecasted,26.07 15:06,Руслан Сопивник vs Ярослав Маковка,ПРОПУСК,0,0,3-1,hit,40,,,,,,,,,,,,,,,,,,,,,,,,,,,,,,,,,,,,,,,,,,,,,,,,,,,,,,,
bsportsfan-telegram-prediction-games-500-1785096901271.csv,https://ru.bsportsfan.com/table-tennis/r/12302534/andrii-kotyk-vs-nazarii-kovalchuk,observed_only,26.07 14:45,Андрей Котик vs Назарий Ковальчук,,0,0,,,65,,,,,,,,,,,,,,,,,,,,,,,,,,,,,,,,,,,,,,,,,,,,,,,,,,,,,,,
bsportsfan-telegram-prediction-games-500-1785096901271.csv,https://ru.bsportsfan.com/table-tennis/r/12302540/roman-reznychenko-vs-yevhen-masko,forecasted,26.07 20:56,Роман Резниченко vs Евген Маско,СТАВИМ,1,0,0-3,hit,19,,,,,,,,,,,,,,,,,,,,,,,,,,,,,,,,,,,,,,,,,,,,,,,,,,,,,,,
bsportsfan-telegram-prediction-games-500-1785096901271.csv,https://ru.bsportsfan.com/table-tennis/r/12302541/kostiantyn-klymenko-vs-vasyl-kondratenko,observed_only,26.07 19:13,Константин Клименко vs Василий Кондратернко,,0,0,,,34,,,,,,,,,,,,,,,,,,,,,,,,,,,,,,,,,,,,,,,,,,,,,,,,,,,,,,,
bsportsfan-telegram-prediction-games-500-1785096901271.csv,https://ru.bsportsfan.com/table-tennis/r/12302542/stanislav-zherykhin-vs-oleksandr-levytskyi,observed_only,26.07 16:32,Станислав Жерихин vs Александр Левицкий,,0,0,,,30,,,,,,,,,,,,,,,,,,,,,,,,,,,,,,,,,,,,,,,,,,,,,,,,,,,,,,,
bsportsfan-telegram-prediction-games-500-1785096901271.csv,https://ru.bsportsfan.com/table-tennis/r/12302546/volodymyr-melnykov-vs-anatolii-kovalenko,forecasted,26.07 22:02,Владимир Мельников vs Анатолий Коваленко,СТАВИМ,1,0,3-0,miss,34,,,,,,,,,,,,,,,,,,,,,,,,,,,,,,,,,,,,,,,,,,,,,,,,,,,,,,,
bsportsfan-telegram-prediction-games-500-1785096901271.csv,https://ru.bsportsfan.com/table-tennis/r/12302547/vladyslav-stukalov-vs-oleh-stopin,forecasted,26.07 19:40,Владислав Стукалов vs Олег Стопин,ПРОПУСК,0,0,3-1,miss,33,,,,,,,,,,,,,,,,,,,,,,,,,,,,,,,,,,,,,,,,,,,,,,,,,,,,,,,
bsportsfan-telegram-prediction-games-500-1785096901271.csv,https://ru.bsportsfan.com/table-tennis/r/12302549/oleh-kuzyshyn-vs-ruslan-sopivnyk,observed_only,26.07 13:12,Олег Кузишин vs Руслан Сопивник,,0,0,,,9,,,,,,,,,,,,,,,,,,,,,,,,,,,,,,,,,,,,,,,,,,,,,,,,,,,,,,,
bsportsfan-telegram-prediction-games-500-1785096901271.csv,https://ru.bsportsfan.com/table-tennis/r/12302551/oleksandr-tuzhylin-vs-yevhen-pysmennyi,observed_only,26.07 21:58,Александр Тужилин vs Евгений Письменный,,0,0,,,26,,,,,,,,,,,,,,,,,,,,,,,,,,,,,,,,,,,,,,,,,,,,,,,,,,,,,,,
bsportsfan-telegram-prediction-games-500-1785096901271.csv,https://ru.bsportsfan.com/table-tennis/r/12302552/oleh-stopin-vs-kostiantyn-klymenko,observed_only,26.07 14:13,Олег Стопин vs Константин Клименко,,0,0,,,21,,,,,,,,,,,,,,,,,,,,,,,,,,,,,,,,,,,,,,,,,,,,,,,,,,,,,,,
bsportsfan-telegram-prediction-games-500-1785096901271.csv,https://ru.bsportsfan.com/table-tennis/r/12302554/oleksandr-leonenko-vs-kostiantyn-klymenko,forecasted,26.07 20:40,Олександр Леоненко vs Константин Клименко,СТАВИМ,1,0,1-3,hit,40,,,,,,,,,,,,,,,,,,,,,,,,,,,,,,,,,,,,,,,,,,,,,,,,,,,,,,,
bsportsfan-telegram-prediction-games-500-1785096901271.csv,https://ru.bsportsfan.com/table-tennis/r/12302555/oleksii-mitla-vs-nazarii-kovalchuk,observed_only,26.07 09:32,Алексей Митла vs Назарий Ковальчук,,0,0,,,14,,,,,,,,,,,,,,,,,,,,,,,,,,,,,,,,,,,,,,,,,,,,,,,,,,,,,,,
bsportsfan-telegram-prediction-games-500-1785096901271.csv,https://ru.bsportsfan.com/table-tennis/r/12302556/marek-cizek-vs-petr-maly,observed_only,26.07 17:03,Марек Чизек vs Петр Малы,,0,0,,,48,,,,,,,,,,,,,,,,,,,,,,,,,,,,,,,,,,,,,,,,,,,,,,,,,,,,,,,
bsportsfan-telegram-prediction-games-500-1785096901271.csv,https://ru.bsportsfan.com/table-tennis/r/12302558/oleksandr-osadchyi-vs-bohdan-zaika,observed_only,26.07 11:25,Олександр Осадчий vs Богдан Заика,skip,0,0,3-0,hit,29,,,,,,,,,,,,,,,,,,,,,,,,,,,,,,,,,,,,,,,,,,,,,,,,,,,,,,,
bsportsfan-telegram-prediction-games-500-1785096901271.csv,https://ru.bsportsfan.com/table-tennis/r/12302559/oleksandr-tymofeev-vs-serhii-solomko,forecasted,26.07 10:51,Александр Тимофеев vs Сергей Соломко,СТАВИМ,1,0,3-0,miss,20,,,,,,,,,,,,,,,,,,,,,,,,,,,,,,,,,,,,,,,,,,,,,,,,,,,,,,,
bsportsfan-telegram-prediction-games-500-1785096901271.csv,https://ru.bsportsfan.com/table-tennis/r/12302561/michal-prochazka-vs-jan-vonasek,forecasted,26.07 01:30,Михал Прохазка vs Ян Вонасек,ПРОПУСК,0,0,1-3,miss,30,,,,,,,,,,,,,,,,,,,,,,,,,,,,,,,,,,,,,,,,,,,,,,,,,,,,,,,
bsportsfan-telegram-prediction-games-500-1785096901271.csv,https://ru.bsportsfan.com/table-tennis/r/12302563/marek-kulisek-vs-michal-brozek,forecasted,26.07 00:55,Марер Кулисек vs Михал Брозек,ПРОПУСК,0,0,1-3,miss,37,,,,,,,,,,,,,,,,,,,,,,,,,,,,,,,,,,,,,,,,,,,,,,,,,,,,,,,
bsportsfan-telegram-prediction-games-500-1785096901271.csv,https://ru.bsportsfan.com/table-tennis/r/12302565/valerii-melnyk-vs-roman-cherevko,observed_only,26.07 21:43,Валерии Мельник vs Роман Черевко,,0,0,,,9,,,,,,,,,,,,,,,,,,,,,,,,,,,,,,,,,,,,,,,,,,,,,,,,,,,,,,,
bsportsfan-telegram-prediction-games-500-1785096901271.csv,https://ru.bsportsfan.com/table-tennis/r/12302566/oleksandr-maslovskyi-vs-mykola-treshchetka,observed_only,26.07 17:57,Александр Масловский vs Микола Трешчетка,,0,0,,,37,,,,,,,,,,,,,,,,,,,,,,,,,,,,,,,,,,,,,,,,,,,,,,,,,,,,,,,
bsportsfan-telegram-prediction-games-500-1785096901271.csv,https://ru.bsportsfan.com/table-tennis/r/12302567/oleksandr-tymofeev-vs-andrii-martyniuk,forecasted,26.07 15:52,Александр Тимофеев vs Андрей Мартынюк,ПРОПУСК,0,0,2-3,hit,47,,,,,,,,,,,,,,,,,,,,,,,,,,,,,,,,,,,,,,,,,,,,,,,,,,,,,,,
bsportsfan-telegram-prediction-games-500-1785096901271.csv,https://ru.bsportsfan.com/table-tennis/r/12302568/martin-skyba-vs-martin-melisek,observed_only,26.07 13:12,Мартин Скиба vs Мартин Мелисек,,0,0,,,1,,,,,,,,,,,,,,,,,,,,,,,,,,,,,,,,,,,,,,,,,,,,,,,,,,,,,,,
bsportsfan-telegram-prediction-games-500-1785096901271.csv,https://ru.bsportsfan.com/table-tennis/r/12302571/maksym-badai-vs-volodymyr-tatarnykov,observed_only,26.07 13:32,Максим Бадай vs Владимир Татарныков,,0,0,,,35,,,,,,,,,,,,,,,,,,,,,,,,,,,,,,,,,,,,,,,,,,,,,,,,,,,,,,,
bsportsfan-telegram-prediction-games-500-1785096901271.csv,https://ru.bsportsfan.com/table-tennis/r/12302574/oleh-stopin-vs-vadym-kucheriavyi,forecasted,26.07 16:11,Олег Стопин vs Vadym Kucheriavyi,ПРОПУСК,0,0,1-3,hit,32,,,,,,,,,,,,,,,,,,,,,,,,,,,,,,,,,,,,,,,,,,,,,,,,,,,,,,,
bsportsfan-telegram-prediction-games-500-1785096901271.csv,https://ru.bsportsfan.com/table-tennis/r/12302575/yurii-kolos-vs-yurii-parahailo,forecasted,26.07 15:24,Юрий Колос vs Юрий Парахайло,СТАВИМ,1,0,3-1,hit,29,,,,,,,,,,,,,,,,,,,,,,,,,,,,,,,,,,,,,,,,,,,,,,,,,,,,,,,
bsportsfan-telegram-prediction-games-500-1785096901271.csv,https://ru.bsportsfan.com/table-tennis/r/12302581/vsevolod-kheresko-vs-oleg-sapuzhak,forecasted,26.07 18:56,Всеволод Хереско vs Олег Сапужак,ПРОПУСК,0,0,3-0,hit,21,,,,,,,,,,,,,,,,,,,,,,,,,,,,,,,,,,,,,,,,,,,,,,,,,,,,,,,
bsportsfan-telegram-prediction-games-500-1785096901271.csv,https://ru.bsportsfan.com/table-tennis/r/12302582/sergii-skhabitskiy-vs-anatolii-kovalenko,observed_only,26.07 16:32,Сергей Схабицкий vs Анатолий Коваленко,,0,0,,,36,,,,,,,,,,,,,,,,,,,,,,,,,,,,,,,,,,,,,,,,,,,,,,,,,,,,,,,
bsportsfan-telegram-prediction-games-500-1785096901271.csv,https://ru.bsportsfan.com/table-tennis/r/12302583/roman-reznychenko-vs-valerii-melnyk,observed_only,26.07 22:28,Роман Резниченко vs Валерии Мельник,,0,0,,,43,,,,,,,,,,,,,,,,,,,,,,,,,,,,,,,,,,,,,,,,,,,,,,,,,,,,,,,
bsportsfan-telegram-prediction-games-500-1785096901271.csv,https://ru.bsportsfan.com/table-tennis/r/12302585/oleksandr-maslovskyi-vs-vsevolod-kheresko,forecasted,26.07 20:57,Александр Масловский vs Всеволод Хереско,СТАВИМ,1,0,1-3,hit,36,,,,,,,,,,,,,,,,,,,,,,,,,,,,,,,,,,,,,,,,,,,,,,,,,,,,,,,
bsportsfan-telegram-prediction-games-500-1785096901271.csv,https://ru.bsportsfan.com/table-tennis/r/12302588/roman-reznychenko-vs-oleksandr-tuzhylin,observed_only,26.07 17:57,Роман Резниченко vs Александр Тужилин,,0,0,,,29,,,,,,,,,,,,,,,,,,,,,,,,,,,,,,,,,,,,,,,,,,,,,,,,,,,,,,,
bsportsfan-telegram-prediction-games-500-1785096901271.csv,https://ru.bsportsfan.com/table-tennis/r/12302589/mikhail-taranko-vs-jan-simecek-jnr,observed_only,26.07 09:32,Михаил Таранко vs Ян Шимечек мл.,,0,0,,,9,,,,,,,,,,,,,,,,,,,,,,,,,,,,,,,,,,,,,,,,,,,,,,,,,,,,,,,
bsportsfan-telegram-prediction-games-500-1785096901271.csv,https://ru.bsportsfan.com/table-tennis/r/12302595/oleksandr-levytskyi-vs-viacheslav-yarovyi,forecasted,26.07 15:31,Александр Левицкий vs Вячеслав Яровый,СТАВИМ,1,0,1-3,miss,30,,,,,,,,,,,,,,,,,,,,,,,,,,,,,,,,,,,,,,,,,,,,,,,,,,,,,,,
bsportsfan-telegram-prediction-games-500-1785096901271.csv,https://ru.bsportsfan.com/table-tennis/r/12302611/vladyslav-stukalov-vs-oleksandr-leonenko,observed_only,26.07 16:42,Владислав Стукалов vs Олександр Леоненко,,0,0,,,31,,,,,,,,,,,,,,,,,,,,,,,,,,,,,,,,,,,,,,,,,,,,,,,,,,,,,,,
bsportsfan-telegram-prediction-games-500-1785096901271.csv,https://ru.bsportsfan.com/table-tennis/r/12302615/oleksandr-maslovskyi-vs-oleh-maksymkiv,forecasted,26.07 19:25,Александр Масловский vs Олег Максимков,СТАВИМ,1,0,2-3,hit,38,,,,,,,,,,,,,,,,,,,,,,,,,,,,,,,,,,,,,,,,,,,,,,,,,,,,,,,
bsportsfan-telegram-prediction-games-500-1785096901271.csv,https://ru.bsportsfan.com/table-tennis/r/12302616/vadym-kucheriavyi-vs-oleksandr-leonenko,forecasted,26.07 14:40,Vadym Kucheriavyi vs Олександр Леоненко,ПРОПУСК,0,0,3-0,miss,32,,,,,,,,,,,,,,,,,,,,,,,,,,,,,,,,,,,,,,,,,,,,,,,,,,,,,,,
bsportsfan-telegram-prediction-games-500-1785096901271.csv,https://ru.bsportsfan.com/table-tennis/r/12302617/oleksii-mitla-vs-anton-shypilov,observed_only,26.07 13:50,Алексей Митла vs Антон Шипилов,,0,0,,,33,,,,,,,,,,,,,,,,,,,,,,,,,,,,,,,,,,,,,,,,,,,,,,,,,,,,,,,
bsportsfan-telegram-prediction-games-500-1785096901271.csv,https://ru.bsportsfan.com/table-tennis/r/12302618/orest-hura-vs-nazarii-kovalchuk,observed_only,26.07 11:10,Орест Хура vs Назарий Ковальчук,skip,0,0,0-3,miss,29,,,,,,,,,,,,,,,,,,,,,,,,,,,,,,,,,,,,,,,,,,,,,,,,,,,,,,,
bsportsfan-telegram-prediction-games-500-1785096901271.csv,https://ru.bsportsfan.com/table-tennis/r/12302620/valerii-melnyk-vs-yevhen-pysmennyi,observed_only,26.07 20:28,Валерии Мельник vs Евгений Письменный,,0,0,,,35,,,,,,,,,,,,,,,,,,,,,,,,,,,,,,,,,,,,,,,,,,,,,,,,,,,,,,,
bsportsfan-telegram-prediction-games-500-1785096901271.csv,https://ru.bsportsfan.com/table-tennis/r/12302621/maksym-mrykh-vs-ruslan-sopivnyk,observed_only,26.07 11:09,Максим Мрых vs Руслан Сопивник,skip,0,0,2-3,hit,45,,,,,,,,,,,,,,,,,,,,,,,,,,,,,,,,,,,,,,,,,,,,,,,,,,,,,,,
bsportsfan-telegram-prediction-games-500-1785096901271.csv,https://ru.bsportsfan.com/table-tennis/r/12302622/david-sabuka-vs-marcel-cmil,forecasted,26.07 22:01,Давид Сабука vs Масел Кмил,СТАВИМ,1,0,,,31,,,,,,,,,,,,,,,,,,,,,,,,,,,,,,,,,,,,,,,,,,,,,,,,,,,,,,,
bsportsfan-telegram-prediction-games-500-1785096901271.csv,https://ru.bsportsfan.com/table-tennis/r/12302623/mykola-zavoloka-vs-stanislav-zherykhin,forecasted,26.07 19:30,Николай Заволока vs Станислав Жерихин,ПРОПУСК,0,0,3-2,hit,36,,,,,,,,,,,,,,,,,,,,,,,,,,,,,,,,,,,,,,,,,,,,,,,,,,,,,,,
bsportsfan-telegram-prediction-games-500-1785096901271.csv,https://ru.bsportsfan.com/table-tennis/r/12302624/oleh-stopin-vs-vasyl-kondratenko,observed_only,26.07 17:42,Олег Стопин vs Василий Кондратернко,,0,0,,,37,,,,,,,,,,,,,,,,,,,,,,,,,,,,,,,,,,,,,,,,,,,,,,,,,,,,,,,
bsportsfan-telegram-prediction-games-500-1785096901271.csv,https://ru.bsportsfan.com/table-tennis/r/12302625/martin-kocvara-vs-radovan-pisa,observed_only,26.07 13:47,Мартин Коцвара vs Радован Пиза,,0,0,,,35,,,,,,,,,,,,,,,,,,,,,,,,,,,,,,,,,,,,,,,,,,,,,,,,,,,,,,,
bsportsfan-telegram-prediction-games-500-1785096901271.csv,https://ru.bsportsfan.com/table-tennis/r/12302628/stanislav-zherykhin-vs-viacheslav-yarovyi,forecasted,26.07 18:01,Станислав Жерихин vs Вячеслав Яровый,СТАВИМ,1,0,,,34,,,,,,,,,,,,,,,,,,,,,,,,,,,,,,,,,,,,,,,,,,,,,,,,,,,,,,,
bsportsfan-telegram-prediction-games-500-1785096901271.csv,https://ru.bsportsfan.com/table-tennis/r/12302631/valerii-melnyk-vs-yevhen-masko,observed_only,26.07 18:57,Валерии Мельник vs Евген Маско,,0,0,,,34,,,,,,,,,,,,,,,,,,,,,,,,,,,,,,,,,,,,,,,,,,,,,,,,,,,,,,,
bsportsfan-telegram-prediction-games-500-1785096901271.csv,https://ru.bsportsfan.com/table-tennis/r/12302634/martin-holub-vs-david-sabuka,forecasted,26.07 22:30,Мартин Холуб vs Давид Сабука,СТАВИМ,1,0,3-2,hit,42,,,,,,,,,,,,,,,,,,,,,,,,,,,,,,,,,,,,,,,,,,,,,,,,,,,,,,,
bsportsfan-telegram-prediction-games-500-1785096901271.csv,https://ru.bsportsfan.com/table-tennis/r/12302638/oleksandr-zhyrnov-vs-yevhenii-holoborodko,forecasted,26.07 14:36,Александр Жирнов vs Евгений Голобородько,СТАВИМ,1,0,1-3,hit,29,,,,,,,,,,,,,,,,,,,,,,,,,,,,,,,,,,,,,,,,,,,,,,,,,,,,,,,
bsportsfan-telegram-prediction-games-500-1785096901271.csv,https://ru.bsportsfan.com/table-tennis/r/12302640/vasil-smyk-vs-volodymyr-melnykov,observed_only,26.07 16:07,Василь Смык vs Владимир Мельников,,0,0,,,35,,,,,,,,,,,,,,,,,,,,,,,,,,,,,,,,,,,,,,,,,,,,,,,,,,,,,,,
bsportsfan-telegram-prediction-games-500-1785096901271.csv,https://ru.bsportsfan.com/table-tennis/r/12302642/serhii-aristarkhov-vs-oleksandr-syksa,forecasted,26.07 14:33,Сергей Аристархов vs Александр Сыкса,ПРОПУСК,0,0,0-3,hit,32,,,,,,,,,,,,,,,,,,,,,,,,,,,,,,,,,,,,,,,,,,,,,,,,,,,,,,,
bsportsfan-telegram-prediction-games-500-1785096901271.csv,https://ru.bsportsfan.com/table-tennis/r/12302644/leon-kolman-vs-ondrej-chadima,observed_only,26.07 21:17,Леон Колман vs Ондрей Чадима,,0,0,,,41,,,,,,,,,,,,,,,,,,,,,,,,,,,,,,,,,,,,,,,,,,,,,,,,,,,,,,,
bsportsfan-telegram-prediction-games-500-1785096901271.csv,https://ru.bsportsfan.com/table-tennis/r/12302645/vladyslav-stukalov-vs-kostiantyn-klymenko,forecasted,26.07 15:10,Владислав Стукалов vs Константин Клименко,СТАВИМ,1,0,0-3,hit,26,,,,,,,,,,,,,,,,,,,,,,,,,,,,,,,,,,,,,,,,,,,,,,,,,,,,,,,
bsportsfan-telegram-prediction-games-500-1785096901271.csv,https://ru.bsportsfan.com/table-tennis/r/12302646/dmytro-belanchyk-vs-oleg-sapuzhak,observed_only,26.07 20:28,Дмитро Беланчик vs Олег Сапужак,,0,0,,,34,,,,,,,,,,,,,,,,,,,,,,,,,,,,,,,,,,,,,,,,,,,,,,,,,,,,,,,
bsportsfan-telegram-prediction-games-500-1785096901271.csv,https://ru.bsportsfan.com/table-tennis/r/12302647/orest-hura-vs-mykyta-smyrnov,observed_only,26.07 14:12,Орест Хура vs Микита Смирнов,,0,0,,,27,,,,,,,,,,,,,,,,,,,,,,,,,,,,,,,,,,,,,,,,,,,,,,,,,,,,,,,
bsportsfan-telegram-prediction-games-500-1785096901271.csv,https://ru.bsportsfan.com/table-tennis/r/12302648/roman-boklah-vs-viktor-ziakun,forecasted,26.07 19:04,Роман Боклах vs Виктор Зякун,СТАВИМ,1,0,0-3,hit,29,,,,,,,,,,,,,,,,,,,,,,,,,,,,,,,,,,,,,,,,,,,,,,,,,,,,,,,
bsportsfan-telegram-prediction-games-500-1785096901271.csv,https://ru.bsportsfan.com/table-tennis/r/12302650/stanislav-zherykhin-vs-anton-danylov,forecasted,26.07 15:01,Станислав Жерихин vs Антон Данилов,СТАВИМ,1,0,0-3,miss,27,,,,,,,,,,,,,,,,,,,,,,,,,,,,,,,,,,,,,,,,,,,,,,,,,,,,,,,
bsportsfan-telegram-prediction-games-500-1785096901271.csv,https://ru.bsportsfan.com/table-tennis/r/12302652/tomas-trnka-vs-jan-ruzicka,observed_only,26.07 11:11,Томаш Трнка vs Ян Ружичка,skip,0,0,0-3,miss,33,,,,,,,,,,,,,,,,,,,,,,,,,,,,,,,,,,,,,,,,,,,,,,,,,,,,,,,
bsportsfan-telegram-prediction-games-500-1785096901271.csv,https://ru.bsportsfan.com/table-tennis/r/12302658/mykola-treshchetka-vs-dmytro-belanchyk,observed_only,26.07 22:01,Микола Трешчетка vs Дмитро Беланчик,,0,0,,,34,,,,,,,,,,,,,,,,,,,,,,,,,,,,,,,,,,,,,,,,,,,,,,,,,,,,,,,
bsportsfan-telegram-prediction-games-500-1785096901271.csv,https://ru.bsportsfan.com/table-tennis/r/12302661/volodymyr-ivasiv-1971-vs-dmytro-shchegelskyi,observed_only,26.07 20:06,Владимир Ивасив 1971 vs Дмитрий Щегельский,,0,0,,,53,,,,,,,,,,,,,,,,,,,,,,,,,,,,,,,,,,,,,,,,,,,,,,,,,,,,,,,
bsportsfan-telegram-prediction-games-500-1785096901271.csv,https://ru.bsportsfan.com/table-tennis/r/12302663/ondrej-mezera-vs-lukas-rulc,forecasted,26.07 17:16,Ондрей Мезера vs Лукаш Рульц,ПРОПУСК,0,0,1-3,hit,34,,,,,,,,,,,,,,,,,,,,,,,,,,,,,,,,,,,,,,,,,,,,,,,,,,,,,,,
bsportsfan-telegram-prediction-games-500-1785096901271.csv,https://ru.bsportsfan.com/table-tennis/r/12302665/ihor-torhachov-vs-serhii-priadko,observed_only,26.07 16:34,Игорь Торгачев vs Сергей Прядко,,0,0,,,39,,,,,,,,,,,,,,,,,,,,,,,,,,,,,,,,,,,,,,,,,,,,,,,,,,,,,,,
bsportsfan-telegram-prediction-games-500-1785096901271.csv,https://ru.bsportsfan.com/table-tennis/r/12302667/ruslan-novak-vs-yurii-parahailo,observed_only,26.07 21:42,Руслан Новак vs Юрий Парахайло,,0,0,,,23,,,,,,,,,,,,,,,,,,,,,,,,,,,,,,,,,,,,,,,,,,,,,,,,,,,,,,,
bsportsfan-telegram-prediction-games-500-1785096901271.csv,https://ru.bsportsfan.com/table-tennis/r/12302670/petr-hlina-vs-jakub-mejzlik,observed_only,26.07 10:37,Петр Глина vs Якуб Мейзлик,,0,0,,,8,,,,,,,,,,,,,,,,,,,,,,,,,,,,,,,,,,,,,,,,,,,,,,,,,,,,,,,
bsportsfan-telegram-prediction-games-500-1785096901271.csv,https://ru.bsportsfan.com/table-tennis/r/12302671/dmytro-patalakha-vs-oleksandr-osadchyi,forecasted,26.07 14:51,Дмитрий Паталаха vs Олександр Осадчий,ПРОПУСК,0,0,2-3,hit,32,,,,,,,,,,,,,,,,,,,,,,,,,,,,,,,,,,,,,,,,,,,,,,,,,,,,,,,
bsportsfan-telegram-prediction-games-500-1785096901271.csv,https://ru.bsportsfan.com/table-tennis/r/12302672/volodymyr-dobrovolskyi-vs-serhii-prus,observed_only,26.07 13:30,Владимир Добровольский vs Сергей Прус,,0,0,,,37,,,,,,,,,,,,,,,,,,,,,,,,,,,,,,,,,,,,,,,,,,,,,,,,,,,,,,,
bsportsfan-telegram-prediction-games-500-1785096901271.csv,https://ru.bsportsfan.com/table-tennis/r/12302681/ihor-serdiuk-vs-roman-boklah,forecasted,26.07 17:03,Игорь Сердюк vs Роман Боклах,ПРОПУСК,0,0,0-3,hit,36,,,,,,,,,,,,,,,,,,,,,,,,,,,,,,,,,,,,,,,,,,,,,,,,,,,,,,,
bsportsfan-telegram-prediction-games-500-1785096901271.csv,https://ru.bsportsfan.com/table-tennis/r/12302682/petr-maly-vs-adam-dvoracek,forecasted,26.07 19:01,Петр Малы vs Адам Дворачек,ПРОПУСК,0,0,1-3,miss,33,,,,,,,,,,,,,,,,,,,,,,,,,,,,,,,,,,,,,,,,,,,,,,,,,,,,,,,
bsportsfan-telegram-prediction-games-500-1785096901271.csv,https://ru.bsportsfan.com/table-tennis/r/12302687/volodymyr-ivasiv-1971-vs-yurii-parahailo,observed_only,26.07 19:06,Владимир Ивасив 1971 vs Юрий Парахайло,,0,0,,,24,,,,,,,,,,,,,,,,,,,,,,,,,,,,,,,,,,,,,,,,,,,,,,,,,,,,,,,
bsportsfan-telegram-prediction-games-500-1785096901271.csv,https://ru.bsportsfan.com/table-tennis/r/12302688/ondrej-mezera-vs-stepan-rejent,observed_only,26.07 18:18,Ондрей Мезера vs Степан Реджент,,0,0,,,3,,,,,,,,,,,,,,,,,,,,,,,,,,,,,,,,,,,,,,,,,,,,,,,,,,,,,,,
bsportsfan-telegram-prediction-games-500-1785096901271.csv,https://ru.bsportsfan.com/table-tennis/r/12302689/radek-fitl-vs-tomas-trnka,forecasted,26.07 14:36,Радек Фитль vs Томаш Трнка,ПРОПУСК,0,0,1-3,miss,29,,,,,,,,,,,,,,,,,,,,,,,,,,,,,,,,,,,,,,,,,,,,,,,,,,,,,,,
bsportsfan-telegram-prediction-games-500-1785096901271.csv,https://ru.bsportsfan.com/table-tennis/r/12302690/sergii-skhabitskiy-vs-vasil-smyk,observed_only,26.07 19:33,Сергей Схабицкий vs Василь Смык,,0,0,,,36,,,,,,,,,,,,,,,,,,,,,,,,,,,,,,,,,,,,,,,,,,,,,,,,,,,,,,,
bsportsfan-telegram-prediction-games-500-1785096901271.csv,https://ru.bsportsfan.com/table-tennis/r/12302692/oleksandr-mytsyk-vs-maksym-stetsenko,forecasted,26.07 19:00,Александр Мыцык vs Максим Стеценко,СТАВИМ,1,0,2-3,hit,45,,,,,,,,,,,,,,,,,,,,,,,,,,,,,,,,,,,,,,,,,,,,,,,,,,,,,,,
bsportsfan-telegram-prediction-games-500-1785096901271.csv,https://ru.bsportsfan.com/table-tennis/r/12302693/ihor-serdiuk-vs-viktor-ziakun,forecasted,26.07 16:02,Игорь Сердюк vs Виктор Зякун,ПРОПУСК,0,0,1-3,hit,35,,,,,,,,,,,,,,,,,,,,,,,,,,,,,,,,,,,,,,,,,,,,,,,,,,,,,,,
bsportsfan-telegram-prediction-games-500-1785096901271.csv,https://ru.bsportsfan.com/table-tennis/r/12302694/yurii-kolos-vs-ruslan-novak,forecasted,26.07 19:36,Юрий Колос vs Руслан Новак,СТАВИМ,1,0,,,43,,,,,,,,,,,,,,,,,,,,,,,,,,,,,,,,,,,,,,,,,,,,,,,,,,,,,,,
bsportsfan-telegram-prediction-games-500-1785096901271.csv,https://ru.bsportsfan.com/table-tennis/r/12302696/michal-makara-vs-radovan-pisa,forecasted,26.07 14:45,Михал Макара vs Радован Пиза,СТАВИМ,1,0,2-3,hit,47,,,,,,,,,,,,,,,,,,,,,,,,,,,,,,,,,,,,,,,,,,,,,,,,,,,,,,,
bsportsfan-telegram-prediction-games-500-1785096901271.csv,https://ru.bsportsfan.com/table-tennis/r/12302697/yevhen-masko-vs-roman-cherevko,forecasted,26.07 17:26,Евген Маско vs Роман Черевко,ПРОПУСК,0,0,3-2,hit,45,,,,,,,,,,,,,,,,,,,,,,,,,,,,,,,,,,,,,,,,,,,,,,,,,,,,,,,
bsportsfan-telegram-prediction-games-500-1785096901271.csv,https://ru.bsportsfan.com/table-tennis/r/12302698/martin-skyba-vs-petr-semrad,observed_only,26.07 14:02,Мартин Скиба vs Петр Семрад,,0,0,,,23,,,,,,,,,,,,,,,,,,,,,,,,,,,,,,,,,,,,,,,,,,,,,,,,,,,,,,,
bsportsfan-telegram-prediction-games-500-1785096901271.csv,https://ru.bsportsfan.com/table-tennis/r/12302700/jan-botka-vs-jachym-juppa,forecasted,26.07 21:45,Ян Ботка vs Яхим Джуппа,СТАВИМ,1,0,1-3,hit,35,,,,,,,,,,,,,,,,,,,,,,,,,,,,,,,,,,,,,,,,,,,,,,,,,,,,,,,
bsportsfan-telegram-prediction-games-500-1785096901271.csv,https://ru.bsportsfan.com/table-tennis/r/12302706/dmytro-patalakha-vs-andrii-martyniuk,observed_only,26.07 10:39,Дмитрий Паталаха vs Андрей Мартынюк,,0,0,,,7,,,,,,,,,,,,,,,,,,,,,,,,,,,,,,,,,,,,,,,,,,,,,,,,,,,,,,,
bsportsfan-telegram-prediction-games-500-1785096901271.csv,https://ru.bsportsfan.com/table-tennis/r/12302707/jan-botka-vs-ondrej-chadima,forecasted,26.07 20:45,Ян Ботка vs Ондрей Чадима,ПРОПУСК,0,0,1-3,hit,47,,,,,,,,,,,,,,,,,,,,,,,,,,,,,,,,,,,,,,,,,,,,,,,,,,,,,,,
bsportsfan-telegram-prediction-games-500-1785096901271.csv,https://ru.bsportsfan.com/table-tennis/r/12302708/jan-simecek-jnr-vs-tadeas-bertho,observed_only,26.07 10:48,Ян Шимечек мл. vs Тадеас Берто,,0,0,,,36,,,,,,,,,,,,,,,,,,,,,,,,,,,,,,,,,,,,,,,,,,,,,,,,,,,,,,,
bsportsfan-telegram-prediction-games-500-1785096901271.csv,https://ru.bsportsfan.com/table-tennis/r/12302710/serhii-aristarkhov-vs-maksym-hubenko,forecasted,26.07 09:33,Сергей Аристархов vs Максим Губенко,ПРОПУСК,0,0,2-3,hit,31,,,,,,,,,,,,,,,,,,,,,,,,,,,,,,,,,,,,,,,,,,,,,,,,,,,,,,,
bsportsfan-telegram-prediction-games-500-1785096901271.csv,https://ru.bsportsfan.com/table-tennis/r/12302714/martin-holub-vs-vaclav-coubal,observed_only,26.07 21:44,Мартин Холуб vs Вацлав Коубал,,0,0,,,17,,,,,,,,,,,,,,,,,,,,,,,,,,,,,,,,,,,,,,,,,,,,,,,,,,,,,,,
bsportsfan-telegram-prediction-games-500-1785096901271.csv,https://ru.bsportsfan.com/table-tennis/r/12302717/volodymyr-burylov-vs-martin-kocvara,observed_only,26.07 14:17,Владимир Бурылов vs Мартин Коцвара,,0,0,,,6,,,,,,,,,,,,,,,,,,,,,,,,,,,,,,,,,,,,,,,,,,,,,,,,,,,,,,,
bsportsfan-telegram-prediction-games-500-1785096901271.csv,https://ru.bsportsfan.com/table-tennis/r/12302722/vit-herrmann-vs-petr-maly,forecasted,26.07 17:31,Вит Херрманн vs Петр Малы,ПРОПУСК,0,0,0-3,miss,32,,,,,,,,,,,,,,,,,,,,,,,,,,,,,,,,,,,,,,,,,,,,,,,,,,,,,,,
bsportsfan-telegram-prediction-games-500-1785096901271.csv,https://ru.bsportsfan.com/table-tennis/r/12302724/volodymyr-ivasiv-1971-vs-ruslan-novak,observed_only,26.07 17:35,Владимир Ивасив 1971 vs Руслан Новак,,0,0,,,58,,,,,,,,,,,,,,,,,,,,,,,,,,,,,,,,,,,,,,,,,,,,,,,,,,,,,,,
bsportsfan-telegram-prediction-games-500-1785096901271.csv,https://ru.bsportsfan.com/table-tennis/r/12302725/sergii-skhabitskiy-vs-volodymyr-melnykov,forecasted,26.07 18:01,Сергей Схабицкий vs Владимир Мельников,СТАВИМ,1,0,3-0,hit,25,,,,,,,,,,,,,,,,,,,,,,,,,,,,,,,,,,,,,,,,,,,,,,,,,,,,,,,
bsportsfan-telegram-prediction-games-500-1785096901271.csv,https://ru.bsportsfan.com/table-tennis/r/12302726/maksym-mrykh-vs-yaroslav-makovka,forecasted,26.07 09:36,Максим Мрых vs Ярослав Маковка,СТАВИМ,1,0,3-2,hit,26,,,,,,,,,,,,,,,,,,,,,,,,,,,,,,,,,,,,,,,,,,,,,,,,,,,,,,,
bsportsfan-telegram-prediction-games-500-1785096901271.csv,https://ru.bsportsfan.com/table-tennis/r/12302730/roman-reznychenko-vs-yevhen-pysmennyi,observed_only,26.07 16:28,Роман Резниченко vs Евгений Письменный,,0,0,,,51,,,,,,,,,,,,,,,,,,,,,,,,,,,,,,,,,,,,,,,,,,,,,,,,,,,,,,,
bsportsfan-telegram-prediction-games-500-1785096901271.csv,https://ru.bsportsfan.com/table-tennis/r/12302731/david-sabuka-vs-vaclav-coubal,forecasted,26.07 21:00,Давид Сабука vs Вацлав Коубал,ПРОПУСК,0,0,3-0,hit,32,,,,,,,,,,,,,,,,,,,,,,,,,,,,,,,,,,,,,,,,,,,,,,,,,,,,,,,
bsportsfan-telegram-prediction-games-500-1785096901271.csv,https://ru.bsportsfan.com/table-tennis/r/12302734/oleh-maksymkiv-vs-oleg-sapuzhak,observed_only,26.07 21:46,Олег Максимков vs Олег Сапужак,,0,0,,,14,,,,,,,,,,,,,,,,,,,,,,,,,,,,,,,,,,,,,,,,,,,,,,,,,,,,,,,
bsportsfan-telegram-prediction-games-500-1785096901271.csv,https://ru.bsportsfan.com/table-tennis/r/12302735/nazarii-kovalchuk-vs-mykyta-smyrnov,observed_only,26.07 13:12,Назарий Ковальчук vs Микита Смирнов,,0,0,,,14,,,,,,,,,,,,,,,,,,,,,,,,,,,,,,,,,,,,,,,,,,,,,,,,,,,,,,,
bsportsfan-telegram-prediction-games-500-1785096901271.csv,https://ru.bsportsfan.com/table-tennis/r/12302737/tomas-hucko-vs-martin-skyba,forecasted,26.07 14:32,Томаш Хукко vs Мартин Скиба,СТАВИМ,1,0,2-3,hit,38,,,,,,,,,,,,,,,,,,,,,,,,,,,,,,,,,,,,,,,,,,,,,,,,,,,,,,,
bsportsfan-telegram-prediction-games-500-1785096901271.csv,https://ru.bsportsfan.com/table-tennis/r/12302741/marek-cizek-vs-adam-dvoracek,forecasted,26.07 18:00,Марек Чизек vs Адам Дворачек,ПРОПУСК,0,0,,,31,,,,,,,,,,,,,,,,,,,,,,,,,,,,,,,,,,,,,,,,,,,,,,,,,,,,,,,
bsportsfan-telegram-prediction-games-500-1785096901271.csv,https://ru.bsportsfan.com/table-tennis/r/12302742/yurii-kolos-vs-oleksandr-alieksieev,observed_only,26.07 16:42,Юрий Колос vs Александр Алексеев,,0,0,,,42,,,,,,,,,,,,,,,,,,,,,,,,,,,,,,,,,,,,,,,,,,,,,,,,,,,,,,,
bsportsfan-telegram-prediction-games-500-1785096901271.csv,https://ru.bsportsfan.com/table-tennis/r/12302747/roman-reznychenko-vs-roman-cherevko,observed_only,26.07 19:27,Роман Резниченко vs Роман Черевко,,0,0,,,47,,,,,,,,,,,,,,,,,,,,,,,,,,,,,,,,,,,,,,,,,,,,,,,,,,,,,,,
bsportsfan-telegram-prediction-games-500-1785096901271.csv,https://ru.bsportsfan.com/table-tennis/r/12302748/dmytro-shchegelskyi-vs-yurii-parahailo,forecasted,26.07 17:11,Дмитрий Щегельский vs Юрий Парахайло,СТАВИМ,1,0,0-3,miss,33,,,,,,,,,,,,,,,,,,,,,,,,,,,,,,,,,,,,,,,,,,,,,,,,,,,,,,,
bsportsfan-telegram-prediction-games-500-1785096901271.csv,https://ru.bsportsfan.com/table-tennis/r/12302749/oleksandr-osadchyi-vs-oleksandr-tymofeev,observed_only,26.07 13:53,Олександр Осадчий vs Александр Тимофеев,,0,0,,,43,,,,,,,,,,,,,,,,,,,,,,,,,,,,,,,,,,,,,,,,,,,,,,,,,,,,,,,
bsportsfan-telegram-prediction-games-500-1785096901271.csv,https://ru.bsportsfan.com/table-tennis/r/12302750/josef-hanacek-vs-oleh-plyska,observed_only,26.07 11:03,Йозеф Ганачек vs Олег Плиска,skip,0,0,3-2,hit,32,,,,,,,,,,,,,,,,,,,,,,,,,,,,,,,,,,,,,,,,,,,,,,,,,,,,,,,
bsportsfan-telegram-prediction-games-500-1785096901271.csv,https://ru.bsportsfan.com/table-tennis/r/12302751/oleksandr-syksa-vs-maksym-hubenko,observed_only,26.07 13:12,Александр Сыкса vs Максим Губенко,,0,0,,,1,,,,,,,,,,,,,,,,,,,,,,,,,,,,,,,,,,,,,,,,,,,,,,,,,,,,,,,
bsportsfan-telegram-prediction-games-500-1785096901271.csv,https://ru.bsportsfan.com/table-tennis/r/12302755/yaroslav-makovka-vs-yevhenii-holoborodko,observed_only,26.07 13:44,Ярослав Маковка vs Евгений Голобородько,,0,0,,,44,,,,,,,,,,,,,,,,,,,,,,,,,,,,,,,,,,,,,,,,,,,,,,,,,,,,,,,
bsportsfan-telegram-prediction-games-500-1785096901271.csv,https://ru.bsportsfan.com/table-tennis/r/12302757/oleksandr-levytskyi-vs-anton-danylov,forecasted,26.07 17:30,Александр Левицкий vs Антон Данилов,СТАВИМ,1,0,1-3,hit,41,,,,,,,,,,,,,,,,,,,,,,,,,,,,,,,,,,,,,,,,,,,,,,,,,,,,,,,
bsportsfan-telegram-prediction-games-500-1785096901271.csv,https://ru.bsportsfan.com/table-tennis/r/12302758/martin-melisek-vs-petr-semrad,forecasted,26.07 15:00,Мартин Мелисек vs Петр Семрад,ПРОПУСК,0,0,3-0,hit,27,,,,,,,,,,,,,,,,,,,,,,,,,,,,,,,,,,,,,,,,,,,,,,,,,,,,,,,
bsportsfan-telegram-prediction-games-500-1785096901271.csv,https://ru.bsportsfan.com/table-tennis/r/12302759/vasyl-matviichuk-vs-oleg-shvydkyi,observed_only,26.07 09:32,Василий Матвийчук vs Олег Швыдкий,,0,0,,,27,,,,,,,,,,,,,,,,,,,,,,,,,,,,,,,,,,,,,,,,,,,,,,,,,,,,,,,
bsportsfan-telegram-prediction-games-500-1785096901271.csv,https://ru.bsportsfan.com/table-tennis/r/12302761/volodymyr-dobrovolskyi-vs-myhailo-styranets,observed_only,26.07 10:38,Владимир Добровольский vs Михаил Стиранец,,0,0,,,18,,,,,,,,,,,,,,,,,,,,,,,,,,,,,,,,,,,,,,,,,,,,,,,,,,,,,,,
bsportsfan-telegram-prediction-games-500-1785096901271.csv,https://ru.bsportsfan.com/table-tennis/r/12302762/bohdan-zaika-vs-serhii-solomko,forecasted,26.07 15:24,Богдан Заика vs Сергей Соломко,СТАВИМ,1,0,1-3,miss,24,,,,,,,,,,,,,,,,,,,,,,,,,,,,,,,,,,,,,,,,,,,,,,,,,,,,,,,
bsportsfan-telegram-prediction-games-500-1785096901271.csv,https://ru.bsportsfan.com/table-tennis/r/12302764/viacheslav-yarovyi-vs-anton-danylov,forecasted,26.07 19:00,Вячеслав Яровый vs Антон Данилов,СТАВИМ,1,0,2-3,hit,54,,,,,,,,,,,,,,,,,,,,,,,,,,,,,,,,,,,,,,,,,,,,,,,,,,,,,,,
bsportsfan-telegram-prediction-games-500-1785096901271.csv,https://ru.bsportsfan.com/table-tennis/r/12302767/maksym-mrykh-vs-oleh-kuzyshyn,observed_only,26.07 14:12,Максим Мрых vs Олег Кузишин,,0,0,,,17,,,,,,,,,,,,,,,,,,,,,,,,,,,,,,,,,,,,,,,,,,,,,,,,,,,,,,,
bsportsfan-telegram-prediction-games-500-1785096901271.csv,https://ru.bsportsfan.com/table-tennis/r/12302770/vaclav-coubal-vs-marcel-cmil,observed_only,26.07 23:02,Вацлав Коубал vs Масел Кмил,,0,0,,,33,,,,,,,,,,,,,,,,,,,,,,,,,,,,,,,,,,,,,,,,,,,,,,,,,,,,,,,
bsportsfan-telegram-prediction-games-500-1785096901271.csv,https://ru.bsportsfan.com/table-tennis/r/12302771/yurii-kolos-vs-dmytro-shchegelskyi,observed_only,26.07 18:08,Юрий Колос vs Дмитрий Щегельский,,0,0,,,25,,,,,,,,,,,,,,,,,,,,,,,,,,,,,,,,,,,,,,,,,,,,,,,,,,,,,,,
bsportsfan-telegram-prediction-games-500-1785096901271.csv,https://ru.bsportsfan.com/table-tennis/r/12302772/tomas-hucko-vs-martin-melisek,observed_only,26.07 13:32,Томаш Хукко vs Мартин Мелисек,,0,0,,,25,,,,,,,,,,,,,,,,,,,,,,,,,,,,,,,,,,,,,,,,,,,,,,,,,,,,,,,
bsportsfan-telegram-prediction-games-500-1785096901271.csv,https://ru.bsportsfan.com/table-tennis/r/12302782/mykola-zavoloka-vs-viacheslav-yarovyi,forecasted,26.07 17:03,Николай Заволока vs Вячеслав Яровый,ПРОПУСК,0,0,3-1,miss,40,,,,,,,,,,,,,,,,,,,,,,,,,,,,,,,,,,,,,,,,,,,,,,,,,,,,,,,
bsportsfan-telegram-prediction-games-500-1785096901271.csv,https://ru.bsportsfan.com/table-tennis/r/12302784/yevhen-masko-vs-yevhen-pysmennyi,observed_only,26.07 22:57,Евген Маско vs Евгений Письменный,,0,0,,,43,,,,,,,,,,,,,,,,,,,,,,,,,,,,,,,,,,,,,,,,,,,,,,,,,,,,,,,
bsportsfan-telegram-prediction-games-500-1785096901271.csv,https://ru.bsportsfan.com/table-tennis/r/12302794/radek-benes-vs-jiri-skalicky,forecasted,26.07 15:10,Радек Бенеш vs Иржи Скалицкий,ПРОПУСК,0,0,3-0,miss,27,,,,,,,,,,,,,,,,,,,,,,,,,,,,,,,,,,,,,,,,,,,,,,,,,,,,,,,
bsportsfan-telegram-prediction-games-500-1785096901271.csv,https://ru.bsportsfan.com/table-tennis/r/12302804/jan-manhal-jnr-vs-radek-fitl,observed_only,26.07 15:38,Ян Манхал-мл. vs Радек Фитль,,0,0,,,21,,,,,,,,,,,,,,,,,,,,,,,,,,,,,,,,,,,,,,,,,,,,,,,,,,,,,,,
bsportsfan-telegram-prediction-games-500-1785096901271.csv,https://ru.bsportsfan.com/table-tennis/r/12302819/david-skulina-vs-radek-benes,observed_only,26.07 13:42,Давид Скулина vs Радек Бенеш,,0,0,,,36,,,,,,,,,,,,,,,,,,,,,,,,,,,,,,,,,,,,,,,,,,,,,,,,,,,,,,,
bsportsfan-telegram-prediction-games-500-1785096901271.csv,https://ru.bsportsfan.com/table-tennis/r/12302884/radek-fnukal-vs-tomas-trnka,forecasted,26.07 15:07,Радек Фнукал vs Томаш Трнка,ПРОПУСК,0,0,0-3,hit,25,,,,,,,,,,,,,,,,,,,,,,,,,,,,,,,,,,,,,,,,,,,,,,,,,,,,,,,
bsportsfan-telegram-prediction-games-500-1785096901271.csv,https://ru.bsportsfan.com/table-tennis/r/12302923/jiri-skalicky-vs-daniel-vitasek,observed_only,26.07 14:13,Иржи Скалицкий vs Даниэль Витасек,,0,0,,,30,,,,,,,,,,,,,,,,,,,,,,,,,,,,,,,,,,,,,,,,,,,,,,,,,,,,,,,
bsportsfan-telegram-prediction-games-500-1785096901271.csv,https://ru.bsportsfan.com/table-tennis/r/12302935/radek-fnukal-vs-jan-manhal-jnr,observed_only,26.07 14:12,Радек Фнукал vs Ян Манхал-мл.,,0,0,,,21,,,,,,,,,,,,,,,,,,,,,,,,,,,,,,,,,,,,,,,,,,,,,,,,,,,,,,,
bsportsfan-telegram-prediction-games-500-1785096901271.csv,https://ru.bsportsfan.com/table-tennis/r/12302941/jan-manhal-jnr-vs-jan-ruzicka,observed_only,26.07 10:38,Ян Манхал-мл. vs Ян Ружичка,,0,0,,,32,,,,,,,,,,,,,,,,,,,,,,,,,,,,,,,,,,,,,,,,,,,,,,,,,,,,,,,
bsportsfan-telegram-prediction-games-500-1785096901271.csv,https://ru.bsportsfan.com/table-tennis/r/12302985/kamil-kleprlik-vs-jan-krupnik,forecasted,26.07 09:40,Камиль Клепрлик vs Ян Крупник,ПРОПУСК,0,0,1-3,miss,10,,,,,,,,,,,,,,,,,,,,,,,,,,,,,,,,,,,,,,,,,,,,,,,,,,,,,,,
bsportsfan-telegram-prediction-games-500-1785096901271.csv,https://ru.bsportsfan.com/table-tennis/r/12303049/richard-jancak-vs-lukas-krupnik-jnr,observed_only,26.07 10:48,Ричард Янчак vs Лукаш Крупник-мл.,,0,0,,,52,,,,,,,,,,,,,,,,,,,,,,,,,,,,,,,,,,,,,,,,,,,,,,,,,,,,,,,
bsportsfan-telegram-prediction-games-500-1785096901271.csv,https://ru.bsportsfan.com/table-tennis/r/12303147/tomas-trnka-vs-jan-manhal-jnr,observed_only,26.07 13:37,Томаш Трнка vs Ян Манхал-мл.,,0,0,,,39,,,,,,,,,,,,,,,,,,,,,,,,,,,,,,,,,,,,,,,,,,,,,,,,,,,,,,,
bsportsfan-telegram-prediction-games-500-1785096901271.csv,https://ru.bsportsfan.com/table-tennis/r/12303774/tomas-rein-vs-bohuslav-budik,observed_only,26.07 09:33,Томас Рейн vs Богуслав Будик,,0,0,,,14,,,,,,,,,,,,,,,,,,,,,,,,,,,,,,,,,,,,,,,,,,,,,,,,,,,,,,,
bsportsfan-telegram-prediction-games-500-1785096901271.csv,https://ru.bsportsfan.com/table-tennis/r/12304120/pavel-cibik-vs-martin-zajicek,observed_only,26.07 22:28,Павел Цибик vs Мартин Зайичек,,0,0,,,48,,,,,,,,,,,,,,,,,,,,,,,,,,,,,,,,,,,,,,,,,,,,,,,,,,,,,,,
bsportsfan-telegram-prediction-games-500-1785096901271.csv,https://ru.bsportsfan.com/table-tennis/r/12304137/tomas-rein-vs-petr-vodal,observed_only,26.07 10:37,Томас Рейн vs Петр Водаль,,0,0,,,13,,,,,,,,,,,,,,,,,,,,,,,,,,,,,,,,,,,,,,,,,,,,,,,,,,,,,,,
bsportsfan-telegram-prediction-games-500-1785096901271.csv,https://ru.bsportsfan.com/table-tennis/r/12304170/ondrej-kus-vs-patrik-jokiel,forecasted,26.07 20:40,Ондрей Кус vs Патрик Йокель,ПРОПУСК,0,0,3-1,miss,32,,,,,,,,,,,,,,,,,,,,,,,,,,,,,,,,,,,,,,,,,,,,,,,,,,,,,,,
bsportsfan-telegram-prediction-games-500-1785096901271.csv,https://ru.bsportsfan.com/table-tennis/r/12304183/michal-raska-vs-michal-macurak,observed_only,26.07 21:18,Михал Рашка vs Михал Макурак,,0,0,,,32,,,,,,,,,,,,,,,,,,,,,,,,,,,,,,,,,,,,,,,,,,,,,,,,,,,,,,,
bsportsfan-telegram-prediction-games-500-1785096901271.csv,https://ru.bsportsfan.com/table-tennis/r/12304184/adam-strelec-vs-filip-mandrysz,forecasted,26.07 17:15,Адам Стрелец vs Филип Мандрыш,ПРОПУСК,0,0,0-3,miss,24,,,,,,,,,,,,,,,,,,,,,,,,,,,,,,,,,,,,,,,,,,,,,,,,,,,,,,,
bsportsfan-telegram-prediction-games-500-1785096901271.csv,https://ru.bsportsfan.com/table-tennis/r/12304234/tomas-rein-vs-simon-holik,observed_only,26.07 11:23,Томас Рейн vs Саймон Холик,skip,0,0,3-0,hit,23,,,,,,,,,,,,,,,,,,,,,,,,,,,,,,,,,,,,,,,,,,,,,,,,,,,,,,,
bsportsfan-telegram-prediction-games-500-1785096901271.csv,https://ru.bsportsfan.com/table-tennis/r/12304235/bohuslav-budik-vs-simon-holik,forecasted,26.07 10:50,Богуслав Будик vs Саймон Холик,ПРОПУСК,0,0,3-1,hit,38,,,,,,,,,,,,,,,,,,,,,,,,,,,,,,,,,,,,,,,,,,,,,,,,,,,,,,,
bsportsfan-telegram-prediction-games-500-1785096901271.csv,https://ru.bsportsfan.com/table-tennis/r/12304236/jaroslav-sindler-vs-jiri-matus,observed_only,26.07 16:48,Ярослав Синдлер vs Йири Матус,,0,0,,,30,,,,,,,,,,,,,,,,,,,,,,,,,,,,,,,,,,,,,,,,,,,,,,,,,,,,,,,
bsportsfan-telegram-prediction-games-500-1785096901271.csv,https://ru.bsportsfan.com/table-tennis/r/12304244/jaroslav-dohnal-vs-jiri-melichar,forecasted,26.07 17:59,Ярослав Дохнал vs Иржи Меличар,ПРОПУСК,0,0,0-3,miss,30,,,,,,,,,,,,,,,,,,,,,,,,,,,,,,,,,,,,,,,,,,,,,,,,,,,,,,,
bsportsfan-telegram-prediction-games-500-1785096901271.csv,https://ru.bsportsfan.com/table-tennis/r/12304260/radek-neterda-vs-jan-vidourek,forecasted,26.07 17:07,Радек Нетерда vs Ян Видоурек,ПРОПУСК,0,0,1-3,hit,38,,,,,,,,,,,,,,,,,,,,,,,,,,,,,,,,,,,,,,,,,,,,,,,,,,,,,,,
bsportsfan-telegram-prediction-games-500-1785096901271.csv,https://ru.bsportsfan.com/table-tennis/r/12304296/miroslav-sochor-vs-pavel-rissky,observed_only,26.07 10:55,Мирослав Сохор vs Павел Рисски,skip,0,0,2-3,hit,39,,,,,,,,,,,,,,,,,,,,,,,,,,,,,,,,,,,,,,,,,,,,,,,,,,,,,,,
bsportsfan-telegram-prediction-games-500-1785096901271.csv,https://ru.bsportsfan.com/table-tennis/r/12304311/marek-zaskodny-vs-jonas-rak,forecasted,26.07 17:10,Марек Заскодный vs Йонас Рак,ПРОПУСК,0,0,3-2,hit,48,,,,,,,,,,,,,,,,,,,,,,,,,,,,,,,,,,,,,,,,,,,,,,,,,,,,,,,
bsportsfan-telegram-prediction-games-500-1785096901271.csv,https://ru.bsportsfan.com/table-tennis/r/12304316/david-sarganek-vs-jan-gembala,observed_only,26.07 16:43,Давид Сарганек vs Ян Гембала,,0,0,,,29,,,,,,,,,,,,,,,,,,,,,,,,,,,,,,,,,,,,,,,,,,,,,,,,,,,,,,,
bsportsfan-telegram-prediction-games-500-1785096901271.csv,https://ru.bsportsfan.com/table-tennis/r/12304339/jakub-volny-vs-daniel-branny,observed_only,26.07 21:14,Якуб Вольны vs Дэниел Брэнни,,0,0,,,40,,,,,,,,,,,,,,,,,,,,,,,,,,,,,,,,,,,,,,,,,,,,,,,,,,,,,,,
bsportsfan-telegram-prediction-games-500-1785096901271.csv,https://ru.bsportsfan.com/table-tennis/r/12304363/jan-krupnik-vs-tomas-molin,forecasted,26.07 20:46,Ян Крупник vs Томас Молин,ПРОПУСК,0,0,3-2,hit,44,,,,,,,,,,,,,,,,,,,,,,,,,,,,,,,,,,,,,,,,,,,,,,,,,,,,,,,
bsportsfan-telegram-prediction-games-500-1785096901271.csv,https://ru.bsportsfan.com/table-tennis/r/12304394/richard-vavricka-vs-jan-kabelka,observed_only,26.07 21:08,Ричард Вавричка vs Ян Кабелька,,0,0,,,36,,,,,,,,,,,,,,,,,,,,,,,,,,,,,,,,,,,,,,,,,,,,,,,,,,,,,,,
bsportsfan-telegram-prediction-games-500-1785096901271.csv,https://ru.bsportsfan.com/table-tennis/r/12304421/tadeas-bertho-vs-mikhail-taranko,observed_only,26.07 11:24,Тадеас Берто vs Михаил Таранко,skip,0,0,1-3,miss,39,,,,,,,,,,,,,,,,,,,,,,,,,,,,,,,,,,,,,,,,,,,,,,,,,,,,,,,
bsportsfan-telegram-prediction-games-500-1785096901271.csv,https://ru.bsportsfan.com/table-tennis/r/12304475/jan-simecek-jnr-vs-roman-merkl,observed_only,26.07 11:52,Ян Шимечек мл. vs Роман Меркль,,0,0,,,5,,,,,,,,,,,,,,,,,,,,,,,,,,,,,,,,,,,,,,,,,,,,,,,,,,,,,,,
bsportsfan-telegram-prediction-games-79-1785154148829.csv,https://ru.bsportsfan.com/table-tennis/r/12304519/jan-szotkowski-vs-radomir-revay,forecasted,27.07 13:30,Ян Шотковски vs Радомир Ревай,ПРОПУСК,0,0,3-2,hit,44,Ян Шотковски,Радомир Ревай,1.65,2.1,bsportsfan-odds-frame,27.07 13:29,,,,,,,,,,,,,,,,,,,,,,,,,,,,,,,,,,,,,,,,,,,,,,,,,
bsportsfan-telegram-prediction-games-79-1785154148829.csv,https://ru.bsportsfan.com/table-tennis/r/12304522/michael-sedlacek-vs-tadeas-zika,forecasted,27.07 13:00,Михаэль Седлачек vs Тадеас Зика,ПРОПУСК,0,0,1-3,miss,32,Михаэль Седлачек,Тадеас Зика,,,,-,,,,,,,,,,,,,,,,,,,,,,,,,,,,,,,,,,,,,,,,,,,,,,,,,
bsportsfan-telegram-prediction-games-79-1785154148829.csv,https://ru.bsportsfan.com/table-tennis/r/12304545/david-szotek-vs-sebastian-kasnik,forecasted,27.07 13:31,Дэвид Шотек vs Себастьян Касник,ПРОПУСК,0,0,2-3,hit,48,Дэвид Шотек,Себастьян Касник,1.655,2.1,bsportsfan-odds-frame,27.07 13:31,,,,,,,,,,,,,,,,,,,,,,,,,,,,,,,,,,,,,,,,,,,,,,,,,
bsportsfan-telegram-prediction-games-79-1785154148829.csv,https://ru.bsportsfan.com/table-tennis/r/12304546/radim-urbaniec-vs-michal-chalupa,forecasted,27.07 13:00,Радим Урбанец vs Михал Халупа,ПРОПУСК,0,0,3-1,miss,28,Радим Урбанец,Михал Халупа,,,,-,,,,,,,,,,,,,,,,,,,,,,,,,,,,,,,,,,,,,,,,,,,,,,,,,
bsportsfan-telegram-prediction-games-500-1785096901271.csv,https://ru.bsportsfan.com/table-tennis/r/12304569/jaroslav-brynych-vs-michal-nemec,observed_only,26.07 14:32,Ярослав Бринич vs Михал Немец,,0,0,,,6,,,,,,,,,,,,,,,,,,,,,,,,,,,,,,,,,,,,,,,,,,,,,,,,,,,,,,,
bsportsfan-telegram-prediction-games-79-1785154148829.csv,https://ru.bsportsfan.com/table-tennis/r/12304635/jan-mecl-jnr-vs-martin-huk,observed_only,27.07 13:02,Ян Мекл мл. vs Мартин Хук,,0,0,,,37,Ян Мекл мл.,Мартин Хук,,,,-,,,,,,,,,,,,,,,,,,,,,,,,,,,,,,,,,,,,,,,,,,,,,,,,,
bsportsfan-telegram-prediction-games-79-1785154148829.csv,https://ru.bsportsfan.com/table-tennis/r/12304636/mihail-trinta-vs-tibor-kolenic,forecasted,27.07 13:00,Михаил Тринта vs Тибор Коленич,СТАВИМ,1,0,3-2,hit,37,Михаил Тринта,Тибор Коленич,,,,-,,,,,,,,,,,,,,,,,,,,,,,,,,,,,,,,,,,,,,,,,,,,,,,,,
bsportsfan-telegram-prediction-games-500-1785096901271.csv,https://ru.bsportsfan.com/table-tennis/r/12304637/tomas-vorisek-vs-martin-stusek,forecasted,26.07 15:27,Томас Воржишек vs Мартин Стусек,ПРОПУСК,0,0,3-0,hit,30,,,,,,,,,,,,,,,,,,,,,,,,,,,,,,,,,,,,,,,,,,,,,,,,,,,,,,,
bsportsfan-telegram-prediction-games-500-1785096901271.csv,https://ru.bsportsfan.com/table-tennis/r/12304638/radek-zeman-vs-lukas-pour,forecasted,26.07 14:50,Радек Земан vs Лукас Пур,ПРОПУСК,0,0,3-1,miss,35,,,,,,,,,,,,,,,,,,,,,,,,,,,,,,,,,,,,,,,,,,,,,,,,,,,,,,,
bsportsfan-telegram-prediction-games-500-1785096901271.csv,https://ru.bsportsfan.com/table-tennis/r/12304639/michal-nemec-vs-radek-zeman,forecasted,26.07 15:50,Михал Немец vs Радек Земан,ПРОПУСК,0,0,1-3,hit,35,,,,,,,,,,,,,,,,,,,,,,,,,,,,,,,,,,,,,,,,,,,,,,,,,,,,,,,
bsportsfan-telegram-prediction-games-500-1785096901271.csv,https://ru.bsportsfan.com/table-tennis/r/12304644/ondrej-kadavy-vs-tomas-vorisek,forecasted,26.07 16:25,Ондрей Кадави vs Томас Воржишек,ПРОПУСК,0,0,1-3,hit,41,,,,,,,,,,,,,,,,,,,,,,,,,,,,,,,,,,,,,,,,,,,,,,,,,,,,,,,
bsportsfan-telegram-prediction-games-500-1785096901271.csv,https://ru.bsportsfan.com/table-tennis/r/12304646/jaroslav-brynych-vs-lukas-pour,forecasted,26.07 15:23,Ярослав Бринич vs Лукас Пур,ПРОПУСК,0,0,3-1,miss,31,,,,,,,,,,,,,,,,,,,,,,,,,,,,,,,,,,,,,,,,,,,,,,,,,,,,,,,
bsportsfan-telegram-prediction-games-500-1785096901271.csv,https://ru.bsportsfan.com/table-tennis/r/12304647/vit-benak-vs-martin-stusek,forecasted,26.07 15:55,Вит Бенак vs Мартин Стусек,ПРОПУСК,0,0,3-0,miss,26,,,,,,,,,,,,,,,,,,,,,,,,,,,,,,,,,,,,,,,,,,,,,,,,,,,,,,,
bsportsfan-telegram-prediction-games-500-1785096901271.csv,https://ru.bsportsfan.com/table-tennis/r/12304654/anatoliy-lysyi-vs-vasyl-matviichuk,observed_only,26.07 13:12,Анатолий Лысый vs Василий Матвийчук,,0,0,,,1,,,,,,,,,,,,,,,,,,,,,,,,,,,,,,,,,,,,,,,,,,,,,,,,,,,,,,,
bsportsfan-telegram-prediction-games-79-1785154148829.csv,https://ru.bsportsfan.com/table-tennis/r/12304661/jakub-tazler-vs-jiri-pozarsky,forecasted,27.07 13:01,Якуб Тазлер vs Иржи Позарский,ПРОПУСК,0,0,3-1,hit,35,Якуб Тазлер,Иржи Позарский,,,,-,,,,,,,,,,,,,,,,,,,,,,,,,,,,,,,,,,,,,,,,,,,,,,,,,
bsportsfan-telegram-prediction-games-79-1785154148829.csv,https://ru.bsportsfan.com/table-tennis/r/12304670/ales-bayer-vs-martin-sobisek,forecasted,27.07 13:30,Алесь Байер vs Мартин Собисек,СТАВИМ,1,0,3-0,hit,24,Алесь Байер,Мартин Собисек,1.83,1.833,bsportsfan-odds-frame,27.07 13:30,,,,,,,,,,,,,,,,,,,,,,,,,,,,,,,,,,,,,,,,,,,,,,,,,
bsportsfan-telegram-prediction-games-500-1785096901271.csv,https://ru.bsportsfan.com/table-tennis/r/12304674/vit-benak-vs-ondrej-kadavy,forecasted,26.07 14:57,Вит Бенак vs Ондрей Кадави,ПРОПУСК,0,0,3-0,miss,32,,,,,,,,,,,,,,,,,,,,,,,,,,,,,,,,,,,,,,,,,,,,,,,,,,,,,,,
bsportsfan-telegram-prediction-games-500-1785096901271.csv,https://ru.bsportsfan.com/table-tennis/r/12304689/radek-fitl-vs-jan-vidourek,forecasted,26.07 19:41,Радек Фитль vs Ян Видоурек,ПРОПУСК,0,0,,,30,,,,,,,,,,,,,,,,,,,,,,,,,,,,,,,,,,,,,,,,,,,,,,,,,,,,,,,
bsportsfan-telegram-prediction-games-500-1785096901271.csv,https://ru.bsportsfan.com/table-tennis/r/12304690/radek-neterda-vs-radek-fnukal,forecasted,26.07 19:07,Радек Нетерда vs Радек Фнукал,ПРОПУСК,0,0,3-2,hit,50,,,,,,,,,,,,,,,,,,,,,,,,,,,,,,,,,,,,,,,,,,,,,,,,,,,,,,,
bsportsfan-telegram-prediction-games-500-1785096901271.csv,https://ru.bsportsfan.com/table-tennis/r/12304691/jan-vidourek-vs-radek-fnukal,observed_only,26.07 18:55,Ян Видоурек vs Радек Фнукал,,0,0,,,7,,,,,,,,,,,,,,,,,,,,,,,,,,,,,,,,,,,,,,,,,,,,,,,,,,,,,,,
bsportsfan-telegram-prediction-games-500-1785096901271.csv,https://ru.bsportsfan.com/table-tennis/r/12304692/radek-neterda-vs-radek-fitl,observed_only,26.07 18:07,Радек Нетерда vs Радек Фитль,,0,0,,,31,,,,,,,,,,,,,,,,,,,,,,,,,,,,,,,,,,,,,,,,,,,,,,,,,,,,,,,
bsportsfan-telegram-prediction-games-500-1785096901271.csv,https://ru.bsportsfan.com/table-tennis/r/12304693/radek-fnukal-vs-radek-fitl,forecasted,26.07 17:36,Радек Фнукал vs Радек Фитль,ПРОПУСК,0,0,3-0,hit,36,,,,,,,,,,,,,,,,,,,,,,,,,,,,,,,,,,,,,,,,,,,,,,,,,,,,,,,
bsportsfan-telegram-prediction-games-500-1785096901271.csv,https://ru.bsportsfan.com/table-tennis/r/12304710/martin-sulc-vs-zdenek-zahradka,observed_only,26.07 13:12,Мартин Сульк vs Зденек Захрадка,,0,0,,,1,,,,,,,,,,,,,,,,,,,,,,,,,,,,,,,,,,,,,,,,,,,,,,,,,,,,,,,
bsportsfan-telegram-prediction-games-500-1785096901271.csv,https://ru.bsportsfan.com/table-tennis/r/12304757/serhii-honcharenko-vs-roman-sveshnykov,observed_only,26.07 13:32,Сергей Гончаренко vs Роман Свешников,,0,0,,,46,,,,,,,,,,,,,,,,,,,,,,,,,,,,,,,,,,,,,,,,,,,,,,,,,,,,,,,
bsportsfan-telegram-prediction-games-79-1785154148829.csv,https://ru.bsportsfan.com/table-tennis/r/12304766/jakub-tazler-vs-ales-bayer,forecasted,27.07 15:02,Якуб Тазлер vs Алесь Байер,ПРОПУСК,0,0,,,26,Якуб Тазлер,Алесь Байер,1.4,2.75,bsportsfan-odds-frame,27.07 15:02,,,,,,,,,,,,,,,,,,,,,,,,,,,,,,,,,,,,,,,,,,,,,,,,,
bsportsfan-telegram-prediction-games-79-1785154148829.csv,https://ru.bsportsfan.com/table-tennis/r/12304768/jiri-pozarsky-vs-ales-bayer,forecasted,27.07 14:00,Иржи Позарский vs Алесь Байер,ПРОПУСК,0,0,1-3,hit,37,Иржи Позарский,Алесь Байер,2,1.719,bsportsfan-odds-frame,27.07 13:59,,,,,,,,,,,,,,,,,,,,,,,,,,,,,,,,,,,,,,,,,,,,,,,,,
bsportsfan-telegram-prediction-games-500-1785096901271.csv,https://ru.bsportsfan.com/table-tennis/r/12304791/pavel-rissky-vs-miroslav-sochor,observed_only,26.07 13:44,Павел Рисски vs Мирослав Сохор,,0,0,,,31,,,,,,,,,,,,,,,,,,,,,,,,,,,,,,,,,,,,,,,,,,,,,,,,,,,,,,,
bsportsfan-telegram-prediction-games-500-1785096901271.csv,https://ru.bsportsfan.com/table-tennis/r/12305071/michal-makara-vs-volodymyr-burylov,observed_only,26.07 15:22,Михал Макара vs Владимир Бурылов,,0,0,,,19,,,,,,,,,,,,,,,,,,,,,,,,,,,,,,,,,,,,,,,,,,,,,,,,,,,,,,,
bsportsfan-telegram-prediction-games-500-1785096901271.csv,https://ru.bsportsfan.com/table-tennis/r/12305085/jan-krupnik-vs-michal-macurak,forecasted,26.07 21:45,Ян Крупник vs Михал Макурак,ПРОПУСК,0,0,2-3,hit,41,,,,,,,,,,,,,,,,,,,,,,,,,,,,,,,,,,,,,,,,,,,,,,,,,,,,,,,
bsportsfan-telegram-prediction-games-500-1785096901271.csv,https://ru.bsportsfan.com/table-tennis/r/12305086/jiri-matus-vs-adam-strelec,observed_only,26.07 18:17,Йири Матус vs Адам Стрелец,,0,0,,,4,,,,,,,,,,,,,,,,,,,,,,,,,,,,,,,,,,,,,,,,,,,,,,,,,,,,,,,
bsportsfan-telegram-prediction-games-500-1785096901271.csv,https://ru.bsportsfan.com/table-tennis/r/12305087/jonas-rak-vs-jan-gembala,forecasted,26.07 19:10,Йонас Рак vs Ян Гембала,ПРОПУСК,0,0,1-3,miss,51,,,,,,,,,,,,,,,,,,,,,,,,,,,,,,,,,,,,,,,,,,,,,,,,,,,,,,,
bsportsfan-telegram-prediction-games-500-1785096901271.csv,https://ru.bsportsfan.com/table-tennis/r/12305088/daniel-branny-vs-patrik-jokiel,observed_only,26.07 23:12,Дэниел Брэнни vs Патрик Йокель,,0,0,,,13,,,,,,,,,,,,,,,,,,,,,,,,,,,,,,,,,,,,,,,,,,,,,,,,,,,,,,,
bsportsfan-telegram-prediction-games-500-1785096901271.csv,https://ru.bsportsfan.com/table-tennis/r/12305089/jan-krupnik-vs-michal-raska,observed_only,26.07 22:47,Ян Крупник vs Михал Рашка,,0,0,,,42,,,,,,,,,,,,,,,,,,,,,,,,,,,,,,,,,,,,,,,,,,,,,,,,,,,,,,,
bsportsfan-telegram-prediction-games-500-1785096901271.csv,https://ru.bsportsfan.com/table-tennis/r/12305090/radek-neterda-vs-jan-vidourek,observed_only,26.07 21:42,Радек Нетерда vs Ян Видоурек,,0,0,,,32,,,,,,,,,,,,,,,,,,,,,,,,,,,,,,,,,,,,,,,,,,,,,,,,,,,,,,,
bsportsfan-telegram-prediction-games-500-1785096901271.csv,https://ru.bsportsfan.com/table-tennis/r/12305092/filip-mandrysz-vs-jiri-matus,forecasted,26.07 19:16,Филип Мандрыш vs Йири Матус,ПРОПУСК,0,0,3-2,hit,38,,,,,,,,,,,,,,,,,,,,,,,,,,,,,,,,,,,,,,,,,,,,,,,,,,,,,,,
bsportsfan-telegram-prediction-games-500-1785096901271.csv,https://ru.bsportsfan.com/table-tennis/r/12305094/patrik-jokiel-vs-jakub-volny,forecasted,26.07 22:11,Патрик Йокель vs Якуб Вольны,ПРОПУСК,0,0,1-3,hit,25,,,,,,,,,,,,,,,,,,,,,,,,,,,,,,,,,,,,,,,,,,,,,,,,,,,,,,,
bsportsfan-telegram-prediction-games-500-1785096901271.csv,https://ru.bsportsfan.com/table-tennis/r/12305096/jaroslav-dohnal-vs-jakub-dvorak,forecasted,26.07 18:56,Ярослав Дохнал vs Якуб Дворак,ПРОПУСК,0,0,,,0,,,,,,,,,,,,,,,,,,,,,,,,,,,,,,,,,,,,,,,,,,,,,,,,,,,,,,,
bsportsfan-telegram-prediction-games-500-1785096901271.csv,https://ru.bsportsfan.com/table-tennis/r/12305097/jan-gembala-vs-marek-zaskodny,observed_only,26.07 18:12,Ян Гембала vs Марек Заскодный,,0,0,,,19,,,,,,,,,,,,,,,,,,,,,,,,,,,,,,,,,,,,,,,,,,,,,,,,,,,,,,,
bsportsfan-telegram-prediction-games-500-1785096901271.csv,https://ru.bsportsfan.com/table-tennis/r/12305099/richard-vavricka-vs-jan-vidourek,forecasted,26.07 22:08,Ричард Вавричка vs Ян Видоурек,ПРОПУСК,0,0,0-3,miss,28,,,,,,,,,,,,,,,,,,,,,,,,,,,,,,,,,,,,,,,,,,,,,,,,,,,,,,,
bsportsfan-telegram-prediction-games-500-1785096901271.csv,https://ru.bsportsfan.com/table-tennis/r/12305100/jan-kabelka-vs-radek-neterda,forecasted,26.07 22:35,Ян Кабелька vs Радек Нетерда,ПРОПУСК,0,0,0-3,hit,33,,,,,,,,,,,,,,,,,,,,,,,,,,,,,,,,,,,,,,,,,,,,,,,,,,,,,,,
bsportsfan-telegram-prediction-games-500-1785096901271.csv,https://ru.bsportsfan.com/table-tennis/r/12305101/david-sarganek-vs-jonas-rak,forecasted,26.07 17:40,Давид Сарганек vs Йонас Рак,ПРОПУСК,0,0,3-0,hit,23,,,,,,,,,,,,,,,,,,,,,,,,,,,,,,,,,,,,,,,,,,,,,,,,,,,,,,,
bsportsfan-telegram-prediction-games-500-1785096901271.csv,https://ru.bsportsfan.com/table-tennis/r/12305102/ondrej-kus-vs-jakub-volny,forecasted,26.07 22:40,Ондрей Кус vs Якуб Вольны,ПРОПУСК,0,0,3-0,hit,38,,,,,,,,,,,,,,,,,,,,,,,,,,,,,,,,,,,,,,,,,,,,,,,,,,,,,,,
bsportsfan-telegram-prediction-games-500-1785096901271.csv,https://ru.bsportsfan.com/table-tennis/r/12305104/jakub-dvorak-vs-jiri-melichar,observed_only,26.07 20:28,Якуб Дворак vs Иржи Меличар,,0,0,,,47,,,,,,,,,,,,,,,,,,,,,,,,,,,,,,,,,,,,,,,,,,,,,,,,,,,,,,,
bsportsfan-telegram-prediction-games-500-1785096901271.csv,https://ru.bsportsfan.com/table-tennis/r/12305105/richard-vavricka-vs-radek-neterda,observed_only,26.07 23:08,Ричард Вавричка vs Радек Нетерда,,0,0,,,28,,,,,,,,,,,,,,,,,,,,,,,,,,,,,,,,,,,,,,,,,,,,,,,,,,,,,,,
bsportsfan-telegram-prediction-games-500-1785096901271.csv,https://ru.bsportsfan.com/table-tennis/r/12305106/lukas-vich-vs-martin-zajicek,observed_only,26.07 22:58,Лукас Вич vs Мартин Зайичек,,0,0,,,39,,,,,,,,,,,,,,,,,,,,,,,,,,,,,,,,,,,,,,,,,,,,,,,,,,,,,,,
bsportsfan-telegram-prediction-games-500-1785096901271.csv,https://ru.bsportsfan.com/table-tennis/r/12305110/jiri-melichar-vs-dominik-tichy,forecasted,26.07 19:25,Иржи Меличар vs Доминик Тичи,ПРОПУСК,0,0,3-2,hit,41,,,,,,,,,,,,,,,,,,,,,,,,,,,,,,,,,,,,,,,,,,,,,,,,,,,,,,,
bsportsfan-telegram-prediction-games-500-1785096901271.csv,https://ru.bsportsfan.com/table-tennis/r/12305111/jaroslav-dohnal-vs-dominik-tichy,observed_only,26.07 20:02,Ярослав Дохнал vs Доминик Тичи,,0,0,,,25,,,,,,,,,,,,,,,,,,,,,,,,,,,,,,,,,,,,,,,,,,,,,,,,,,,,,,,
bsportsfan-telegram-prediction-games-500-1785096901271.csv,https://ru.bsportsfan.com/table-tennis/r/12305112/jaroslav-sindler-vs-adam-strelec,observed_only,26.07 18:54,Ярослав Синдлер vs Адам Стрелец,,0,0,,,12,,,,,,,,,,,,,,,,,,,,,,,,,,,,,,,,,,,,,,,,,,,,,,,,,,,,,,,
bsportsfan-telegram-prediction-games-500-1785096901271.csv,https://ru.bsportsfan.com/table-tennis/r/12305113/ondrej-kus-vs-daniel-branny,forecasted,26.07 21:43,Ондрей Кус vs Дэниел Брэнни,ПРОПУСК,0,0,3-2,hit,46,,,,,,,,,,,,,,,,,,,,,,,,,,,,,,,,,,,,,,,,,,,,,,,,,,,,,,,
bsportsfan-telegram-prediction-games-500-1785096901271.csv,https://ru.bsportsfan.com/table-tennis/r/12305114/tomas-molin-vs-michal-raska,forecasted,26.07 22:16,Томас Молин vs Михал Рашка,ПРОПУСК,0,0,3-0,hit,7,,,,,,,,,,,,,,,,,,,,,,,,,,,,,,,,,,,,,,,,,,,,,,,,,,,,,,,
bsportsfan-telegram-prediction-games-500-1785096901271.csv,https://ru.bsportsfan.com/table-tennis/r/12305115/martin-skyba-vs-tomas-hucko,forecasted,26.07 15:30,Мартин Скиба vs Томаш Хукко,СТАВИМ,1,0,3-0,hit,27,,,,,,,,,,,,,,,,,,,,,,,,,,,,,,,,,,,,,,,,,,,,,,,,,,,,,,,
bsportsfan-telegram-prediction-games-500-1785096901271.csv,https://ru.bsportsfan.com/table-tennis/r/12305116/jaroslav-sindler-vs-filip-mandrysz,forecasted,26.07 17:45,Ярослав Синдлер vs Филип Мандрыш,ПРОПУСК,0,0,3-2,hit,45,,,,,,,,,,,,,,,,,,,,,,,,,,,,,,,,,,,,,,,,,,,,,,,,,,,,,,,
bsportsfan-telegram-prediction-games-500-1785096901271.csv,https://ru.bsportsfan.com/table-tennis/r/12305122/lukas-vich-vs-martin-boltik,forecasted,26.07 22:08,Лукас Вич vs Мартин Болтик,ПРОПУСК,0,0,,,29,,,,,,,,,,,,,,,,,,,,,,,,,,,,,,,,,,,,,,,,,,,,,,,,,,,,,,,
bsportsfan-telegram-prediction-games-500-1785096901271.csv,https://ru.bsportsfan.com/table-tennis/r/12305123/radek-benes-vs-daniel-vitasek,forecasted,26.07 16:10,Радек Бенеш vs Даниэль Витасек,ПРОПУСК,0,0,3-0,hit,34,,,,,,,,,,,,,,,,,,,,,,,,,,,,,,,,,,,,,,,,,,,,,,,,,,,,,,,
bsportsfan-telegram-prediction-games-500-1785096901271.csv,https://ru.bsportsfan.com/table-tennis/r/12305124/jiri-skalicky-vs-david-skulina,forecasted,26.07 15:40,Иржи Скалицкий vs Давид Скулина,ПРОПУСК,0,0,2-3,hit,53,,,,,,,,,,,,,,,,,,,,,,,,,,,,,,,,,,,,,,,,,,,,,,,,,,,,,,,
bsportsfan-telegram-prediction-games-500-1785096901271.csv,https://ru.bsportsfan.com/table-tennis/r/12305137/volodymyr-ivasiv-1971-vs-oleksandr-alieksieev,observed_only,26.07 15:47,Владимир Ивасив 1971 vs Александр Алексеев,,0,0,,,40,,,,,,,,,,,,,,,,,,,,,,,,,,,,,,,,,,,,,,,,,,,,,,,,,,,,,,,
bsportsfan-telegram-prediction-games-500-1785096901271.csv,https://ru.bsportsfan.com/table-tennis/r/12305174/radovan-pisa-vs-martin-kocvara,forecasted,26.07 15:51,Радован Пиза vs Мартин Коцвара,СТАВИМ,1,0,2-3,hit,44,,,,,,,,,,,,,,,,,,,,,,,,,,,,,,,,,,,,,,,,,,,,,,,,,,,,,,,
bsportsfan-telegram-prediction-games-500-1785096901271.csv,https://ru.bsportsfan.com/table-tennis/r/12305179/petr-sebera-vs-denis-hofman,observed_only,26.07 16:32,Петр Себера vs Денис Хофман,,0,0,,,38,,,,,,,,,,,,,,,,,,,,,,,,,,,,,,,,,,,,,,,,,,,,,,,,,,,,,,,
bsportsfan-telegram-prediction-games-500-1785096901271.csv,https://ru.bsportsfan.com/table-tennis/r/12305180/richard-wagner-vs-jiri-zuzanek,forecasted,26.07 16:00,Рихард Вагнер vs Иржи Зузанек,СТАВИМ,1,0,1-3,hit,24,,,,,,,,,,,,,,,,,,,,,,,,,,,,,,,,,,,,,,,,,,,,,,,,,,,,,,,
bsportsfan-telegram-prediction-games-500-1785096901271.csv,https://ru.bsportsfan.com/table-tennis/r/12305229/petr-semrad-vs-martin-melisek,forecasted,26.07 16:00,Петр Семрад vs Мартин Мелисек,СТАВИМ,1,0,3-2,hit,33,,,,,,,,,,,,,,,,,,,,,,,,,,,,,,,,,,,,,,,,,,,,,,,,,,,,,,,
bsportsfan-telegram-prediction-games-500-1785096901271.csv,https://ru.bsportsfan.com/table-tennis/r/12305230/josef-toth-vs-alois-kanak,forecasted,26.07 16:00,Йозеф Тот vs Алоис Канак,СТАВИМ,1,0,0-3,miss,24,,,,,,,,,,,,,,,,,,,,,,,,,,,,,,,,,,,,,,,,,,,,,,,,,,,,,,,
bsportsfan-telegram-prediction-games-500-1785096901271.csv,https://ru.bsportsfan.com/table-tennis/r/12305231/mark-robin-wagner-vs-ales-bayer,forecasted,26.07 16:02,Марк Робин Вагнер vs Алесь Байер,ПРОПУСК,0,0,1-3,miss,38,,,,,,,,,,,,,,,,,,,,,,,,,,,,,,,,,,,,,,,,,,,,,,,,,,,,,,,
bsportsfan-telegram-prediction-games-500-1785096901271.csv,https://ru.bsportsfan.com/table-tennis/r/12305232/zbynek-zientek-vs-tomas-hrabec,observed_only,26.07 16:34,Збинек Зиентек vs Томаш Храбец,,0,0,,,34,,,,,,,,,,,,,,,,,,,,,,,,,,,,,,,,,,,,,,,,,,,,,,,,,,,,,,,
bsportsfan-telegram-prediction-games-500-1785096901271.csv,https://ru.bsportsfan.com/table-tennis/r/12305233/daniel-priesol-vs-matej-levicky,forecasted,26.07 16:01,Даниэль Приесол vs Матей Левицкий,СТАВИМ,1,0,3-0,miss,22,,,,,,,,,,,,,,,,,,,,,,,,,,,,,,,,,,,,,,,,,,,,,,,,,,,,,,,
bsportsfan-telegram-prediction-games-500-1785096901271.csv,https://ru.bsportsfan.com/table-tennis/r/12305242/michal-syroha-vs-ladislav-havel-1956,forecasted,26.07 16:00,Михал Сирога vs Ладислав Гавел 1956,СТАВИМ,1,0,3-1,hit,28,,,,,,,,,,,,,,,,,,,,,,,,,,,,,,,,,,,,,,,,,,,,,,,,,,,,,,,
bsportsfan-telegram-prediction-games-500-1785096901271.csv,https://ru.bsportsfan.com/table-tennis/r/12305250/martin-sobisek-vs-daniel-tuma,observed_only,26.07 16:33,Мартин Собисек vs Дэниэл Тума,,0,0,,,41,,,,,,,,,,,,,,,,,,,,,,,,,,,,,,,,,,,,,,,,,,,,,,,,,,,,,,,
bsportsfan-telegram-prediction-games-500-1785096901271.csv,https://ru.bsportsfan.com/table-tennis/r/12305254/jan-manhal-jr-vs-radek-fnukal,forecasted,26.07 16:06,Jan Manhal Jr vs Радек Фнукал,ПРОПУСК,0,0,1-3,miss,36,,,,,,,,,,,,,,,,,,,,,,,,,,,,,,,,,,,,,,,,,,,,,,,,,,,,,,,
bsportsfan-telegram-prediction-games-500-1785096901271.csv,https://ru.bsportsfan.com/table-tennis/r/12305275/radek-zeman-vs-michal-nemec,observed_only,26.07 16:58,Радек Земан vs Михал Немец,,0,0,,,42,,,,,,,,,,,,,,,,,,,,,,,,,,,,,,,,,,,,,,,,,,,,,,,,,,,,,,,
bsportsfan-telegram-prediction-games-500-1785096901271.csv,https://ru.bsportsfan.com/table-tennis/r/12305292/jaroslav-brynych-vs-lukas-pour,observed_only,26.07 16:28,Ярослав Бринич vs Лукас Пур,,0,0,,,31,,,,,,,,,,,,,,,,,,,,,,,,,,,,,,,,,,,,,,,,,,,,,,,,,,,,,,,
bsportsfan-telegram-prediction-games-500-1785096901271.csv,https://ru.bsportsfan.com/table-tennis/r/12305297/michal-blaha-vs-radek-adamczyk,observed_only,26.07 16:32,Михал Блаха vs Радек Адамчик,,0,0,,,54,,,,,,,,,,,,,,,,,,,,,,,,,,,,,,,,,,,,,,,,,,,,,,,,,,,,,,,
bsportsfan-telegram-prediction-games-500-1785096901271.csv,https://ru.bsportsfan.com/table-tennis/r/12305299/miroslav-barta-vs-frantisek-trojan,observed_only,26.07 16:33,Мирослав Барта vs Франтишек Троян,,0,0,,,31,,,,,,,,,,,,,,,,,,,,,,,,,,,,,,,,,,,,,,,,,,,,,,,,,,,,,,,
bsportsfan-telegram-prediction-games-500-1785096901271.csv,https://ru.bsportsfan.com/table-tennis/r/12305304/tomas-trnka-vs-radek-fitl,observed_only,26.07 16:38,Томаш Трнка vs Радек Фитль,,0,0,,,49,,,,,,,,,,,,,,,,,,,,,,,,,,,,,,,,,,,,,,,,,,,,,,,,,,,,,,,
bsportsfan-telegram-prediction-games-58-1785186937796.csv,https://ru.bsportsfan.com/table-tennis/r/12305368/yurii-holovatiuk-vs-kyryl-darin,forecasted,27.07 23:00,Юрий Головатюк vs Кирилл Дарин,,,,1-3,miss,31,Юрий Головатюк,Кирилл Дарин,1.719,2,bsportsfan-odds-frame,27.07 22:59,A+B,1,5,32,-8.1,-2.1,49.3,СТАВИМ,1,,,,,,,,,,,,,,,,,,,,,,,,,,,,,,,,,,,,,,,,
bsportsfan-telegram-prediction-games-500-1785096901271.csv,https://ru.bsportsfan.com/table-tennis/r/12305370/ondrej-kadavy-vs-martin-stusek,observed_only,26.07 17:02,Ондрей Кадави vs Мартин Стусек,,0,0,,,26,,,,,,,,,,,,,,,,,,,,,,,,,,,,,,,,,,,,,,,,,,,,,,,,,,,,,,,
bsportsfan-telegram-prediction-games-79-1785154148829.csv,https://ru.bsportsfan.com/table-tennis/r/12305371/tibor-kolenic-vs-rostislav-hasmanda,forecasted,27.07 14:01,Тибор Коленич vs Ростислав Хасманда,СТАВИМ,1,0,3-0,hit,29,Тибор Коленич,Ростислав Хасманда,1.727,2,bsportsfan-odds-frame,27.07 14:00,,,,,,,,,,,,,,,,,,,,,,,,,,,,,,,,,,,,,,,,,,,,,,,,,
bsportsfan-telegram-prediction-games-58-1785186937796.csv,https://ru.bsportsfan.com/table-tennis/r/12305372/milan-fisera-vs-frantisek-briza,forecasted,27.07 23:32,Милан Фисера vs Франтишек Бриза,,,,3-2,hit,38,Милан Фисера,Франтишек Бриза,2.725,1.4,bsportsfan-odds-frame,27.07 23:32,B,1,5,18,-14.4,9.2,43.1,СТАВИМ,1,,,,,,,,,,,,,,,,,,,,,,,,,,,,,,,,,,,,,,,,
bsportsfan-telegram-prediction-games-79-1785154148829.csv,https://ru.bsportsfan.com/table-tennis/r/12305376/rostislav-hasmanda-vs-lukas-malek,forecasted,27.07 13:30,Ростислав Хасманда vs Лукас Малек,ПРОПУСК,0,0,,,33,Ростислав Хасманда,Лукас Малек,1.95,1.73,bsportsfan-odds-frame,27.07 13:30,,,,,,,,,,,,,,,,,,,,,,,,,,,,,,,,,,,,,,,,,,,,,,,,,
bsportsfan-telegram-prediction-games-79-1785154148829.csv,https://ru.bsportsfan.com/table-tennis/r/12305378/mihail-trinta-vs-rostislav-hasmanda,observed_only,27.07 15:02,Михаил Тринта vs Ростислав Хасманда,,0,0,,,19,Михаил Тринта,Ростислав Хасманда,,,,-,,,,,,,,,,,,,,,,,,,,,,,,,,,,,,,,,,,,,,,,,,,,,,,,,
bsportsfan-telegram-prediction-games-58-1785186937796.csv,https://ru.bsportsfan.com/table-tennis/r/12305380/jakub-levicky-vs-marek-volny,forecasted,27.07 23:01,Якуб Левицкий vs Марек Вольны,,,,3-1,miss,34,Якуб Левицкий,Марек Вольны,2.575,1.442,bsportsfan-odds-frame,27.07 23:01,B,1,5,7,-1.2,5.2,50,СТАВИМ,1,,,,,,,,,,,,,,,,,,,,,,,,,,,,,,,,,,,,,,,,
bsportsfan-telegram-prediction-games-500-1785096901271.csv,https://ru.bsportsfan.com/table-tennis/r/12305463/tomas-vorisek-vs-vit-benak,forecasted,26.07 17:31,Томас Воржишек vs Вит Бенак,ПРОПУСК,0,0,1-3,miss,39,,,,,,,,,,,,,,,,,,,,,,,,,,,,,,,,,,,,,,,,,,,,,,,,,,,,,,,
bsportsfan-telegram-prediction-games-58-1785186937796.csv,https://ru.bsportsfan.com/table-tennis/r/12305468/frantisek-briza-vs-yurii-holovatiuk,forecasted,27.07 22:35,Франтишек Бриза vs Юрий Головатюк,,,,2-3,hit,9,Франтишек Бриза,Юрий Головатюк,2.2,1.6,bsportsfan-odds,27.07 22:35,A,1,3,40,-19.4,5.2,50.6,СТАВИМ,1,,,,,,,,,,,,,,,,,,,,,,,,,,,,,,,,,,,,,,,,
bsportsfan-telegram-prediction-games-500-1785096901271.csv,https://ru.bsportsfan.com/table-tennis/r/12305740/ruslan-novak-vs-oleksandr-alieksieev,observed_only,26.07 18:54,Руслан Новак vs Александр Алексеев,,0,0,,,6,,,,,,,,,,,,,,,,,,,,,,,,,,,,,,,,,,,,,,,,,,,,,,,,,,,,,,,
bsportsfan-telegram-prediction-games-500-1785096901271.csv,https://ru.bsportsfan.com/table-tennis/r/12305766/lukas-rulc-vs-adam-radkovsky,observed_only,26.07 18:54,Лукаш Рульц vs Адам Радковски,,0,0,,,34,,,,,,,,,,,,,,,,,,,,,,,,,,,,,,,,,,,,,,,,,,,,,,,,,,,,,,,
bsportsfan-telegram-prediction-games-500-1785096901271.csv,https://ru.bsportsfan.com/table-tennis/r/12305931/adam-radkovsky-vs-ondrej-mezera,forecasted,26.07 19:25,Адам Радковски vs Ондрей Мезера,СТАВИМ,1,0,3-2,hit,49,,,,,,,,,,,,,,,,,,,,,,,,,,,,,,,,,,,,,,,,,,,,,,,,,,,,,,,
bsportsfan-telegram-prediction-games-500-1785096901271.csv,https://ru.bsportsfan.com/table-tennis/r/12305970/adam-dvoracek-vs-pavel-cizek,forecasted,26.07 19:35,Адам Дворачек vs Павел Чижек,СТАВИМ,1,0,,,14,,,,,,,,,,,,,,,,,,,,,,,,,,,,,,,,,,,,,,,,,,,,,,,,,,,,,,,
bsportsfan-telegram-prediction-games-500-1785096901271.csv,https://ru.bsportsfan.com/table-tennis/r/12305971/jan-gembala-vs-jonas-rak,forecasted,26.07 19:46,Ян Гембала vs Йонас Рак,ПРОПУСК,0,0,,,22,,,,,,,,,,,,,,,,,,,,,,,,,,,,,,,,,,,,,,,,,,,,,,,,,,,,,,,
bsportsfan-telegram-prediction-games-500-1785096901271.csv,https://ru.bsportsfan.com/table-tennis/r/12306013/adam-dvoracek-vs-marek-cizek,forecasted,26.07 19:47,Адам Дворачек vs Марек Чизек,ПРОПУСК,0,0,,,16,,,,,,,,,,,,,,,,,,,,,,,,,,,,,,,,,,,,,,,,,,,,,,,,,,,,,,,
bsportsfan-telegram-prediction-games-500-1785096901271.csv,https://ru.bsportsfan.com/table-tennis/r/12306017/adam-strelec-vs-jiri-matus,forecasted,26.07 19:50,Адам Стрелец vs Йири Матус,ПРОПУСК,0,0,3-2,hit,28,,,,,,,,,,,,,,,,,,,,,,,,,,,,,,,,,,,,,,,,,,,,,,,,,,,,,,,
bsportsfan-telegram-prediction-games-500-1785096901271.csv,https://ru.bsportsfan.com/table-tennis/r/12306018/marcel-heczko-vs-marek-volny,forecasted,26.07 20:30,Марсель Хецко vs Марек Вольны,ПРОПУСК,0,0,1-3,hit,46,,,,,,,,,,,,,,,,,,,,,,,,,,,,,,,,,,,,,,,,,,,,,,,,,,,,,,,
bsportsfan-telegram-prediction-games-500-1785096901271.csv,https://ru.bsportsfan.com/table-tennis/r/12306040/lukas-rulc-vs-stepan-rejent,observed_only,26.07 20:02,Лукаш Рульц vs Степан Реджент,,0,0,,,22,,,,,,,,,,,,,,,,,,,,,,,,,,,,,,,,,,,,,,,,,,,,,,,,,,,,,,,
bsportsfan-telegram-prediction-games-500-1785096901271.csv,https://ru.bsportsfan.com/table-tennis/r/12306042/jiri-plachy-vs-kyryl-darin,forecasted,26.07 20:30,Иржи Плачи vs Кирилл Дарин,ПРОПУСК,0,0,3-1,hit,34,,,,,,,,,,,,,,,,,,,,,,,,,,,,,,,,,,,,,,,,,,,,,,,,,,,,,,,
bsportsfan-telegram-prediction-games-500-1785096901271.csv,https://ru.bsportsfan.com/table-tennis/r/12306043/frantisek-briza-vs-david-horak,forecasted,26.07 20:02,Франтишек Бриза vs Дэвид Хорак,СТАВИМ,1,0,3-0,miss,24,,,,,,,,,,,,,,,,,,,,,,,,,,,,,,,,,,,,,,,,,,,,,,,,,,,,,,,
bsportsfan-telegram-prediction-games-500-1785096901271.csv,https://ru.bsportsfan.com/table-tennis/r/12306061/martin-sobisek-vs-tomas-vinter,forecasted,26.07 20:02,Мартин Собисек vs Томас Винтер,СТАВИМ,1,0,1-3,miss,39,,,,,,,,,,,,,,,,,,,,,,,,,,,,,,,,,,,,,,,,,,,,,,,,,,,,,,,
bsportsfan-telegram-prediction-games-500-1785096901271.csv,https://ru.bsportsfan.com/table-tennis/r/12306062/dominik-oborny-vs-radomir-vavrecka,forecasted,26.07 20:02,Доминик Оборны vs Радомир Вавречка,ПРОПУСК,0,0,3-1,hit,34,,,,,,,,,,,,,,,,,,,,,,,,,,,,,,,,,,,,,,,,,,,,,,,,,,,,,,,
bsportsfan-telegram-prediction-games-500-1785096901271.csv,https://ru.bsportsfan.com/table-tennis/r/12306067/milan-fisera-vs-tibor-kolenic,forecasted,26.07 20:30,Милан Фисера vs Тибор Коленич,СТАВИМ,1,0,3-2,hit,57,,,,,,,,,,,,,,,,,,,,,,,,,,,,,,,,,,,,,,,,,,,,,,,,,,,,,,,
bsportsfan-telegram-prediction-games-500-1785096901271.csv,https://ru.bsportsfan.com/table-tennis/r/12306068/vaclav-nohejl-1975-vs-rostislav-hasmanda,observed_only,26.07 20:02,Вацлав Нохейл 1975 vs Ростислав Хасманда,,0,0,,,34,,,,,,,,,,,,,,,,,,,,,,,,,,,,,,,,,,,,,,,,,,,,,,,,,,,,,,,
bsportsfan-telegram-prediction-games-500-1785096901271.csv,https://ru.bsportsfan.com/table-tennis/r/12306078/petr-maly-vs-vit-herrmann,forecasted,26.07 20:05,Петр Малы vs Вит Херрманн,СТАВИМ,1,0,3-0,hit,34,,,,,,,,,,,,,,,,,,,,,,,,,,,,,,,,,,,,,,,,,,,,,,,,,,,,,,,
bsportsfan-telegram-prediction-games-500-1785096901271.csv,https://ru.bsportsfan.com/table-tennis/r/12306084/daniel-priesol-vs-matej-levicky,forecasted,26.07 20:07,Даниэль Приесол vs Матей Левицкий,СТАВИМ,1,0,2-3,hit,38,,,,,,,,,,,,,,,,,,,,,,,,,,,,,,,,,,,,,,,,,,,,,,,,,,,,,,,
bsportsfan-telegram-prediction-games-500-1785096901271.csv,https://ru.bsportsfan.com/table-tennis/r/12306085/jaroslav-sindler-vs-filip-mandrysz,forecasted,26.07 20:21,Ярослав Синдлер vs Филип Мандрыш,ПРОПУСК,0,0,2-3,hit,38,,,,,,,,,,,,,,,,,,,,,,,,,,,,,,,,,,,,,,,,,,,,,,,,,,,,,,,
bsportsfan-telegram-prediction-games-500-1785096901271.csv,https://ru.bsportsfan.com/table-tennis/r/12306103/marek-zaskodny-vs-david-sarganek,forecasted,26.07 20:15,Марек Заскодный vs Давид Сарганек,ПРОПУСК,0,0,1-3,miss,34,,,,,,,,,,,,,,,,,,,,,,,,,,,,,,,,,,,,,,,,,,,,,,,,,,,,,,,
bsportsfan-telegram-prediction-games-500-1785096901271.csv,https://ru.bsportsfan.com/table-tennis/r/12306117/viktor-ziakun-vs-roman-boklah,forecasted,26.07 20:16,Виктор Зякун vs Роман Боклах,СТАВИМ,1,0,3-1,hit,13,,,,,,,,,,,,,,,,,,,,,,,,,,,,,,,,,,,,,,,,,,,,,,,,,,,,,,,
bsportsfan-telegram-prediction-games-500-1785096901271.csv,https://ru.bsportsfan.com/table-tennis/r/12306122/viacheslav-yarovyi-vs-stanislav-zherykhin,observed_only,26.07 20:20,Вячеслав Яровый vs Станислав Жерихин,,0,0,,,14,,,,,,,,,,,,,,,,,,,,,,,,,,,,,,,,,,,,,,,,,,,,,,,,,,,,,,,
bsportsfan-telegram-prediction-games-500-1785096901271.csv,https://ru.bsportsfan.com/table-tennis/r/12306154/daniel-tyn-vs-zbynek-zientek,forecasted,26.07 20:31,Дэниел Тын vs Збинек Зиентек,ПРОПУСК,0,0,3-2,hit,45,,,,,,,,,,,,,,,,,,,,,,,,,,,,,,,,,,,,,,,,,,,,,,,,,,,,,,,
bsportsfan-telegram-prediction-games-500-1785096901271.csv,https://ru.bsportsfan.com/table-tennis/r/12306157/mark-robin-wagner-vs-ales-bayer,forecasted,26.07 20:30,Марк Робин Вагнер vs Алесь Байер,ПРОПУСК,0,0,2-3,hit,46,,,,,,,,,,,,,,,,,,,,,,,,,,,,,,,,,,,,,,,,,,,,,,,,,,,,,,,
bsportsfan-telegram-prediction-games-500-1785096901271.csv,https://ru.bsportsfan.com/table-tennis/r/12306172/anton-danylov-vs-mykola-zavoloka,forecasted,26.07 20:40,Антон Данилов vs Николай Заволока,ПРОПУСК,0,0,1-3,hit,31,,,,,,,,,,,,,,,,,,,,,,,,,,,,,,,,,,,,,,,,,,,,,,,,,,,,,,,
bsportsfan-telegram-prediction-games-500-1785096901271.csv,https://ru.bsportsfan.com/table-tennis/r/12306194/serhii-priadko-vs-ihor-torhachov,forecasted,26.07 20:40,Сергей Прядко vs Игорь Торгачев,ПРОПУСК,0,0,3-2,hit,44,,,,,,,,,,,,,,,,,,,,,,,,,,,,,,,,,,,,,,,,,,,,,,,,,,,,,,,
bsportsfan-telegram-prediction-games-500-1785096901271.csv,https://ru.bsportsfan.com/table-tennis/r/12306200/jan-vidourek-vs-radek-neterda,forecasted,26.07 20:47,Ян Видоурек vs Радек Нетерда,ПРОПУСК,0,0,1-3,miss,42,,,,,,,,,,,,,,,,,,,,,,,,,,,,,,,,,,,,,,,,,,,,,,,,,,,,,,,
bsportsfan-telegram-prediction-games-79-1785154148829.csv,https://ru.bsportsfan.com/table-tennis/r/12306203/radim-urbaniec-vs-david-szotek,observed_only,27.07 15:02,Радим Урбанец vs Дэвид Шотек,,0,0,,,25,Радим Урбанец,Дэвид Шотек,,,,-,,,,,,,,,,,,,,,,,,,,,,,,,,,,,,,,,,,,,,,,,,,,,,,,,
bsportsfan-telegram-prediction-games-79-1785154148829.csv,https://ru.bsportsfan.com/table-tennis/r/12306228/michael-sedlacek-vs-jan-szotkowski,observed_only,27.07 15:02,Михаэль Седлачек vs Ян Шотковски,,0,0,,,25,Михаэль Седлачек,Ян Шотковски,,,,-,,,,,,,,,,,,,,,,,,,,,,,,,,,,,,,,,,,,,,,,,,,,,,,,,
bsportsfan-telegram-prediction-games-58-1785186937796.csv,https://ru.bsportsfan.com/table-tennis/r/12306238/tomas-milota-vs-jakub-levicky,forecasted,27.07 22:30,Томас Милота vs Якуб Левицкий,,,,2-3,hit,17,Томас Милота,Якуб Левицкий,2.2,1.6,bsportsfan-odds-frame,27.07 22:29,B,1,5,20,-11.9,6.7,46.9,СТАВИМ,1,,,,,,,,,,,,,,,,,,,,,,,,,,,,,,,,,,,,,,,,
bsportsfan-telegram-prediction-games-79-1785154148829.csv,https://ru.bsportsfan.com/table-tennis/r/12306239/jiri-ruzicka-vs-jan-simecek,forecasted,27.07 13:30,Иржи Ружицка vs Ян Симечек,СТАВИМ,1,0,3-2,hit,34,Иржи Ружицка,Ян Симечек,1.6,2.2,bsportsfan-odds-frame,27.07 13:29,,,,,,,,,,,,,,,,,,,,,,,,,,,,,,,,,,,,,,,,,,,,,,,,,
bsportsfan-telegram-prediction-games-58-1785186937796.csv,https://ru.bsportsfan.com/table-tennis/r/12306245/milan-jasek-vs-pavel-varecha,forecasted,27.07 23:34,Милан Ясек vs Павел Вареча,,,,3-2,hit,43,Милан Ясек,Павел Вареча,2,1.705,bsportsfan-odds-frame,27.07 23:34,B,1,5,7,1.7,-3.7,48.8,СТАВИМ,1,,,,,,,,,,,,,,,,,,,,,,,,,,,,,,,,,,,,,,,,
bsportsfan-telegram-prediction-games-79-1785154148829.csv,https://ru.bsportsfan.com/table-tennis/r/12306247/tadeas-zika-vs-jan-szotkowski,forecasted,27.07 14:00,Тадеас Зика vs Ян Шотковски,СТАВИМ,1,0,1-3,hit,30,Тадеас Зика,Ян Шотковски,2,1.71,bsportsfan-odds-frame,27.07 13:58,,,,,,,,,,,,,,,,,,,,,,,,,,,,,,,,,,,,,,,,,,,,,,,,,
bsportsfan-telegram-prediction-games-58-1785186937796.csv,https://ru.bsportsfan.com/table-tennis/r/12306256/vitezslav-bosak-vs-filip-zurek,forecasted,27.07 23:01,Витезслав Босак vs Филип Журек,,,,,,42,Витезслав Босак,Филип Журек,1.571,2.21,bsportsfan-odds-frame,27.07 22:58,none,0,5,-27,-7.9,2.9,51.9,ПРОПУСК,0,,,,,,,,,,,,,,,,,,,,,,,,,,,,,,,,,,,,,,,,
bsportsfan-telegram-prediction-games-58-1785186937796.csv,https://ru.bsportsfan.com/table-tennis/r/12306259/milan-jasek-vs-filip-zurek,observed_only,27.07 22:29,Милан Ясек vs Филип Журек,,,,,,8,Милан Ясек,Филип Журек,,,,-,,,,,,,,,0,,,,,,,,,,,,,,,,,,,,,,,,,,,,,,,,,,,,,,,,
bsportsfan-telegram-prediction-games-58-1785186937796.csv,https://ru.bsportsfan.com/table-tennis/r/12306262/jiri-dedek-vs-pavel-fojt,forecasted,27.07 23:32,Иржи Дедек vs Павел Фойт,,,,3-1,hit,39,Иржи Дедек,Павел Фойт,1.31,3.1,bsportsfan-odds-frame,27.07 23:32,none,0,5,-28,-2.1,2.5,51,ПРОПУСК,0,,,,,,,,,,,,,,,,,,,,,,,,,,,,,,,,,,,,,,,,
bsportsfan-telegram-prediction-games-500-1785096901271.csv,https://ru.bsportsfan.com/table-tennis/r/12306263/jakub-dvorak-vs-jiri-melichar,observed_only,26.07 21:42,Якуб Дворак vs Иржи Меличар,,0,0,,,32,,,,,,,,,,,,,,,,,,,,,,,,,,,,,,,,,,,,,,,,,,,,,,,,,,,,,,,
bsportsfan-telegram-prediction-games-58-1785186937796.csv,https://ru.bsportsfan.com/table-tennis/r/12306265/erik-mares-vs-libor-prikasky,forecasted,27.07 23:32,Эрик Марес vs Либор Прикаски,,,,3-0,hit,32,Эрик Марес,Либор Прикаски,1.402,2.665,bsportsfan-odds-frame,27.07 23:32,none,0,5,42,4.6,-8.8,51.5,ПРОПУСК,0,,,,,,,,,,,,,,,,,,,,,,,,,,,,,,,,,,,,,,,,
bsportsfan-telegram-prediction-games-58-1785186937796.csv,https://ru.bsportsfan.com/table-tennis/r/12306266/pavel-fojt-vs-dmitro-parhomenko,forecasted,27.07 22:30,Павел Фойт vs Дмитро Пархоменко,,,,3-2,hit,11,Павел Фойт,Дмитро Пархоменко,1.719,1.98,bsportsfan-odds-frame,27.07 22:33,none,0,5,24,-8.8,4.2,54.4,ПРОПУСК,0,,,,,,,,,,,,,,,,,,,,,,,,,,,,,,,,,,,,,,,,
bsportsfan-telegram-prediction-games-79-1785154148829.csv,https://ru.bsportsfan.com/table-tennis/r/12306273/michal-chalupa-vs-david-szotek,forecasted,27.07 14:00,Михал Халупа vs Дэвид Шотек,СТАВИМ,1,0,3-1,hit,38,Михал Халупа,Дэвид Шотек,1.9,1.8,bsportsfan-odds-frame,27.07 13:58,,,,,,,,,,,,,,,,,,,,,,,,,,,,,,,,,,,,,,,,,,,,,,,,,
bsportsfan-telegram-prediction-games-58-1785186937796.csv,https://ru.bsportsfan.com/table-tennis/r/12306277/dmitro-parhomenko-vs-radim-pavelka,forecasted,27.07 23:00,Дмитро Пархоменко vs Радим Павелка,,,,2-3,hit,41,Дмитро Пархоменко,Радим Павелка,1.83,1.83,bsportsfan-odds-frame,27.07 22:59,none,0,5,17,-4.4,9.6,52.9,ПРОПУСК,0,,,,,,,,,,,,,,,,,,,,,,,,,,,,,,,,,,,,,,,,
bsportsfan-telegram-prediction-games-58-1785186937796.csv,https://ru.bsportsfan.com/table-tennis/r/12306278/lukas-velicka-vs-tomas-milota,forecasted,27.07 23:32,Лукас Величка vs Томас Милота,,,,3-1,hit,28,Лукас Величка,Томас Милота,1.571,2.225,bsportsfan-odds-frame,27.07 23:32,none,0,5,-4,-9,6.8,51,ПРОПУСК,0,,,,,,,,,,,,,,,,,,,,,,,,,,,,,,,,,,,,,,,,
bsportsfan-telegram-prediction-games-500-1785096901271.csv,https://ru.bsportsfan.com/table-tennis/r/12306293/jaroslav-dohnal-vs-dominik-tichy,observed_only,26.07 21:07,Ярослав Дохнал vs Доминик Тичи,,0,0,,,38,,,,,,,,,,,,,,,,,,,,,,,,,,,,,,,,,,,,,,,,,,,,,,,,,,,,,,,
bsportsfan-telegram-prediction-games-79-1785154148829.csv,https://ru.bsportsfan.com/table-tennis/r/12306332/martin-huk-vs-jiri-ruzicka,forecasted,27.07 14:00,Мартин Хук vs Иржи Ружицка,СТАВИМ,1,0,1-3,miss,47,Мартин Хук,Иржи Ружицка,1.9,1.8,bsportsfan-odds-frame,27.07 13:59,,,,,,,,,,,,,,,,,,,,,,,,,,,,,,,,,,,,,,,,,,,,,,,,,
bsportsfan-telegram-prediction-games-79-1785154148829.csv,https://ru.bsportsfan.com/table-tennis/r/12306340/jan-mecl-jnr-vs-jiri-ruzicka,observed_only,27.07 15:02,Ян Мекл мл. vs Иржи Ружицка,,0,0,,,17,Ян Мекл мл.,Иржи Ружицка,,,,-,,,,,,,,,,,,,,,,,,,,,,,,,,,,,,,,,,,,,,,,,,,,,,,,,
bsportsfan-telegram-prediction-games-58-1785186937796.csv,https://ru.bsportsfan.com/table-tennis/r/12306379/pavel-varecha-vs-vitezslav-bosak,observed_only,27.07 22:44,Павел Вареча vs Витезслав Босак,,,,,,27,Павел Вареча,Витезслав Босак,,,,-,,,,,,,,,0,,,,,,,,,,,,,,,,,,,,,,,,,,,,,,,,,,,,,,,,
bsportsfan-telegram-prediction-games-58-1785186937796.csv,https://ru.bsportsfan.com/table-tennis/r/12306404/hryhorii-kulishov-vs-andrii-peretiatko,forecasted,28.07 00:06,Григорий Кулишов vs Андрей Перетятько,,,,,,26,Григорий Кулишов,Андрей Перетятько,1.48,2.45,bsportsfan-odds-frame,28.07 00:04,none,0,5,32,22.7,7.5,57.8,ПРОПУСК,0,,,,,,,,,,,,,,,,,,,,,,,,,,,,,,,,,,,,,,,,
bsportsfan-telegram-prediction-games-79-1785154148829.csv,https://ru.bsportsfan.com/table-tennis/r/12306406/ruslan-novak-vs-volodymyr-ivasiv-1971,observed_only,27.07 14:07,Руслан Новак vs Владимир Ивасив 1971,,0,0,,,25,Руслан Новак,Владимир Ивасив 1971,,,,-,,,,,,,,,,,,,,,,,,,,,,,,,,,,,,,,,,,,,,,,,,,,,,,,,
bsportsfan-telegram-prediction-games-58-1785186937796.csv,https://ru.bsportsfan.com/table-tennis/r/12306409/ladislav-dobias-vs-volodymyr-burylov,forecasted,27.07 22:45,Ладислав Добиас vs Владимир Бурылов,,,,2-3,hit,58,Ладислав Добиас,Владимир Бурылов,1.8,1.9,bsportsfan-odds-frame,27.07 22:45,A+B,1,5,32,-1.5,-1.9,47.2,СТАВИМ,1,,,,,,,,,,,,,,,,,,,,,,,,,,,,,,,,,,,,,,,,
bsportsfan-telegram-prediction-games-79-1785154148829.csv,https://ru.bsportsfan.com/table-tennis/r/12306410/jan-marhol-vs-oleh-plyska,forecasted,27.07 14:01,Ян Мархол vs Олег Плиска,ПРОПУСК,0,0,2-3,hit,31,Ян Мархол,Олег Плиска,1.608,2.175,bsportsfan-odds-frame,27.07 13:58,,,,,,,,,,,,,,,,,,,,,,,,,,,,,,,,,,,,,,,,,,,,,,,,,
bsportsfan-telegram-prediction-games-79-1785154148829.csv,https://ru.bsportsfan.com/table-tennis/r/12306416/petr-provaznik-vs-zdenek-kuksa,forecasted,27.07 13:45,Петр Провазник vs Жденек Кукса,СТАВИМ,1,0,3-1,miss,39,Петр Провазник,Жденек Кукса,2.05,1.65,bsportsfan-odds-frame,27.07 13:43,,,,,,,,,,,,,,,,,,,,,,,,,,,,,,,,,,,,,,,,,,,,,,,,,
bsportsfan-telegram-prediction-games-79-1785154148829.csv,https://ru.bsportsfan.com/table-tennis/r/12306424/tadeas-bertho-vs-matej-svitac,forecasted,27.07 13:15,Тадеас Берто vs Матей Свитац,СТАВИМ,1,0,2-3,hit,38,Тадеас Берто,Матей Свитац,,,,-,,,,,,,,,,,,,,,,,,,,,,,,,,,,,,,,,,,,,,,,,,,,,,,,,
bsportsfan-telegram-prediction-games-79-1785154148829.csv,https://ru.bsportsfan.com/table-tennis/r/12306449/yuriy-melnyk-vs-mykola-treshchetka,observed_only,27.07 12:57,Юрий Мельник vs Микола Трешчетка,,0,0,,,25,Юрий Мельник,Микола Трешчетка,,,,-,,,,,,,,,,,,,,,,,,,,,,,,,,,,,,,,,,,,,,,,,,,,,,,,,
bsportsfan-telegram-prediction-games-58-1785186937796.csv,https://ru.bsportsfan.com/table-tennis/r/12306467/yehor-opryshchenko-vs-yehor-riadynskyi,observed_only,27.07 22:28,Егор Оприщенко vs Егор Рядинский,,,,,,2,Егор Оприщенко,Егор Рядинский,,,,-,,,,,,,,,0,,,,,,,,,,,,,,,,,,,,,,,,,,,,,,,,,,,,,,,,
bsportsfan-telegram-prediction-games-58-1785186937796.csv,https://ru.bsportsfan.com/table-tennis/r/12306475/petr-bradac-vs-lukas-zeman,observed_only,27.07 23:02,Петр Брадак vs Лукаш Земан,,,,,,32,Петр Брадак,Лукаш Земан,,,,-,,,,,,,,,0,,,,,,,,,,,,,,,,,,,,,,,,,,,,,,,,,,,,,,,,
bsportsfan-telegram-prediction-games-58-1785186937796.csv,https://ru.bsportsfan.com/table-tennis/r/12306476/yaroslav-tebenko-vs-oleksandr-storozhenko,forecasted,28.07 00:03,Ярослав Тебенко vs Александр Стороженко,,,,,,30,Ярослав Тебенко,Александр Стороженко,2.25,1.57,bsportsfan-odds-frame,28.07 00:03,B,1,5,24,-13.6,6,49.2,СТАВИМ,1,,,,,,,,,,,,,,,,,,,,,,,,,,,,,,,,,,,,,,,,
bsportsfan-telegram-prediction-games-58-1785186937796.csv,https://ru.bsportsfan.com/table-tennis/r/12306479/valentyn-chumak-vs-ruslan-serhyenko,forecasted,27.07 22:55,Валентин Чумак vs Руслан Сергиенко,,,,0-3,hit,24,Валентин Чумак,Руслан Сергиенко,1.727,2,bsportsfan-odds-frame,27.07 22:54,none,0,5,-2,-4.1,5.3,53.9,ПРОПУСК,0,,,,,,,,,,,,,,,,,,,,,,,,,,,,,,,,,,,,,,,,
bsportsfan-telegram-prediction-games-58-1785186937796.csv,https://ru.bsportsfan.com/table-tennis/r/12306483/oleksandr-budnikov-vs-denys-maltsev,forecasted,27.07 23:33,Александр Будников vs Денис Мальцев,,,,1-3,miss,33,Александр Будников,Денис Мальцев,2.6,1.444,bsportsfan-odds-frame,27.07 23:33,B,1,5,-23,-26.8,-5.8,43.5,СТАВИМ,1,,,,,,,,,,,,,,,,,,,,,,,,,,,,,,,,,,,,,,,,
bsportsfan-telegram-prediction-games-79-1785154148829.csv,https://ru.bsportsfan.com/table-tennis/r/12306497/dmitro-kuzmenko-vs-serhii-chuhai,forecasted,27.07 14:00,Дмитро Кузьменко vs Сергей Чухай,ПРОПУСК,0,0,0-3,miss,29,Дмитро Кузьменко,Сергей Чухай,5.6,1.1,bsportsfan-odds-frame,27.07 13:59,,,,,,,,,,,,,,,,,,,,,,,,,,,,,,,,,,,,,,,,,,,,,,,,,
bsportsfan-telegram-prediction-games-79-1785154148829.csv,https://ru.bsportsfan.com/table-tennis/r/12306501/mykhailo-khalenko-vs-kostiantyn-klymenko,forecasted,27.07 13:30,Михаил Халенко vs Константин Клименко,СТАВИМ,1,0,3-2,hit,31,Михаил Халенко,Константин Клименко,2.25,1.57,bsportsfan-odds-frame,27.07 13:29,,,,,,,,,,,,,,,,,,,,,,,,,,,,,,,,,,,,,,,,,,,,,,,,,
bsportsfan-telegram-prediction-games-79-1785154148829.csv,https://ru.bsportsfan.com/table-tennis/r/12306502/sergii-skhabitskiy-vs-daniil-novakov,observed_only,27.07 15:03,Сергей Схабицкий vs Даниил Новаков,,0,0,,,19,Сергей Схабицкий,Даниил Новаков,,,,-,,,,,,,,,,,,,,,,,,,,,,,,,,,,,,,,,,,,,,,,,,,,,,,,,
bsportsfan-telegram-prediction-games-58-1785186937796.csv,https://ru.bsportsfan.com/table-tennis/r/12306503/myroslav-loboda-vs-iurii-hrekh,forecasted,27.07 23:46,Мирослав Лобода vs Юрий Хрекх,,,,1-3,miss,31,Мирослав Лобода,Юрий Хрекх,1.65,2.1,bsportsfan-odds-frame,27.07 23:44,none,0,5,20,-7.7,10.9,57.1,ПРОПУСК,0,,,,,,,,,,,,,,,,,,,,,,,,,,,,,,,,,,,,,,,,
bsportsfan-telegram-prediction-games-58-1785186937796.csv,https://ru.bsportsfan.com/table-tennis/r/12306509/volodymyr-hainiuk-vs-andrii-lifanov,forecasted,27.07 23:33,Владимир Гайнюк vs Андрей Лифанов,,,,1-3,hit,37,Владимир Гайнюк,Андрей Лифанов,2.25,1.57,bsportsfan-odds-frame,27.07 23:33,A,1,5,31,-9.7,6.5,50.4,СТАВИМ,1,,,,,,,,,,,,,,,,,,,,,,,,,,,,,,,,,,,,,,,,
bsportsfan-telegram-prediction-games-79-1785154148829.csv,https://ru.bsportsfan.com/table-tennis/r/12306513/andrii-fastov-vs-roman-boklah,observed_only,27.07 15:03,Андрий Фастов vs Роман Боклах,,0,0,,,19,Андрий Фастов,Роман Боклах,,,,-,,,,,,,,,,,,,,,,,,,,,,,,,,,,,,,,,,,,,,,,,,,,,,,,,
bsportsfan-telegram-prediction-games-79-1785154148829.csv,https://ru.bsportsfan.com/table-tennis/r/12306518/serhii-kushnirenko-vs-roman-horokh,observed_only,27.07 15:03,Сергей Кушниренко vs Роман Хорокх,,0,0,,,22,Сергей Кушниренко,Роман Хорокх,,,,-,,,,,,,,,,,,,,,,,,,,,,,,,,,,,,,,,,,,,,,,,,,,,,,,,
bsportsfan-telegram-prediction-games-79-1785154148829.csv,https://ru.bsportsfan.com/table-tennis/r/12306519/mykhailo-vivatenko-vs-mykola-treshchetka,observed_only,27.07 13:57,Михаил Виватенко vs Микола Трешчетка,,0,0,,,40,Михаил Виватенко,Микола Трешчетка,,,,-,,,,,,,,,,,,,,,,,,,,,,,,,,,,,,,,,,,,,,,,,,,,,,,,,
bsportsfan-telegram-prediction-games-79-1785154148829.csv,https://ru.bsportsfan.com/table-tennis/r/12306532/petr-provaznik-vs-matej-svitac,observed_only,27.07 12:51,Петр Провазник vs Матей Свитац,,0,0,,,33,Петр Провазник,Матей Свитац,,,,-,,,,,,,,,,,,,,,,,,,,,,,,,,,,,,,,,,,,,,,,,,,,,,,,,
bsportsfan-telegram-prediction-games-79-1785154148829.csv,https://ru.bsportsfan.com/table-tennis/r/12306537/valerii-kolesnykov-vs-stepan-hryhorenko,observed_only,27.07 12:53,Валерий Колесников vs Степан Григоренко,,0,0,,,7,Валерий Колесников,Степан Григоренко,,,,-,,,,,,,,,,,,,,,,,,,,,,,,,,,,,,,,,,,,,,,,,,,,,,,,,
bsportsfan-telegram-prediction-games-79-1785154148829.csv,https://ru.bsportsfan.com/table-tennis/r/12306541/tadeas-bertho-vs-petr-provaznik,forecasted,27.07 14:15,Тадеас Берто vs Петр Провазник,ПРОПУСК,0,0,3-2,hit,6,Тадеас Берто,Петр Провазник,2.25,1.57,bsportsfan-odds-frame,27.07 14:14,,,,,,,,,,,,,,,,,,,,,,,,,,,,,,,,,,,,,,,,,,,,,,,,,
bsportsfan-telegram-prediction-games-79-1785154148829.csv,https://ru.bsportsfan.com/table-tennis/r/12306543/volodymyr-voronenkov-vs-andrii-hrabskyi,observed_only,27.07 13:44,Владимир Вороненков vs Андрей Грабский,,0,0,,,54,Владимир Вороненков,Андрей Грабский,,,,-,,,,,,,,,,,,,,,,,,,,,,,,,,,,,,,,,,,,,,,,,,,,,,,,,
bsportsfan-telegram-prediction-games-79-1785154148829.csv,https://ru.bsportsfan.com/table-tennis/r/12306548/valerii-kolesnykov-vs-andrii-troian,forecasted,27.07 14:08,Валерий Колесников vs Андрей Троян,СТАВИМ,1,0,,,24,Валерий Колесников,Андрей Троян,2.75,1.4,bsportsfan-odds-frame,27.07 14:05,,,,,,,,,,,,,,,,,,,,,,,,,,,,,,,,,,,,,,,,,,,,,,,,,
bsportsfan-telegram-prediction-games-79-1785154148829.csv,https://ru.bsportsfan.com/table-tennis/r/12306551/andrii-troian-vs-yurii-volkov,forecasted,27.07 13:06,Андрей Троян vs Юрий Волков,ПРОПУСК,0,0,,,52,Андрей Троян,Юрий Волков,,,,-,,,,,,,,,,,,,,,,,,,,,,,,,,,,,,,,,,,,,,,,,,,,,,,,,
bsportsfan-telegram-prediction-games-79-1785154148829.csv,https://ru.bsportsfan.com/table-tennis/r/12306554/jan-marhol-vs-martin-vorel,forecasted,27.07 13:04,Ян Мархол vs Мартин Ворел,ПРОПУСК,0,0,0-3,hit,25,Ян Мархол,Мартин Ворел,,,,-,,,,,,,,,,,,,,,,,,,,,,,,,,,,,,,,,,,,,,,,,,,,,,,,,
bsportsfan-telegram-prediction-games-79-1785154148829.csv,https://ru.bsportsfan.com/table-tennis/r/12306560/volodymyr-khyzhnyak-vs-viacheslav-yarovyi,observed_only,27.07 12:55,Владимир Хижняк vs Вячеслав Яровый,,0,0,,,6,Владимир Хижняк,Вячеслав Яровый,,,,-,,,,,,,,,,,,,,,,,,,,,,,,,,,,,,,,,,,,,,,,,,,,,,,,,
bsportsfan-telegram-prediction-games-58-1785186937796.csv,https://ru.bsportsfan.com/table-tennis/r/12306563/vladyslav-kovalchuk-vs-oleksii-rodin,forecasted,27.07 23:00,Владислав Ковальчук vs Алексей Родин,,,,,,36,Владислав Ковальчук,Алексей Родин,2.75,1.4,bsportsfan-odds-frame,27.07 23:00,B,1,5,6,4.7,-11.9,47.9,СТАВИМ,1,,,,,,,,,,,,,,,,,,,,,,,,,,,,,,,,,,,,,,,,
bsportsfan-telegram-prediction-games-79-1785154148829.csv,https://ru.bsportsfan.com/table-tennis/r/12306574/ladislav-hendrych-vs-oleh-plyska,observed_only,27.07 12:51,Ладислав Хендрих vs Олег Плиска,,0,0,,,17,Ладислав Хендрих,Олег Плиска,,,,-,,,,,,,,,,,,,,,,,,,,,,,,,,,,,,,,,,,,,,,,,,,,,,,,,
bsportsfan-telegram-prediction-games-79-1785154148829.csv,https://ru.bsportsfan.com/table-tennis/r/12306581/vladyslav-stukalov-vs-oleksandr-ovsiienko,forecasted,27.07 14:00,Владислав Стукалов vs Александр Овсиенко,СТАВИМ,1,0,0-3,miss,31,Владислав Стукалов,Александр Овсиенко,2.25,1.57,bsportsfan-odds-frame,27.07 13:59,,,,,,,,,,,,,,,,,,,,,,,,,,,,,,,,,,,,,,,,,,,,,,,,,
bsportsfan-telegram-prediction-games-79-1785154148829.csv,https://ru.bsportsfan.com/table-tennis/r/12306583/vasyl-kondratenko-vs-oleksandr-ovsiienko,observed_only,27.07 13:03,Василий Кондратернко vs Александр Овсиенко,,0,0,,,36,Василий Кондратернко,Александр Овсиенко,,,,-,,,,,,,,,,,,,,,,,,,,,,,,,,,,,,,,,,,,,,,,,,,,,,,,,
bsportsfan-telegram-prediction-games-500-1785096901271.csv,https://ru.bsportsfan.com/table-tennis/r/12306595/dmytro-shchegelskyi-vs-oleksandr-alieksieev,forecasted,26.07 22:06,Дмитрий Щегельский vs Александр Алексеев,ПРОПУСК,0,0,,,24,,,,,,,,,,,,,,,,,,,,,,,,,,,,,,,,,,,,,,,,,,,,,,,,,,,,,,,
bsportsfan-telegram-prediction-games-79-1785154148829.csv,https://ru.bsportsfan.com/table-tennis/r/12306597/daniil-novakov-vs-volodymyr-melnykov,forecasted,27.07 13:09,Даниил Новаков vs Владимир Мельников,СТАВИМ,1,0,3-1,miss,37,Даниил Новаков,Владимир Мельников,,,,-,,,,,,,,,,,,,,,,,,,,,,,,,,,,,,,,,,,,,,,,,,,,,,,,,
bsportsfan-telegram-prediction-games-79-1785154148829.csv,https://ru.bsportsfan.com/table-tennis/r/12306604/oleksandr-kolbasenko-vs-artem-yurkov,forecasted,27.07 14:18,Александр Колбасенко vs Артем Юрков,СТАВИМ,1,0,1-3,miss,0,Александр Колбасенко,Артем Юрков,2.2,1.6,bsportsfan-odds-frame,27.07 14:18,,,,,,,,,,,,,,,,,,,,,,,,,,,,,,,,,,,,,,,,,,,,,,,,,
bsportsfan-telegram-prediction-games-58-1785186937796.csv,https://ru.bsportsfan.com/table-tennis/r/12306607/viktor-slozka-vs-oleksandr-pohonov,forecasted,28.07 00:15,Виктор Слозка vs Александр Похонов,,,,,,0,Виктор Слозка,Александр Похонов,2,1.727,bsportsfan-odds-frame,28.07 00:13,none,0,5,-7,-5.9,8.7,55.5,ПРОПУСК,0,,,,,,,,,,,,,,,,,,,,,,,,,,,,,,,,,,,,,,,,
bsportsfan-telegram-prediction-games-58-1785186937796.csv,https://ru.bsportsfan.com/table-tennis/r/12306610/yaroslav-vorsuliak-vs-vitalii-krokhmal,forecasted,27.07 23:17,Ярослав Ворсуляк vs Виталий Крохмал,,,,3-1,hit,34,Ярослав Ворсуляк,Виталий Крохмал,1.8,1.9,bsportsfan-odds-frame,27.07 23:14,none,0,5,-2,-6.5,3.5,50.9,ПРОПУСК,0,,,,,,,,,,,,,,,,,,,,,,,,,,,,,,,,,,,,,,,,
bsportsfan-telegram-prediction-games-58-1785186937796.csv,https://ru.bsportsfan.com/table-tennis/r/12306617/oleksii-korobov-vs-vitalii-kaganovych,forecasted,27.07 22:29,Алексей Коробов vs Виталий Каганович,,,,2-3,hit,22,Алексей Коробов,Виталий Каганович,1.666,2.05,bsportsfan-odds-frame,27.07 22:29,B,1,3,19,5.9,8.5,45.9,СТАВИМ,1,,,,,,,,,,,,,,,,,,,,,,,,,,,,,,,,,,,,,,,,
bsportsfan-telegram-prediction-games-58-1785186937796.csv,https://ru.bsportsfan.com/table-tennis/r/12306635/matus-zelinka-vs-radovan-pisa,forecasted,27.07 23:00,Матус Зелинка vs Радован Пиза,,,,,,36,Матус Зелинка,Радован Пиза,1.6,2.2,bsportsfan-odds-frame,27.07 22:59,none,0,5,12,5.1,17.7,50.4,ПРОПУСК,0,,,,,,,,,,,,,,,,,,,,,,,,,,,,,,,,,,,,,,,,
bsportsfan-telegram-prediction-games-79-1785154148829.csv,https://ru.bsportsfan.com/table-tennis/r/12306636/oleksandr-alieksieev-vs-yurii-parahailo,forecasted,27.07 13:35,Александр Алексеев vs Юрий Парахайло,ПРОПУСК,0,0,3-0,hit,30,Александр Алексеев,Юрий Парахайло,1.57,2.25,bsportsfan-odds-frame,27.07 13:34,,,,,,,,,,,,,,,,,,,,,,,,,,,,,,,,,,,,,,,,,,,,,,,,,
bsportsfan-telegram-prediction-games-58-1785186937796.csv,https://ru.bsportsfan.com/table-tennis/r/12306637/zdenek-sedivy-vs-jan-krames-snr,observed_only,27.07 22:31,Зденек Седиви vs Ян Крамес-старший,,,,,,1,Зденек Седиви,Ян Крамес-старший,,,,-,,,,,,,,,0,,,,,,,,,,,,,,,,,,,,,,,,,,,,,,,,,,,,,,,,
bsportsfan-telegram-prediction-games-79-1785154148829.csv,https://ru.bsportsfan.com/table-tennis/r/12306639/yurii-kolos-vs-volodymyr-ivasiv-1971,observed_only,27.07 13:07,Юрий Колос vs Владимир Ивасив 1971,,0,0,,,40,Юрий Колос,Владимир Ивасив 1971,,,,-,,,,,,,,,,,,,,,,,,,,,,,,,,,,,,,,,,,,,,,,,,,,,,,,,
bsportsfan-telegram-prediction-games-58-1785186937796.csv,https://ru.bsportsfan.com/table-tennis/r/12306642/josef-chalupa-vs-vojtech-grubr,forecasted,27.07 22:31,Йозеф Чалупа vs Войтех Грубр,,,,3-0,hit,4,Йозеф Чалупа,Войтех Грубр,1.6,2.2,bsportsfan-odds-frame,27.07 22:31,A,1,5,46,-35.1,20.7,47.2,СТАВИМ,1,,,,,,,,,,,,,,,,,,,,,,,,,,,,,,,,,,,,,,,,
bsportsfan-telegram-prediction-games-79-1785154148829.csv,https://ru.bsportsfan.com/table-tennis/r/12306647/bohdan-kohut-vs-vadym-hryban,observed_only,27.07 15:02,Богдан Кохут vs Вадим Грибан,,0,0,,,16,Богдан Кохут,Вадим Грибан,,,,-,,,,,,,,,,,,,,,,,,,,,,,,,,,,,,,,,,,,,,,,,,,,,,,,,
bsportsfan-telegram-prediction-games-79-1785154148829.csv,https://ru.bsportsfan.com/table-tennis/r/12306660/vasil-smyk-vs-maksym-stetsenko,observed_only,27.07 12:51,Василь Смык vs Максим Стеценко,,0,0,,,26,Василь Смык,Максим Стеценко,,,,-,,,,,,,,,,,,,,,,,,,,,,,,,,,,,,,,,,,,,,,,,,,,,,,,,
bsportsfan-telegram-prediction-games-79-1785154148829.csv,https://ru.bsportsfan.com/table-tennis/r/12306664/ivan-romaniak-vs-denys-shcherbak,forecasted,27.07 15:07,Иван Романак vs Денис Щербак,ПРОПУСК,0,0,,,0,Иван Романак,Денис Щербак,2.25,1.571,bsportsfan-odds-frame,27.07 15:06,,,,,,,,,,,,,,,,,,,,,,,,,,,,,,,,,,,,,,,,,,,,,,,,,
bsportsfan-telegram-prediction-games-79-1785154148829.csv,https://ru.bsportsfan.com/table-tennis/r/12306666/oleh-maksymkiv-vs-dmytro-belanchyk,observed_only,27.07 13:27,Олег Максимков vs Дмитро Беланчик,,0,0,,,34,Олег Максимков,Дмитро Беланчик,,,,-,,,,,,,,,,,,,,,,,,,,,,,,,,,,,,,,,,,,,,,,,,,,,,,,,
bsportsfan-telegram-prediction-games-79-1785154148829.csv,https://ru.bsportsfan.com/table-tennis/r/12306683/matej-svitac-vs-zdenek-kuksa,observed_only,27.07 15:06,Матей Свитац vs Жденек Кукса,,0,0,,,4,Матей Свитац,Жденек Кукса,,,,-,,,,,,,,,,,,,,,,,,,,,,,,,,,,,,,,,,,,,,,,,,,,,,,,,
bsportsfan-telegram-prediction-games-79-1785154148829.csv,https://ru.bsportsfan.com/table-tennis/r/12306686/maksym-hubenko-vs-serhii-chuhai,forecasted,27.07 13:00,Максим Губенко vs Сергей Чухай,ПРОПУСК,0,0,3-2,hit,53,Максим Губенко,Сергей Чухай,,,,-,,,,,,,,,,,,,,,,,,,,,,,,,,,,,,,,,,,,,,,,,,,,,,,,,
bsportsfan-telegram-prediction-games-79-1785154148829.csv,https://ru.bsportsfan.com/table-tennis/r/12306687/yurii-volkov-vs-oleh-karpenko,forecasted,27.07 15:06,Юрий Волков vs Олег Карпенко,СТАВИМ,1,0,,,4,Юрий Волков,Олег Карпенко,1.4,2.75,bsportsfan-odds-frame,27.07 15:06,,,,,,,,,,,,,,,,,,,,,,,,,,,,,,,,,,,,,,,,,,,,,,,,,
bsportsfan-telegram-prediction-games-79-1785154148829.csv,https://ru.bsportsfan.com/table-tennis/r/12306688/daniil-novakov-vs-oleksandr-mytsyk,forecasted,27.07 14:08,Даниил Новаков vs Александр Мыцык,СТАВИМ,1,0,3-1,miss,19,Даниил Новаков,Александр Мыцык,2.05,1.666,bsportsfan-odds-frame,27.07 14:08,,,,,,,,,,,,,,,,,,,,,,,,,,,,,,,,,,,,,,,,,,,,,,,,,
bsportsfan-telegram-prediction-games-79-1785154148829.csv,https://ru.bsportsfan.com/table-tennis/r/12306689/oleh-karpenko-vs-arsenii-lobanov,forecasted,27.07 13:40,Олег Карпенко vs Арсений Лобанов,СТАВИМ,1,0,2-3,hit,43,Олег Карпенко,Арсений Лобанов,2.1,1.65,bsportsfan-odds-frame,27.07 13:40,,,,,,,,,,,,,,,,,,,,,,,,,,,,,,,,,,,,,,,,,,,,,,,,,
bsportsfan-telegram-prediction-games-79-1785154148829.csv,https://ru.bsportsfan.com/table-tennis/r/12306691/sergii-skhabitskiy-vs-vasil-smyk,observed_only,27.07 13:39,Сергей Схабицкий vs Василь Смык,,0,0,,,42,Сергей Схабицкий,Василь Смык,,,,-,,,,,,,,,,,,,,,,,,,,,,,,,,,,,,,,,,,,,,,,,,,,,,,,,
bsportsfan-telegram-prediction-games-79-1785154148829.csv,https://ru.bsportsfan.com/table-tennis/r/12306694/yurii-parahailo-vs-dmytro-shchegelskyi,observed_only,27.07 12:51,Юрий Парахайло vs Дмитрий Щегельский,,0,0,,,6,Юрий Парахайло,Дмитрий Щегельский,,,,-,,,,,,,,,,,,,,,,,,,,,,,,,,,,,,,,,,,,,,,,,,,,,,,,,
bsportsfan-telegram-prediction-games-79-1785154148829.csv,https://ru.bsportsfan.com/table-tennis/r/12306697/ladislav-hendrych-vs-martin-vorel,forecasted,27.07 13:30,Ладислав Хендрих vs Мартин Ворел,ПРОПУСК,0,0,3-2,hit,40,Ладислав Хендрих,Мартин Ворел,1.727,2,bsportsfan-odds-frame,27.07 13:28,,,,,,,,,,,,,,,,,,,,,,,,,,,,,,,,,,,,,,,,,,,,,,,,,
bsportsfan-telegram-prediction-games-58-1785186937796.csv,https://ru.bsportsfan.com/table-tennis/r/12306711/vadym-reva-vs-valerii-lukianevych,observed_only,27.07 22:45,Вадим Рева vs Валерий Лукьяневич,,,,,,9,Вадим Рева,Валерий Лукьяневич,,,,-,,,,,,,,,0,,,,,,,,,,,,,,,,,,,,,,,,,,,,,,,,,,,,,,,,
bsportsfan-telegram-prediction-games-79-1785154148829.csv,https://ru.bsportsfan.com/table-tennis/r/12306739/martin-vorel-vs-oleh-plyska,observed_only,27.07 15:02,Мартин Ворел vs Олег Плиска,,0,0,,,20,Мартин Ворел,Олег Плиска,,,,-,,,,,,,,,,,,,,,,,,,,,,,,,,,,,,,,,,,,,,,,,,,,,,,,,
bsportsfan-telegram-prediction-games-79-1785154148829.csv,https://ru.bsportsfan.com/table-tennis/r/12306744/oleksandr-syksa-vs-dmytro-prylepa,forecasted,27.07 13:31,Александр Сыкса vs Дмитрий Прилепа,СТАВИМ,1,0,3-1,miss,43,Александр Сыкса,Дмитрий Прилепа,1.52,2.35,bsportsfan-odds-frame,27.07 13:31,,,,,,,,,,,,,,,,,,,,,,,,,,,,,,,,,,,,,,,,,,,,,,,,,
bsportsfan-telegram-prediction-games-79-1785154148829.csv,https://ru.bsportsfan.com/table-tennis/r/12306877/ondrej-knazik-vs-bohuslav-budik,forecasted,27.07 13:21,Ондрей Кназик vs Богуслав Будик,ПРОПУСК,0,0,3-2,hit,56,Ондрей Кназик,Богуслав Будик,1.833,1.833,bsportsfan-odds-frame,27.07 13:20,,,,,,,,,,,,,,,,,,,,,,,,,,,,,,,,,,,,,,,,,,,,,,,,,
bsportsfan-telegram-prediction-games-79-1785154148829.csv,https://ru.bsportsfan.com/table-tennis/r/12306897/jan-krupnik-vs-bruno-mrowetz,observed_only,27.07 12:51,Ян Крупник vs Бруно Мровец,,0,0,,,12,Ян Крупник,Бруно Мровец,,,,-,,,,,,,,,,,,,,,,,,,,,,,,,,,,,,,,,,,,,,,,,,,,,,,,,
bsportsfan-telegram-prediction-games-79-1785154148829.csv,https://ru.bsportsfan.com/table-tennis/r/12306928/filip-karel-vs-tomas-trnka,forecasted,27.07 13:06,Филип Карел vs Томаш Трнка,ПРОПУСК,0,0,2-3,hit,42,Филип Карел,Томаш Трнка,,,,-,,,,,,,,,,,,,,,,,,,,,,,,,,,,,,,,,,,,,,,,,,,,,,,,,
bsportsfan-telegram-prediction-games-79-1785154148829.csv,https://ru.bsportsfan.com/table-tennis/r/12306949/bruno-mrowetz-vs-michal-moravec,forecasted,27.07 14:11,Бруно Мровец vs Михал Моравец,ПРОПУСК,0,0,3-0,miss,30,Бруно Мровец,Михал Моравец,1.83,1.815,bsportsfan-odds-frame,27.07 14:09,,,,,,,,,,,,,,,,,,,,,,,,,,,,,,,,,,,,,,,,,,,,,,,,,
bsportsfan-telegram-prediction-games-79-1785154148829.csv,https://ru.bsportsfan.com/table-tennis/r/12306950/tomas-bartik-vs-dominik-lengal,forecasted,27.07 13:36,Томас Бартик vs Доминик Ленгал,ПРОПУСК,0,0,3-1,miss,33,Томас Бартик,Доминик Ленгал,1.55,2.2,bsportsfan-odds-frame,27.07 13:34,,,,,,,,,,,,,,,,,,,,,,,,,,,,,,,,,,,,,,,,,,,,,,,,,
bsportsfan-telegram-prediction-games-79-1785154148829.csv,https://ru.bsportsfan.com/table-tennis/r/12306974/jachym-sebl-vs-tomas-hnizdil,forecasted,27.07 13:52,Яхим Себл vs Томаш Гниздил,ПРОПУСК,0,0,1-3,hit,37,Яхим Себл,Томаш Гниздил,2.4,1.49,bsportsfan-odds-frame,27.07 13:51,,,,,,,,,,,,,,,,,,,,,,,,,,,,,,,,,,,,,,,,,,,,,,,,,
bsportsfan-telegram-prediction-games-79-1785154148829.csv,https://ru.bsportsfan.com/table-tennis/r/12307212/michal-moravec-vs-radek-benes,forecasted,27.07 13:12,Михал Моравец vs Радек Бенеш,ПРОПУСК,0,0,3-1,hit,39,Михал Моравец,Радек Бенеш,,,,-,,,,,,,,,,,,,,,,,,,,,,,,,,,,,,,,,,,,,,,,,,,,,,,,,
bsportsfan-telegram-prediction-games-79-1785154148829.csv,https://ru.bsportsfan.com/table-tennis/r/12307220/filip-karel-vs-tomas-bartik,forecasted,27.07 15:08,Филип Карел vs Томас Бартик,ПРОПУСК,0,0,,,0,Филип Карел,Томас Бартик,2.17,1.57,bsportsfan-odds-frame,27.07 15:07,,,,,,,,,,,,,,,,,,,,,,,,,,,,,,,,,,,,,,,,,,,,,,,,,
bsportsfan-telegram-prediction-games-79-1785154148829.csv,https://ru.bsportsfan.com/table-tennis/r/12307222/ondrej-varecka-vs-ales-langer,observed_only,27.07 12:51,Ондрей Варецка vs Алес Лангер,,0,0,,,31,Ондрей Варецка,Алес Лангер,,,,-,,,,,,,,,,,,,,,,,,,,,,,,,,,,,,,,,,,,,,,,,,,,,,,,,
bsportsfan-telegram-prediction-games-79-1785154148829.csv,https://ru.bsportsfan.com/table-tennis/r/12307224/bohuslav-budik-vs-jachym-sebl,observed_only,27.07 15:03,Богуслав Будик vs Яхим Себл,,0,0,,,8,Богуслав Будик,Яхим Себл,,,,-,,,,,,,,,,,,,,,,,,,,,,,,,,,,,,,,,,,,,,,,,,,,,,,,,
bsportsfan-telegram-prediction-games-79-1785154148829.csv,https://ru.bsportsfan.com/table-tennis/r/12307229/filip-karel-vs-dominik-lengal,forecasted,27.07 14:07,Филип Карел vs Доминик Ленгал,ПРОПУСК,0,0,3-2,hit,32,Филип Карел,Доминик Ленгал,1.833,1.8,bsportsfan-odds-frame,27.07 14:03,,,,,,,,,,,,,,,,,,,,,,,,,,,,,,,,,,,,,,,,,,,,,,,,,
bsportsfan-telegram-prediction-games-79-1785154148829.csv,https://ru.bsportsfan.com/table-tennis/r/12307231/ondrej-knazik-vs-tomas-hnizdil,forecasted,27.07 14:19,Ондрей Кназик vs Томаш Гниздил,ПРОПУСК,0,0,,,0,Ондрей Кназик,Томаш Гниздил,2.25,1.55,bsportsfan-odds-frame,27.07 14:19,,,,,,,,,,,,,,,,,,,,,,,,,,,,,,,,,,,,,,,,,,,,,,,,,
bsportsfan-telegram-prediction-games-79-1785154148829.csv,https://ru.bsportsfan.com/table-tennis/r/12307254/ladislav-moravec-vs-petr-chlumsky,observed_only,27.07 15:02,Ладислав Моравец vs Петр Хлумский,,0,0,,,20,Ладислав Моравец,Петр Хлумский,,,,-,,,,,,,,,,,,,,,,,,,,,,,,,,,,,,,,,,,,,,,,,,,,,,,,,
bsportsfan-telegram-prediction-games-79-1785154148829.csv,https://ru.bsportsfan.com/table-tennis/r/12307281/jan-krupnik-vs-radek-benes,forecasted,27.07 13:42,Ян Крупник vs Радек Бенеш,ПРОПУСК,0,0,1-3,miss,36,Ян Крупник,Радек Бенеш,2.14,1.593,bsportsfan-odds-frame,27.07 13:40,,,,,,,,,,,,,,,,,,,,,,,,,,,,,,,,,,,,,,,,,,,,,,,,,
bsportsfan-telegram-prediction-games-610-1785446385942.csv,https://ru.bsportsfan.com/table-tennis/r/12309035/jiri-grohsgott-vs-tomas-kucera,forecasted,29.07 01:00,Иржи Грохсготт vs Томас Кучера,,,,3-2,hit,38,Иржи Грохсготт,Томас Кучера,1.665,2.025,bsportsfan-odds-frame,29.07 01:00,,,,,,,,ПРОПУСК,0,start-collapse-salvage-v4-2026-07-28,collapse-or-strength-15-or-history-share-61_5-or-relative-form-h5-edge-10,,,,,,,1,,,,,,,,,,,,,,,,,,,,,,,,,,,,,,,
bsportsfan-telegram-prediction-games-610-1785446385942.csv,https://ru.bsportsfan.com/table-tennis/r/12309036/petr-bruzek-vs-tomas-andrle,forecasted,29.07 01:00,Петр Брузек vs Tomas Andrle,,,,3-2,hit,37,Петр Брузек,Tomas Andrle,1.4,2.75,bsportsfan-odds-frame,29.07 00:59,,,,,,,,СТАВИМ,1,start-collapse-salvage-v4-2026-07-28,collapse-or-strength-15-or-history-share-61_5-or-relative-form-h5-edge-10,,,,,,,0,,,,,,,,,,,,,,,,,,,,,,,,,,,,,,,
bsportsfan-telegram-prediction-games-79-1785154148829.csv,https://ru.bsportsfan.com/table-tennis/r/12309111/ladislav-havel-1956-vs-milan-chalupnicek,observed_only,27.07 12:52,Ладислав Гавел 1956 vs Милан Халупничек,,0,0,,,5,Ладислав Гавел 1956,Милан Халупничек,,,,-,,,,,,,,,,,,,,,,,,,,,,,,,,,,,,,,,,,,,,,,,,,,,,,,,
bsportsfan-telegram-prediction-games-610-1785446385942.csv,https://ru.bsportsfan.com/table-tennis/r/12309179/mihail-trinta-vs-rostislav-hasmanda,forecasted,28.07 23:30,Михаил Тринта vs Ростислав Хасманда,,,,3-0,hit,5,Михаил Тринта,Ростислав Хасманда,2,1.71,bsportsfan-odds-frame,28.07 23:30,,,,,,,,СТАВИМ,1,start-collapse-salvage-v4-2026-07-28,collapse-or-strength-15-or-history-share-61_5-or-relative-form-h5-edge-10,,,,,,,0,,,,,,,,,,,,,,,,,,,,,,,,,,,,,,,
bsportsfan-telegram-prediction-games-610-1785446385942.csv,https://ru.bsportsfan.com/table-tennis/r/12309189/michal-kratochvil-vs-radim-urbaniec,forecasted,28.07 23:01,Мичал Краточвил vs Радим Урбанец,,,,1-3,miss,34,Мичал Краточвил,Радим Урбанец,1.715,2,bsportsfan-odds-frame,28.07 23:01,,,,,,,,СТАВИМ,1,start-collapse-salvage-v4-2026-07-28,collapse-or-strength-15-or-history-share-61_5-or-relative-form-h5-edge-10,,,,,,,0,,,,,,,,,,,,,,,,,,,,,,,,,,,,,,,
bsportsfan-telegram-prediction-games-610-1785446385942.csv,https://ru.bsportsfan.com/table-tennis/r/12309191/david-szotek-vs-michal-chalupa,forecasted,28.07 23:30,Дэвид Шотек vs Михал Халупа,,,,1-3,miss,15,Дэвид Шотек,Михал Халупа,1.785,1.875,bsportsfan-odds-frame,28.07 23:29,,,,,,,,ПРОПУСК,0,start-collapse-salvage-v4-2026-07-28,collapse-or-strength-15-or-history-share-61_5-or-relative-form-h5-edge-10,,,,,,,0,,,,,,,,,,,,,,,,,,,,,,,,,,,,,,,
bsportsfan-telegram-prediction-games-610-1785446385942.csv,https://ru.bsportsfan.com/table-tennis/r/12309206/karel-kapras-vs-jakub-tazler,forecasted,28.07 23:00,Карел Капрас vs Якуб Тазлер,,,,3-1,miss,38,Карел Капрас,Якуб Тазлер,1.608,2.155,bsportsfan-odds-frame,28.07 23:00,,,,,,,,ПРОПУСК,0,start-collapse-salvage-v4-2026-07-28,collapse-or-strength-15-or-history-share-61_5-or-relative-form-h5-edge-10,,,,,,,1,,,,,,,,,,,,,,,,,,,,,,,,,,,,,,,
bsportsfan-telegram-prediction-games-79-1785154148829.csv,https://ru.bsportsfan.com/table-tennis/r/12309224/mykola-zavoloka-vs-dmytro-novik,forecasted,27.07 13:10,Николай Заволока vs Дмитрий Новик,СТАВИМ,1,0,3-0,hit,29,Николай Заволока,Дмитрий Новик,,,,-,,,,,,,,,,,,,,,,,,,,,,,,,,,,,,,,,,,,,,,,,,,,,,,,,
bsportsfan-telegram-prediction-games-79-1785154148829.csv,https://ru.bsportsfan.com/table-tennis/r/12309248/vaclav-hejda-jnr-vs-ondrej-varecka,observed_only,27.07 14:01,Вацлав Хейда мл. vs Ондрей Варецка,,0,0,,,41,Вацлав Хейда мл.,Ондрей Варецка,,,,-,,,,,,,,,,,,,,,,,,,,,,,,,,,,,,,,,,,,,,,,,,,,,,,,,
bsportsfan-telegram-prediction-games-79-1785154148829.csv,https://ru.bsportsfan.com/table-tennis/r/12309249/martin-sulc-vs-ales-langer,forecasted,27.07 13:26,Мартин Сульк vs Алес Лангер,ПРОПУСК,0,0,2-3,hit,41,Мартин Сульк,Алес Лангер,,,,-,,,,,,,,,,,,,,,,,,,,,,,,,,,,,,,,,,,,,,,,,,,,,,,,,
bsportsfan-telegram-prediction-games-58-1785186937796.csv,https://ru.bsportsfan.com/table-tennis/r/12309284/vladislav-reska-vs-daniel-branny,observed_only,27.07 22:44,Владислав Реска vs Дэниел Брэнни,,,,,,34,Владислав Реска,Дэниел Брэнни,,,,-,,,,,,,,,0,,,,,,,,,,,,,,,,,,,,,,,,,,,,,,,,,,,,,,,,
bsportsfan-telegram-prediction-games-58-1785186937796.csv,https://ru.bsportsfan.com/table-tennis/r/12309293/filip-theodor-vs-vojtech-molin,observed_only,27.07 23:12,Филип Теодор vs Войтех Молин,,,,,,27,Филип Теодор,Войтех Молин,,,,-,,,,,,,,,0,,,,,,,,,,,,,,,,,,,,,,,,,,,,,,,,,,,,,,,,
bsportsfan-telegram-prediction-games-58-1785186937796.csv,https://ru.bsportsfan.com/table-tennis/r/12309294/david-jicha-vs-martin-stusek,forecasted,27.07 23:50,Давид Джича vs Мартин Стусек,,,,3-0,hit,27,Давид Джича,Мартин Стусек,1.68,2,bsportsfan-odds-frame,27.07 23:48,none,0,5,8,-3.9,6.3,54.5,ПРОПУСК,0,,,,,,,,,,,,,,,,,,,,,,,,,,,,,,,,,,,,,,,,
bsportsfan-telegram-prediction-games-58-1785186937796.csv,https://ru.bsportsfan.com/table-tennis/r/12309320/tomas-vorisek-vs-petr-silhan,forecasted,27.07 23:24,Томас Воржишек vs Петр Силхан,,,,1-3,hit,16,Томас Воржишек,Петр Силхан,1.665,2.01,bsportsfan-odds-frame,27.07 23:24,B,1,5,13,8.3,-4.1,49.3,ПРОПУСК,0,,,,,,,,,,,,,,,,,,,,,,,,,,,,,,,,,,,,,,,,
bsportsfan-telegram-prediction-games-58-1785186937796.csv,https://ru.bsportsfan.com/table-tennis/r/12309321/vojtech-molin-vs-daniel-branny,observed_only,27.07 22:28,Войтех Молин vs Дэниел Брэнни,,,,,,9,Войтех Молин,Дэниел Брэнни,,,,-,,,,,,,,,0,,,,,,,,,,,,,,,,,,,,,,,,,,,,,,,,,,,,,,,,
bsportsfan-telegram-prediction-games-58-1785186937796.csv,https://ru.bsportsfan.com/table-tennis/r/12309324/jakub-mach-vs-jakub-rolik,observed_only,27.07 23:31,Якуб Мах vs Якуб Ролик,,,,,,11,Якуб Мах,Якуб Ролик,,,,-,,,,,,,,,0,,,,,,,,,,,,,,,,,,,,,,,,,,,,,,,,,,,,,,,,
bsportsfan-telegram-prediction-games-58-1785186937796.csv,https://ru.bsportsfan.com/table-tennis/r/12309326/tomas-vorisek-vs-david-jicha,observed_only,27.07 22:29,Томас Воржишек vs Давид Джича,,,,,,5,Томас Воржишек,Давид Джича,,,,-,,,,,,,,,0,,,,,,,,,,,,,,,,,,,,,,,,,,,,,,,,,,,,,,,,
bsportsfan-telegram-prediction-games-58-1785186937796.csv,https://ru.bsportsfan.com/table-tennis/r/12309329/michal-nemec-vs-jakub-rolik,forecasted,27.07 23:55,Михал Немец vs Якуб Ролик,,,,0-3,miss,27,Михал Немец,Якуб Ролик,2.155,1.608,bsportsfan-odds-frame,27.07 23:54,B,1,5,-6,-18.8,1.8,41.4,ПРОПУСК,0,,,,,,,,,,,,,,,,,,,,,,,,,,,,,,,,,,,,,,,,
bsportsfan-telegram-prediction-games-58-1785186937796.csv,https://ru.bsportsfan.com/table-tennis/r/12309332/martin-stusek-vs-petr-silhan,forecasted,27.07 22:50,Мартин Стусек vs Петр Силхан,,,,3-2,hit,44,Мартин Стусек,Петр Силхан,1.585,2.2,bsportsfan-odds-frame,27.07 22:49,A+B,1,5,66,-5.8,10,49.3,ПРОПУСК,0,,,,,,,,,,,,,,,,,,,,,,,,,,,,,,,,,,,,,,,,
bsportsfan-telegram-prediction-games-79-1785154148829.csv,https://ru.bsportsfan.com/table-tennis/r/12309346/anatoliy-lysyi-vs-volodymyr-khyzhnyak,forecasted,27.07 13:40,Анатолий Лысый vs Владимир Хижняк,СТАВИМ,1,0,3-0,miss,27,Анатолий Лысый,Владимир Хижняк,,,,-,,,,,,,,,,,,,,,,,,,,,,,,,,,,,,,,,,,,,,,,,,,,,,,,,
bsportsfan-telegram-prediction-games-58-1785186937796.csv,https://ru.bsportsfan.com/table-tennis/r/12309350/michal-nemec-vs-pavel-cibik,forecasted,27.07 22:55,Михал Немец vs Павел Цибик,,,,0-3,hit,25,Михал Немец,Павел Цибик,2,1.699,bsportsfan-odds-frame,27.07 22:54,B,1,5,41,1.9,-0.7,46.9,ПРОПУСК,0,,,,,,,,,,,,,,,,,,,,,,,,,,,,,,,,,,,,,,,,
bsportsfan-telegram-prediction-games-58-1785186937796.csv,https://ru.bsportsfan.com/table-tennis/r/12309944/roman-jonas-vs-martin-chmelicek,observed_only,27.07 22:45,Роман Йонас vs Мартин Хмеличек,,,,,,4,Роман Йонас,Мартин Хмеличек,,,,-,,,,,,,,,0,,,,,,,,,,,,,,,,,,,,,,,,,,,,,,,,,,,,,,,,
bsportsfan-telegram-prediction-games-58-1785186937796.csv,https://ru.bsportsfan.com/table-tennis/r/12309945/jan-vidourek-vs-martin-chmelicek,forecasted,27.07 23:06,Ян Видоурек vs Мартин Хмеличек,,,,3-0,hit,21,Ян Видоурек,Мартин Хмеличек,1.68,2.01,bsportsfan-odds-frame,27.07 23:04,none,0,5,67,10.2,15.4,63,ПРОПУСК,0,,,,,,,,,,,,,,,,,,,,,,,,,,,,,,,,,,,,,,,,
bsportsfan-telegram-prediction-games-58-1785186937796.csv,https://ru.bsportsfan.com/table-tennis/r/12309984/jan-skvrna-vs-daniel-vitasek,forecasted,27.07 23:15,Ян Скврна vs Даниэль Витасек,,,,0-3,miss,21,Ян Скврна,Даниэль Витасек,1.586,2.18,bsportsfan-odds-frame,27.07 23:14,A+B,1,5,48,-27.6,7,39.8,ПРОПУСК,0,,,,,,,,,,,,,,,,,,,,,,,,,,,,,,,,,,,,,,,,
bsportsfan-telegram-prediction-games-58-1785186937796.csv,https://ru.bsportsfan.com/table-tennis/r/12309998/jan-kabelka-vs-roman-jonas,observed_only,27.07 23:38,Ян Кабелька vs Роман Йонас,,,,,,45,Ян Кабелька,Роман Йонас,,,,-,,,,,,,,,0,,,,,,,,,,,,,,,,,,,,,,,,,,,,,,,,,,,,,,,,
bsportsfan-telegram-prediction-games-610-1785446385942.csv,https://ru.bsportsfan.com/table-tennis/r/12310146/frantisek-briza-vs-milan-fisera,forecasted,28.07 23:00,Франтишек Бриза vs Милан Фисера,,,,3-2,hit,39,Франтишек Бриза,Милан Фисера,1.405,2.625,bsportsfan-odds-frame,28.07 22:59,,,,,,,,ПРОПУСК,0,start-collapse-salvage-v4-2026-07-28,collapse-or-strength-15-or-history-share-61_5-or-relative-form-h5-edge-10,,,,,,,1,,,,,,,,,,,,,,,,,,,,,,,,,,,,,,,
bsportsfan-telegram-prediction-games-610-1785446385942.csv,https://ru.bsportsfan.com/table-tennis/r/12310244/adam-brazda-vs-lukas-tonar,forecasted,28.07 23:30,Адам Бразда vs Лукас Тонар,,,,2-3,hit,25,Адам Бразда,Лукас Тонар,1.4,2.75,bsportsfan-odds-frame,28.07 23:30,,,,,,,,СТАВИМ,1,start-collapse-salvage-v4-2026-07-28,collapse-or-strength-15-or-history-share-61_5-or-relative-form-h5-edge-10,,,,,,,0,,,,,,,,,,,,,,,,,,,,,,,,,,,,,,,
bsportsfan-telegram-prediction-games-610-1785446385942.csv,https://ru.bsportsfan.com/table-tennis/r/12310725/michal-vondrak-vs-vlastimil-kolar,forecasted,28.07 23:00,Михал Вондрак vs Властимил Колар,,,,2-3,hit,40,Михал Вондрак,Властимил Колар,3.65,1.235,bsportsfan-odds-frame,28.07 22:59,,,,,,,,СТАВИМ,1,start-collapse-salvage-v4-2026-07-28,collapse-or-strength-15-or-history-share-61_5-or-relative-form-h5-edge-10,,,,,,,1,,,,,,,,,,,,,,,,,,,,,,,,,,,,,,,
bsportsfan-telegram-prediction-games-610-1785446385942.csv,https://ru.bsportsfan.com/table-tennis/r/12310753/viktor-vejvoda-vs-richard-wagner,forecasted,28.07 23:30,Виктор Вейвода vs Рихард Вагнер,,,,1-3,hit,9,Виктор Вейвода,Рихард Вагнер,2.1,1.645,bsportsfan-odds-frame,28.07 23:30,,,,,,,,СТАВИМ,1,start-collapse-salvage-v4-2026-07-28,collapse-or-strength-15-or-history-share-61_5-or-relative-form-h5-edge-10,,,,,,,1,,,,,,,,,,,,,,,,,,,,,,,,,,,,,,,
bsportsfan-telegram-prediction-games-610-1785446385942.csv,https://ru.bsportsfan.com/table-tennis/r/12310820/david-heczko-vs-richard-skacelik,forecasted,28.07 23:08,Дэвид Хечко vs Ричард Скаселик,,,,2-3,hit,49,Дэвид Хечко,Ричард Скаселик,2.25,1.57,bsportsfan-odds-frame,28.07 23:08,,,,,,,,СТАВИМ,1,start-collapse-salvage-v4-2026-07-28,collapse-or-strength-15-or-history-share-61_5-or-relative-form-h5-edge-10,,,,,,,1,,,,,,,,,,,,,,,,,,,,,,,,,,,,,,,
bsportsfan-telegram-prediction-games-610-1785446385942.csv,https://ru.bsportsfan.com/table-tennis/r/12310833/adrian-walek-vs-vaclav-zidek,forecasted,28.07 23:46,Адриан Валек vs Вацлав Зидек,,,,1-3,miss,37,Адриан Валек,Вацлав Зидек,1.8,1.9,bsportsfan-odds-frame,28.07 23:46,,,,,,,,ПРОПУСК,0,start-collapse-salvage-v4-2026-07-28,collapse-or-strength-15-or-history-share-61_5-or-relative-form-h5-edge-10,,,,,,,0,,,,,,,,,,,,,,,,,,,,,,,,,,,,,,,
bsportsfan-telegram-prediction-games-610-1785446385942.csv,https://ru.bsportsfan.com/table-tennis/r/12311212/vaclav-zidek-vs-david-heczko,observed_only,28.07 23:00,Вацлав Зидек vs Дэвид Хечко,,,,,,10,Вацлав Зидек,Дэвид Хечко,,,,-,,,,,,,,,0,,,,,,,,,0,,,,,,,,,,,,,,,,,,,,,,,,,,,,,,,
bsportsfan-telegram-prediction-games-610-1785446385942.csv,https://ru.bsportsfan.com/table-tennis/r/12311245/alexander-mikuska-vs-yurii-holovatiuk,forecasted,29.07 01:00,Александр Микуска vs Юрий Головатюк,,,,3-2,hit,36,Александр Микуска,Юрий Головатюк,1.47,2.45,bsportsfan-odds-frame,29.07 01:00,,,,,,,,СТАВИМ,1,start-collapse-salvage-v4-2026-07-28,collapse-or-strength-15-or-history-share-61_5-or-relative-form-h5-edge-10,,,,,,,0,,,,,,,,,,,,,,,,,,,,,,,,,,,,,,,
bsportsfan-telegram-prediction-games-58-1785186937796.csv,https://ru.bsportsfan.com/table-tennis/r/12311665/vojtech-molin-vs-vladislav-reska,forecasted,28.07 00:06,Войтех Молин vs Владислав Реска,,,,,,28,Войтех Молин,Владислав Реска,2.49,1.43,bsportsfan-odds-frame,28.07 00:04,none,0,5,5,4.1,7.5,56.8,ПРОПУСК,0,,,,,,,,,,,,,,,,,,,,,,,,,,,,,,,,,,,,,,,,
bsportsfan-telegram-prediction-games-58-1785186937796.csv,https://ru.bsportsfan.com/table-tennis/r/12311666/daniel-branny-vs-filip-theodor,forecasted,27.07 23:36,Дэниел Брэнни vs Филип Теодор,,,,3-2,hit,36,Дэниел Брэнни,Филип Теодор,,,,-,A,1,3,57,-18.5,15.5,46.8,ПРОПУСК,0,,,,,,,,,,,,,,,,,,,,,,,,,,,,,,,,,,,,,,,,
bsportsfan-telegram-prediction-games-58-1785186937796.csv,https://ru.bsportsfan.com/table-tennis/r/12311675/volodymyr-burylov-vs-zdenek-sedivy,forecasted,27.07 23:33,Владимир Бурылов vs Зденек Седиви,,,,1-3,miss,35,Владимир Бурылов,Зденек Седиви,1.925,1.789,bsportsfan-odds-frame,27.07 23:33,A,1,5,52,-6.9,6.5,56.8,СТАВИМ,1,,,,,,,,,,,,,,,,,,,,,,,,,,,,,,,,,,,,,,,,
bsportsfan-telegram-prediction-games-58-1785186937796.csv,https://ru.bsportsfan.com/table-tennis/r/12311705/tomas-grmela-vs-david-skulina,forecasted,28.07 00:10,Томас Грмела vs Давид Скулина,,,,,,18,Томас Грмела,Давид Скулина,1.645,2.075,bsportsfan-odds-frame,28.07 00:08,none,0,5,34,12.6,7.6,56.3,ПРОПУСК,0,,,,,,,,,,,,,,,,,,,,,,,,,,,,,,,,,,,,,,,,
bsportsfan-telegram-prediction-games-58-1785186937796.csv,https://ru.bsportsfan.com/table-tennis/r/12311726/daniel-vitasek-vs-jan-skvrna,forecasted,27.07 23:40,Даниэль Витасек vs Ян Скврна,,,,1-3,miss,36,Даниэль Витасек,Ян Скврна,,,,-,A+B,1,5,29,-20.9,0.1,39,ПРОПУСК,0,,,,,,,,,,,,,,,,,,,,,,,,,,,,,,,,,,,,,,,,
bsportsfan-telegram-prediction-games-58-1785186937796.csv,https://ru.bsportsfan.com/table-tennis/r/12311732/matus-zelinka-vs-vojtech-grubr,forecasted,27.07 23:40,Матус Зелинка vs Войтех Грубр,,,,3-0,hit,31,Матус Зелинка,Войтех Грубр,,,,-,A,1,5,61,-34.4,25.8,45.4,СТАВИМ,1,,,,,,,,,,,,,,,,,,,,,,,,,,,,,,,,,,,,,,,,
bsportsfan-telegram-prediction-games-58-1785186937796.csv,https://ru.bsportsfan.com/table-tennis/r/12311759/petr-bradac-vs-libor-prikasky,observed_only,28.07 00:02,Петр Брадак vs Либор Прикаски,,,,,,25,Петр Брадак,Либор Прикаски,,,,-,,,,,,,,,0,,,,,,,,,,,,,,,,,,,,,,,,,,,,,,,,,,,,,,,,
bsportsfan-telegram-prediction-games-58-1785186937796.csv,https://ru.bsportsfan.com/table-tennis/r/12311765/jiri-dedek-vs-dmitro-parhomenko,forecasted,28.07 00:01,Иржи Дедек vs Дмитро Пархоменко,,,,,,28,Иржи Дедек,Дмитро Пархоменко,1.43,2.6,bsportsfan-odds-frame,27.07 23:58,B,1,5,5,-10.3,6.3,48.6,СТАВИМ,1,,,,,,,,,,,,,,,,,,,,,,,,,,,,,,,,,,,,,,,,
bsportsfan-telegram-prediction-games-58-1785186937796.csv,https://ru.bsportsfan.com/table-tennis/r/12311769/marek-volny-vs-tomas-milota,forecasted,28.07 00:00,Марек Вольны vs Томас Милота,,,,,,25,Марек Вольны,Томас Милота,,,,-,B,1,5,21,-16.5,5.7,43,СТАВИМ,1,,,,,,,,,,,,,,,,,,,,,,,,,,,,,,,,,,,,,,,,
bsportsfan-telegram-prediction-games-58-1785186937796.csv,https://ru.bsportsfan.com/table-tennis/r/12311770/ladislav-dobias-vs-jan-krames-snr,observed_only,28.07 00:02,Ладислав Добиас vs Ян Крамес-старший,,,,,,37,Ладислав Добиас,Ян Крамес-старший,,,,-,,,,,,,,,0,,,,,,,,,,,,,,,,,,,,,,,,,,,,,,,,,,,,,,,,
bsportsfan-telegram-prediction-games-58-1785186937796.csv,https://ru.bsportsfan.com/table-tennis/r/12311776/milan-fisera-vs-frantisek-briza,forecasted,28.07 00:06,Милан Фисера vs Франтишек Бриза,,,,,,23,Милан Фисера,Франтишек Бриза,2.35,1.55,bsportsfan-odds-frame,28.07 00:04,B,1,5,20,-11.1,7.9,44.5,СТАВИМ,1,,,,,,,,,,,,,,,,,,,,,,,,,,,,,,,,,,,,,,,,
bsportsfan-telegram-prediction-games-58-1785186937796.csv,https://ru.bsportsfan.com/table-tennis/r/12311805/radovan-pisa-vs-josef-chalupa,forecasted,28.07 00:10,Радован Пиза vs Йозеф Чалупа,,,,,,10,Радован Пиза,Йозеф Чалупа,2.75,1.4,bsportsfan-odds-frame,28.07 00:13,none,0,5,19,14.3,8.1,57,ПРОПУСК,0,,,,,,,,,,,,,,,,,,,,,,,,,,,,,,,,,,,,,,,,
bsportsfan-telegram-prediction-games-58-1785186937796.csv,https://ru.bsportsfan.com/table-tennis/r/12311817/filip-zurek-vs-vitezslav-bosak,forecasted,28.07 00:11,Филип Журек vs Витезслав Босак,,,,,,16,Филип Журек,Витезслав Босак,1.75,1.93,bsportsfan-odds-frame,28.07 00:12,none,0,5,-46,-10.6,-1,50.9,ПРОПУСК,0,,,,,,,,,,,,,,,,,,,,,,,,,,,,,,,,,,,,,,,,
bsportsfan-telegram-prediction-games-610-1785446385942.csv,https://ru.bsportsfan.com/table-tennis/r/12312398/serhii-solomko-vs-oleksandr-tymofeev,forecasted,28.07 16:43,Сергей Соломко vs Александр Тимофеев,,,,,,0,Сергей Соломко,Александр Тимофеев,3.3,1.285,bsportsfan-odds-frame,28.07 16:39,,,,,,,,СТАВИМ,1,start-collapse-salvage-v3-2026-07-28,collapse-or-strength-15-or-history-share-61_5,,,,,,,1,,,,,,,,,,,,,,,,,,,,,,,,,,,,,,,
bsportsfan-telegram-prediction-games-610-1785446385942.csv,https://ru.bsportsfan.com/table-tennis/r/12312501/maksym-karelov-vs-viktor-leonov,observed_only,28.07 22:56,Максим Карелов vs Виктор Леонов,,,,,,3,Максим Карелов,Виктор Леонов,,,,-,,,,,,,,,0,,,,,,,,,0,,,,,,,,,,,,,,,,,,,,,,,,,,,,,,,
bsportsfan-telegram-prediction-games-610-1785446385942.csv,https://ru.bsportsfan.com/table-tennis/r/12312507/roman-konkulovskyi-vs-oleksandr-pohonov,forecasted,28.07 23:30,Роман Конкуловский vs Александр Похонов,,,,1-3,hit,13,Роман Конкуловский,Александр Похонов,2.2,1.6,bsportsfan-odds-frame,28.07 23:29,,,,,,,,ПРОПУСК,0,start-collapse-salvage-v4-2026-07-28,collapse-or-strength-15-or-history-share-61_5-or-relative-form-h5-edge-10,,,,,,,1,,,,,,,,,,,,,,,,,,,,,,,,,,,,,,,
bsportsfan-telegram-prediction-games-610-1785446385942.csv,https://ru.bsportsfan.com/table-tennis/r/12312533/serhii-maksymiv-vs-oleksandr-pohonov,forecasted,29.07 00:30,Сергей Максимив vs Александр Похонов,,,,3-1,hit,32,Сергей Максимив,Александр Похонов,1.4,2.75,bsportsfan-odds-frame,29.07 00:29,,,,,,,,СТАВИМ,1,start-collapse-salvage-v4-2026-07-28,collapse-or-strength-15-or-history-share-61_5-or-relative-form-h5-edge-10,,,,,,,0,,,,,,,,,,,,,,,,,,,,,,,,,,,,,,,
bsportsfan-telegram-prediction-games-610-1785446385942.csv,https://ru.bsportsfan.com/table-tennis/r/12312537/andrii-sydorenko-1979-vs-viktor-leonov,observed_only,28.07 16:20,Андрей Сидоренко 1979 vs Виктор Леонов,,,,,,1,Андрей Сидоренко 1979,Виктор Леонов,,,,-,,,,,,,,,0,,,,,,,,,0,,,,,,,,,,,,,,,,,,,,,,,,,,,,,,,
bsportsfan-telegram-prediction-games-610-1785446385942.csv,https://ru.bsportsfan.com/table-tennis/r/12312538/maksym-badai-vs-andrii-vasylets,observed_only,28.07 16:20,Максим Бадай vs Андрей Василец,,,,,,1,Максим Бадай,Андрей Василец,,,,-,,,,,,,,,0,,,,,,,,,0,,,,,,,,,,,,,,,,,,,,,,,,,,,,,,,
bsportsfan-telegram-prediction-games-610-1785446385942.csv,https://ru.bsportsfan.com/table-tennis/r/12312549/o-volo-kovalchuk-vs-oleksandr-mishchenko,observed_only,29.07 00:56,Александр В. Ковальчук vs Александр Мищенко,,,,,,40,Александр В. Ковальчук,Александр Мищенко,,,,-,,,,,,,,,0,,,,,,,,,0,,,,,,,,,,,,,,,,,,,,,,,,,,,,,,,
bsportsfan-telegram-prediction-games-610-1785446385942.csv,https://ru.bsportsfan.com/table-tennis/r/12312551/vit-herrmann-vs-marek-cizek,observed_only,28.07 22:58,Вит Херрманн vs Марек Чизек,,,,,,10,Вит Херрманн,Марек Чизек,,,,-,,,,,,,,,0,,,,,,,,,0,,,,,,,,,,,,,,,,,,,,,,,,,,,,,,,
bsportsfan-telegram-prediction-games-610-1785446385942.csv,https://ru.bsportsfan.com/table-tennis/r/12312554/bohdan-chaikovskyi-vs-ihor-sukovatyi,forecasted,29.07 00:00,Богдан Чайковский vs Игорь Суковатый,,,,0-3,miss,32,Богдан Чайковский,Игорь Суковатый,2.15,1.615,bsportsfan-odds-frame,29.07 00:00,,,,,,,,СТАВИМ,1,start-collapse-salvage-v4-2026-07-28,collapse-or-strength-15-or-history-share-61_5-or-relative-form-h5-edge-10,,,,,,,0,,,,,,,,,,,,,,,,,,,,,,,,,,,,,,,
bsportsfan-telegram-prediction-games-610-1785446385942.csv,https://ru.bsportsfan.com/table-tennis/r/12312556/vladyslav-kovalchuk-vs-denys-maltsev,forecasted,28.07 16:35,Владислав Ковальчук vs Денис Мальцев,,,,,,12,Владислав Ковальчук,Денис Мальцев,1.333,3.1,bsportsfan-odds-frame,28.07 16:34,,,,,,,,СТАВИМ,1,start-collapse-salvage-v3-2026-07-28,collapse-or-strength-15-or-history-share-61_5,,,,,,,0,,,,,,,,,,,,,,,,,,,,,,,,,,,,,,,
bsportsfan-telegram-prediction-games-610-1785446385942.csv,https://ru.bsportsfan.com/table-tennis/r/12312572/ladislav-dobias-vs-stepan-rejent,forecasted,28.07 16:45,Ладислав Добиас vs Степан Реджент,,,,,,2,Ладислав Добиас,Степан Реджент,1.48,2.4,bsportsfan-odds-frame,28.07 16:44,,,,,,,,СТАВИМ,1,start-collapse-salvage-v3-2026-07-28,collapse-or-strength-15-or-history-share-61_5,,,,,,,0,,,,,,,,,,,,,,,,,,,,,,,,,,,,,,,
bsportsfan-telegram-prediction-games-610-1785446385942.csv,https://ru.bsportsfan.com/table-tennis/r/12312574/kyrylo-tkachenko-vs-orest-melnik,observed_only,28.07 16:20,Кирило Ткаченко vs Орест Мельник,,,,,,1,Кирило Ткаченко,Орест Мельник,,,,-,,,,,,,,,0,,,,,,,,,0,,,,,,,,,,,,,,,,,,,,,,,,,,,,,,,
bsportsfan-telegram-prediction-games-610-1785446385942.csv,https://ru.bsportsfan.com/table-tennis/r/12312576/serhii-chelpanov-vs-pavel-plakushchyi,forecasted,29.07 00:25,Сергей Челпанов vs Павел Плакущий,,,,3-2,hit,47,Сергей Челпанов,Павел Плакущий,1.833,1.833,bsportsfan-odds-frame,29.07 00:24,,,,,,,,СТАВИМ,0,start-collapse-salvage-v4-2026-07-28,collapse-or-strength-15-or-history-share-61_5-or-relative-form-h5-edge-10,,,,,,,0,,,,,,,,,,,,,,,,,,,,,,,,,,,,,,,
bsportsfan-telegram-prediction-games-610-1785446385942.csv,https://ru.bsportsfan.com/table-tennis/r/12312578/vitalii-s-marushchak-vs-artem-yurkov,forecasted,28.07 16:21,Виталий С. Марущак vs Артем Юрков,,,,,,0,Виталий С. Марущак,Артем Юрков,2.2,1.6,bsportsfan-odds-frame,28.07 16:21,,,,,,,,ПРОПУСК,0,start-collapse-salvage-v3-2026-07-28,collapse-or-strength-15-or-history-share-61_5,,,,,,,0,,,,,,,,,,,,,,,,,,,,,,,,,,,,,,,
bsportsfan-telegram-prediction-games-610-1785446385942.csv,https://ru.bsportsfan.com/table-tennis/r/12312579/volodymyr-hainiuk-vs-vitalii-kaganovych,forecasted,28.07 23:25,Владимир Гайнюк vs Виталий Каганович,,,,2-3,hit,23,Владимир Гайнюк,Виталий Каганович,2.35,1.52,bsportsfan-odds-frame,28.07 23:23,,,,,,,,СТАВИМ,1,start-collapse-salvage-v4-2026-07-28,collapse-or-strength-15-or-history-share-61_5-or-relative-form-h5-edge-10,,,,,,,1,,,,,,,,,,,,,,,,,,,,,,,,,,,,,,,
bsportsfan-telegram-prediction-games-610-1785446385942.csv,https://ru.bsportsfan.com/table-tennis/r/12312580/tadeas-bertho-vs-tomas-hanke,forecasted,28.07 16:33,Тадеас Берто vs Томас Ханке,,,,,,2,Тадеас Берто,Томас Ханке,2,1.727,bsportsfan-odds-frame,28.07 16:33,,,,,,,,ПРОПУСК,0,start-collapse-salvage-v3-2026-07-28,collapse-or-strength-15-or-history-share-61_5,,,,,,,1,,,,,,,,,,,,,,,,,,,,,,,,,,,,,,,
bsportsfan-telegram-prediction-games-610-1785446385942.csv,https://ru.bsportsfan.com/table-tennis/r/12312597/jakub-mejzlik-vs-marcel-cmil,forecasted,28.07 23:01,Якуб Мейзлик vs Масел Кмил,,,,3-2,hit,44,Якуб Мейзлик,Масел Кмил,1.4,2.75,bsportsfan-odds-frame,28.07 23:01,,,,,,,,СТАВИМ,1,start-collapse-salvage-v4-2026-07-28,collapse-or-strength-15-or-history-share-61_5-or-relative-form-h5-edge-10,,,,,,,1,,,,,,,,,,,,,,,,,,,,,,,,,,,,,,,
bsportsfan-telegram-prediction-games-610-1785446385942.csv,https://ru.bsportsfan.com/table-tennis/r/12312600/andrii-hrabskyi-vs-anatolii-levshyn,observed_only,28.07 16:37,Андрей Грабский vs Анатолий Левшин,,,,,,18,Андрей Грабский,Анатолий Левшин,,,,-,,,,,,,,,0,,,,,,,,,0,,,,,,,,,,,,,,,,,,,,,,,,,,,,,,,
bsportsfan-telegram-prediction-games-610-1785446385942.csv,https://ru.bsportsfan.com/table-tennis/r/12312603/oleh-napirko-vs-serhii-kalenyk,forecasted,28.07 23:17,Олег Напирко vs Сергей Каленик,,,,3-1,hit,29,Олег Напирко,Сергей Каленик,1.8,1.9,bsportsfan-odds-frame,28.07 23:14,,,,,,,,СТАВИМ,1,start-collapse-salvage-v4-2026-07-28,collapse-or-strength-15-or-history-share-61_5-or-relative-form-h5-edge-10,,,,,,,0,,,,,,,,,,,,,,,,,,,,,,,,,,,,,,,
bsportsfan-telegram-prediction-games-610-1785446385942.csv,https://ru.bsportsfan.com/table-tennis/r/12312609/yevhen-bielokon-vs-vitalii-sydorenko,forecasted,28.07 22:57,Евгений Белоконь vs Ваталий Сидоренко,,,,2-3,hit,38,Евгений Белоконь,Ваталий Сидоренко,1.65,2.1,bsportsfan-odds-frame,28.07 22:57,,,,,,,,ПРОПУСК,0,start-collapse-salvage-v4-2026-07-28,collapse-or-strength-15-or-history-share-61_5-or-relative-form-h5-edge-10,,,,,,,1,,,,,,,,,,,,,,,,,,,,,,,,,,,,,,,
bsportsfan-telegram-prediction-games-610-1785446385942.csv,https://ru.bsportsfan.com/table-tennis/r/12312615/anton-shypilov-vs-mykyta-smyrnov,forecasted,29.07 00:16,Антон Шипилов vs Микита Смирнов,,,,1-3,miss,47,Антон Шипилов,Микита Смирнов,2.1,1.65,bsportsfan-odds-frame,29.07 00:17,,,,,,,,ПРОПУСК,0,start-collapse-salvage-v4-2026-07-28,collapse-or-strength-15-or-history-share-61_5-or-relative-form-h5-edge-10,,,,,,,0,,,,,,,,,,,,,,,,,,,,,,,,,,,,,,,
bsportsfan-telegram-prediction-games-610-1785446385942.csv,https://ru.bsportsfan.com/table-tennis/r/12312618/valerii-vlasenko-vs-oleksii-mitla,forecasted,28.07 23:49,Валерий Власенко vs Алексей Митла,,,,3-1,miss,33,Валерий Власенко,Алексей Митла,2,1.727,bsportsfan-odds-frame,28.07 23:49,,,,,,,,СТАВИМ,1,start-collapse-salvage-v4-2026-07-28,collapse-or-strength-15-or-history-share-61_5-or-relative-form-h5-edge-10,,,,,,,1,,,,,,,,,,,,,,,,,,,,,,,,,,,,,,,
bsportsfan-telegram-prediction-games-610-1785446385942.csv,https://ru.bsportsfan.com/table-tennis/r/12312619/vitalii-khamurda-vs-roman-hnoievoi,observed_only,29.07 00:08,Виталий Хамурда vs Роман Хноевой,,,,,,42,Виталий Хамурда,Роман Хноевой,,,,-,,,,,,,,,0,,,,,,,,,0,,,,,,,,,,,,,,,,,,,,,,,,,,,,,,,
bsportsfan-telegram-prediction-games-610-1785446385942.csv,https://ru.bsportsfan.com/table-tennis/r/12312634/mykyta-smyrnov-vs-serhii-kalenyk,forecasted,29.07 01:16,Микита Смирнов vs Сергей Каленик,,,,3-1,hit,5,Микита Смирнов,Сергей Каленик,1.57,2.25,bsportsfan-odds-frame,29.07 01:14,,,,,,,,ПРОПУСК,0,start-collapse-salvage-v4-2026-07-28,collapse-or-strength-15-or-history-share-61_5-or-relative-form-h5-edge-10,,,,,,,0,,,,,,,,,,,,,,,,,,,,,,,,,,,,,,,
bsportsfan-telegram-prediction-games-610-1785446385942.csv,https://ru.bsportsfan.com/table-tennis/r/12312635/ihor-sukovatyi-vs-andrii-romanenko,forecasted,29.07 01:01,Игорь Суковатый vs Андрей Романенко,,,,1-3,miss,33,Игорь Суковатый,Андрей Романенко,1.727,2,bsportsfan-odds-frame,29.07 00:59,,,,,,,,ПРОПУСК,0,start-collapse-salvage-v4-2026-07-28,collapse-or-strength-15-or-history-share-61_5-or-relative-form-h5-edge-10,,,,,,,0,,,,,,,,,,,,,,,,,,,,,,,,,,,,,,,
bsportsfan-telegram-prediction-games-610-1785446385942.csv,https://ru.bsportsfan.com/table-tennis/r/12312640/ihor-dubinin-vs-pavlo-shulhachyk,forecasted,28.07 16:34,Игорь Дубинин vs Павло Шульгачик,,,,,,1,Игорь Дубинин,Павло Шульгачик,2.25,1.57,bsportsfan-odds-frame,28.07 16:34,,,,,,,,СТАВИМ,1,start-collapse-salvage-v3-2026-07-28,collapse-or-strength-15-or-history-share-61_5,,,,,,,1,,,,,,,,,,,,,,,,,,,,,,,,,,,,,,,
bsportsfan-telegram-prediction-games-610-1785446385942.csv,https://ru.bsportsfan.com/table-tennis/r/12312642/serhii-chuhai-vs-andrii-lushchyk,forecasted,28.07 16:34,Сергей Чухай vs Андрей Лущик,,,,,,0,Сергей Чухай,Андрей Лущик,2.35,1.52,bsportsfan-odds-frame,28.07 16:34,,,,,,,,СТАВИМ,1,start-collapse-salvage-v3-2026-07-28,collapse-or-strength-15-or-history-share-61_5,,,,,,,0,,,,,,,,,,,,,,,,,,,,,,,,,,,,,,,
bsportsfan-telegram-prediction-games-610-1785446385942.csv,https://ru.bsportsfan.com/table-tennis/r/12312645/yaroslav-tebenko-vs-oleksandr-storozhenko,forecasted,28.07 16:20,Ярослав Тебенко vs Александр Стороженко,,,,,,1,Ярослав Тебенко,Александр Стороженко,2.25,1.57,bsportsfan-odds-frame,28.07 16:20,,,,,,,,ПРОПУСК,0,start-collapse-salvage-v3-2026-07-28,collapse-or-strength-15-or-history-share-61_5,,,,,,,1,,,,,,,,,,,,,,,,,,,,,,,,,,,,,,,
bsportsfan-telegram-prediction-games-610-1785446385942.csv,https://ru.bsportsfan.com/table-tennis/r/12312647/oleh-napirko-vs-oleksii-mitla,forecasted,29.07 00:47,Олег Напирко vs Алексей Митла,,,,1-3,miss,39,Олег Напирко,Алексей Митла,1.43,2.6,bsportsfan-odds-frame,29.07 00:43,,,,,,,,СТАВИМ,1,start-collapse-salvage-v4-2026-07-28,collapse-or-strength-15-or-history-share-61_5-or-relative-form-h5-edge-10,,,,,,,0,,,,,,,,,,,,,,,,,,,,,,,,,,,,,,,
bsportsfan-telegram-prediction-games-610-1785446385942.csv,https://ru.bsportsfan.com/table-tennis/r/12312655/ondrej-mezera-vs-michal-makara,observed_only,28.07 16:33,Ондрей Мезера vs Михал Макара,,,,,,3,Ондрей Мезера,Михал Макара,,,,-,,,,,,,,,0,,,,,,,,,0,,,,,,,,,,,,,,,,,,,,,,,,,,,,,,,
bsportsfan-telegram-prediction-games-610-1785446385942.csv,https://ru.bsportsfan.com/table-tennis/r/12312669/vadym-reva-vs-maksym-karelov,observed_only,28.07 16:38,Вадим Рева vs Максим Карелов,,,,,,20,Вадим Рева,Максим Карелов,,,,-,,,,,,,,,0,,,,,,,,,0,,,,,,,,,,,,,,,,,,,,,,,,,,,,,,,
bsportsfan-telegram-prediction-games-610-1785446385942.csv,https://ru.bsportsfan.com/table-tennis/r/12312670/oleksandr-naida-vs-dmytro-derevynskyi,forecasted,29.07 01:06,Александр Найда vs Дмитрий Деревинский,,,,2-3,hit,27,Александр Найда,Дмитрий Деревинский,2.1,1.65,bsportsfan-odds-frame,29.07 01:03,,,,,,,,СТАВИМ,1,start-collapse-salvage-v4-2026-07-28,collapse-or-strength-15-or-history-share-61_5-or-relative-form-h5-edge-10,,,,,,,0,,,,,,,,,,,,,,,,,,,,,,,,,,,,,,,
bsportsfan-telegram-prediction-games-610-1785446385942.csv,https://ru.bsportsfan.com/table-tennis/r/12312726/serhii-maksymiv-vs-andrii-romanenko,forecasted,28.07 23:03,Сергей Максимив vs Андрей Романенко,,,,3-0,hit,32,Сергей Максимив,Андрей Романенко,1.727,2,bsportsfan-odds-frame,28.07 22:58,,,,,,,,СТАВИМ,1,start-collapse-salvage-v4-2026-07-28,collapse-or-strength-15-or-history-share-61_5-or-relative-form-h5-edge-10,,,,,,,0,,,,,,,,,,,,,,,,,,,,,,,,,,,,,,,
bsportsfan-telegram-prediction-games-610-1785446385942.csv,https://ru.bsportsfan.com/table-tennis/r/12312730/ivan-elfemov-vs-vitalii-sydorenko,observed_only,28.07 16:33,Иван Ельфемов vs Ваталий Сидоренко,,,,,,3,Иван Ельфемов,Ваталий Сидоренко,,,,-,,,,,,,,,0,,,,,,,,,0,,,,,,,,,,,,,,,,,,,,,,,,,,,,,,,
bsportsfan-telegram-prediction-games-610-1785446385942.csv,https://ru.bsportsfan.com/table-tennis/r/12313025/vaclav-hejda-jnr-vs-ales-langer,observed_only,28.07 16:27,Вацлав Хейда мл. vs Алес Лангер,,,,,,40,Вацлав Хейда мл.,Алес Лангер,,,,-,,,,,,,,,0,,,,,,,,,0,,,,,,,,,,,,,,,,,,,,,,,,,,,,,,,
bsportsfan-telegram-prediction-games-610-1785446385942.csv,https://ru.bsportsfan.com/table-tennis/r/12313981/karel-baros-vs-jakub-volny,forecasted,28.07 16:45,Карел Барос vs Якуб Вольны,,,,3-2,hit,21,Карел Барос,Якуб Вольны,1.78,1.82,bsportsfan-odds-frame,28.07 16:44,,,,,,,,ПРОПУСК,0,start-collapse-salvage-v3-2026-07-28,collapse-or-strength-15-or-history-share-61_5,,,,,,,1,,,,,,,,,,,,,,,,,,,,,,,,,,,,,,,
bsportsfan-telegram-prediction-games-610-1785446385942.csv,https://ru.bsportsfan.com/table-tennis/r/12314012/daniel-tomica-vs-radim-urbaniec,forecasted,29.07 17:00,Дэниел Томика vs Радим Урбанец,,,,3-1,miss,26,Дэниел Томика,Радим Урбанец,1.345,2.95,bsportsfan-odds,29.07 17:00,,,,,,,,СТАВИМ,1,start-collapse-salvage-v4-2026-07-28,collapse-or-strength-15-or-history-share-61_5-or-relative-form-h5-edge-10,,,,,,,1,,,,,,,,,,,,,,,,,,,,,,,,,,,,,,,
bsportsfan-telegram-prediction-games-610-1785446385942.csv,https://ru.bsportsfan.com/table-tennis/r/12314047/martin-lorenc-vs-patrik-sturma,forecasted,28.07 16:41,Мартин Лоренк vs Патрик Штурма,,,,3-2,hit,32,Мартин Лоренк,Патрик Штурма,1.55,2.2,bsportsfan-odds-frame,28.07 16:41,,,,,,,,ПРОПУСК,0,start-collapse-salvage-v3-2026-07-28,collapse-or-strength-15-or-history-share-61_5,,,,,,,0,,,,,,,,,,,,,,,,,,,,,,,,,,,,,,,
bsportsfan-telegram-prediction-games-610-1785446385942.csv,https://ru.bsportsfan.com/table-tennis/r/12314082/jiri-plachy-vs-jiri-dedek,observed_only,30.07 01:41,Иржи Плачи vs Иржи Дедек,,,,,,2,Иржи Плачи,Иржи Дедек,,,,-,,,,,,,,,0,,,,,,,,,0,,,,,,,,,,,,,,,,,,,,,,,,,,,,,,,
bsportsfan-telegram-prediction-games-610-1785446385942.csv,https://ru.bsportsfan.com/table-tennis/r/12314118/jan-framberk-vs-julius-didi,forecasted,29.07 17:33,Ян Фрамберк vs Юлиус Диди,,,,1-3,hit,23,Ян Фрамберк,Юлиус Диди,1.83,1.833,bsportsfan-odds,29.07 17:33,,,,,,,,СТАВИМ,1,start-collapse-salvage-v4-2026-07-28,collapse-or-strength-15-or-history-share-61_5-or-relative-form-h5-edge-10,,,,,,,1,,,,,,,,,,,,,,,,,,,,,,,,,,,,,,,
bsportsfan-telegram-prediction-games-610-1785446385942.csv,https://ru.bsportsfan.com/table-tennis/r/12314119/vaclav-kosar-vs-miroslav-novotny,forecasted,29.07 21:00,Вацлав Косар vs Мирослав Новотны,,,,,,29,Вацлав Косар,Мирослав Новотны,1.832,1.832,bsportsfan-odds,29.07 20:59,,,,,,,,ПРОПУСК,0,start-collapse-salvage-v4-2026-07-28,collapse-or-strength-15-or-history-share-61_5-or-relative-form-h5-edge-10,,,,,,,0,,,,,,,,,,,,,,,,,,,,,,,,,,,,,,,
bsportsfan-telegram-prediction-games-610-1785446385942.csv,https://ru.bsportsfan.com/table-tennis/r/12314167/roman-hudeczek-vs-marek-holub,forecasted,29.07 17:32,Роман Худечек vs Марек Голуб,,,,1-3,miss,26,Роман Худечек,Марек Голуб,1.65,2.1,bsportsfan-odds,29.07 17:32,,,,,,,,СТАВИМ,1,start-collapse-salvage-v4-2026-07-28,collapse-or-strength-15-or-history-share-61_5-or-relative-form-h5-edge-10,,,,,,,0,,,,,,,,,,,,,,,,,,,,,,,,,,,,,,,
bsportsfan-telegram-prediction-games-610-1785446385942.csv,https://ru.bsportsfan.com/table-tennis/r/12314171/vaclav-zidek-vs-marcel-heczko,observed_only,29.07 21:03,Вацлав Зидек vs Марсель Хецко,,,,,,30,Вацлав Зидек,Марсель Хецко,,,,-,,,,,,,,,0,,,,,,,,,0,,,,,,,,,,,,,,,,,,,,,,,,,,,,,,,
bsportsfan-telegram-prediction-games-610-1785446385942.csv,https://ru.bsportsfan.com/table-tennis/r/12314213/jakub-levicky-vs-tomas-milota,forecasted,29.07 21:32,Якуб Левицкий vs Томас Милота,,,,2-3,hit,55,Якуб Левицкий,Томас Милота,,,,-,,,,,,,,СТАВИМ,1,start-collapse-salvage-v4-2026-07-28,collapse-or-strength-15-or-history-share-61_5-or-relative-form-h5-edge-10,,,,,,,0,,,,,,,,,,,,,,,,,,,,,,,,,,,,,,,
bsportsfan-telegram-prediction-games-610-1785446385942.csv,https://ru.bsportsfan.com/table-tennis/r/12314243/jiri-matus-vs-lukas-krupnik-jnr,observed_only,28.07 22:56,Йири Матус vs Лукаш Крупник-мл.,,,,,,8,Йири Матус,Лукаш Крупник-мл.,,,,-,,,,,,,,,0,,,,,,,,,0,,,,,,,,,,,,,,,,,,,,,,,,,,,,,,,
bsportsfan-telegram-prediction-games-610-1785446385942.csv,https://ru.bsportsfan.com/table-tennis/r/12314297/jiri-louda-vs-petr-sebera,forecasted,29.07 17:02,Жири Лоуда vs Петр Себера,,,,3-2,hit,36,Жири Лоуда,Петр Себера,1.65,2.1,bsportsfan-odds,29.07 17:02,,,,,,,,СТАВИМ,1,start-collapse-salvage-v4-2026-07-28,collapse-or-strength-15-or-history-share-61_5-or-relative-form-h5-edge-10,,,,,,,0,,,,,,,,,,,,,,,,,,,,,,,,,,,,,,,
bsportsfan-telegram-prediction-games-610-1785446385942.csv,https://ru.bsportsfan.com/table-tennis/r/12314354/tadeas-zika-vs-ondrej-paril,forecasted,29.07 11:01,Тадеас Зика vs Ондрей Парил,,,,3-0,hit,26,Тадеас Зика,Ондрей Парил,1.9,1.8,bsportsfan-odds-frame,29.07 11:01,,,,,,,,ПРОПУСК,0,start-collapse-salvage-v4-2026-07-28,collapse-or-strength-15-or-history-share-61_5-or-relative-form-h5-edge-10,,,,,,,0,,,,,,,,,,,,,,,,,,,,,,,,,,,,,,,
bsportsfan-telegram-prediction-games-610-1785446385942.csv,https://ru.bsportsfan.com/table-tennis/r/12314361/libor-prikasky-vs-erik-mares,observed_only,29.07 10:49,Либор Прикаски vs Эрик Марес,,,,,,3,Либор Прикаски,Эрик Марес,,,,-,,,,,,,,,0,,,,,,,,,0,,,,,,,,,,,,,,,,,,,,,,,,,,,,,,,
bsportsfan-telegram-prediction-games-610-1785446385942.csv,https://ru.bsportsfan.com/table-tennis/r/12314363/erik-mares-vs-lukas-jindrak,forecasted,29.07 11:02,Эрик Марес vs Лукас Джиндрак,,,,3-1,miss,36,Эрик Марес,Лукас Джиндрак,1.842,1.825,bsportsfan-odds-frame,29.07 11:02,,,,,,,,ПРОПУСК,0,start-collapse-salvage-v4-2026-07-28,collapse-or-strength-15-or-history-share-61_5-or-relative-form-h5-edge-10,,,,,,,1,,,,,,,,,,,,,,,,,,,,,,,,,,,,,,,
bsportsfan-telegram-prediction-games-610-1785446385942.csv,https://ru.bsportsfan.com/table-tennis/r/12314368/lukas-kern-vs-sebastian-kasnik,forecasted,29.07 21:02,Лукас Керн vs Себастьян Касник,,,,,,24,Лукас Керн,Себастьян Касник,2.08,1.623,bsportsfan-odds,29.07 21:02,,,,,,,,ПРОПУСК,0,start-collapse-salvage-v4-2026-07-28,collapse-or-strength-15-or-history-share-61_5-or-relative-form-h5-edge-10,,,,,,,0,,,,,,,,,,,,,,,,,,,,,,,,,,,,,,,
bsportsfan-telegram-prediction-games-610-1785446385942.csv,https://ru.bsportsfan.com/table-tennis/r/12314431/marek-holub-vs-sebastian-kasnik,forecasted,29.07 18:30,Марек Голуб vs Себастьян Касник,,,,0-3,miss,4,Марек Голуб,Себастьян Касник,2.2,1.6,bsportsfan-odds,29.07 18:29,,,,,,,,СТАВИМ,1,start-collapse-salvage-v4-2026-07-28,collapse-or-strength-15-or-history-share-61_5-or-relative-form-h5-edge-10,,,,,,,0,,,,,,,,,,,,,,,,,,,,,,,,,,,,,,,
bsportsfan-telegram-prediction-games-610-1785446385942.csv,https://ru.bsportsfan.com/table-tennis/r/12314436/matyas-navedla-vs-pavel-wawrosz,forecasted,29.07 11:30,Матьяш Наведла vs Павел Ваврощ,,,,2-3,hit,38,Матьяш Наведла,Павел Ваврощ,2.1,1.65,bsportsfan-odds-frame,29.07 11:29,,,,,,,,ПРОПУСК,0,start-collapse-salvage-v4-2026-07-28,collapse-or-strength-15-or-history-share-61_5-or-relative-form-h5-edge-10,,,,,,,1,,,,,,,,,,,,,,,,,,,,,,,,,,,,,,,
bsportsfan-telegram-prediction-games-610-1785446385942.csv,https://ru.bsportsfan.com/table-tennis/r/12314618/david-sarganek-vs-marek-zaskodny,forecasted,28.07 23:15,Давид Сарганек vs Марек Заскодный,,,,3-2,hit,46,Давид Сарганек,Марек Заскодный,1.66,1.97,bsportsfan-odds-frame,28.07 23:14,,,,,,,,ПРОПУСК,0,start-collapse-salvage-v4-2026-07-28,collapse-or-strength-15-or-history-share-61_5-or-relative-form-h5-edge-10,,,,,,,0,,,,,,,,,,,,,,,,,,,,,,,,,,,,,,,
bsportsfan-telegram-prediction-games-610-1785446385942.csv,https://ru.bsportsfan.com/table-tennis/r/12314623/rostislav-niezgoda-vs-petr-vicherek,observed_only,28.07 22:57,Ростислав Нежгода vs Петр Вичерек,,,,,,18,Ростислав Нежгода,Петр Вичерек,,,,-,,,,,,,,,0,,,,,,,,,0,,,,,,,,,,,,,,,,,,,,,,,,,,,,,,,
bsportsfan-telegram-prediction-games-610-1785446385942.csv,https://ru.bsportsfan.com/table-tennis/r/12314624/patrik-sturma-vs-miroslav-dolezal,observed_only,28.07 23:12,Патрик Штурма vs Мирослав Долезал,,,,,,24,Патрик Штурма,Мирослав Долезал,,,,-,,,,,,,,,0,,,,,,,,,0,,,,,,,,,,,,,,,,,,,,,,,,,,,,,,,
bsportsfan-telegram-prediction-games-610-1785446385942.csv,https://ru.bsportsfan.com/table-tennis/r/12314626/radek-vosyka-vs-michal-sokol,observed_only,28.07 23:08,Радек Восыка vs Michal Sokol,,,,,,26,Радек Восыка,Michal Sokol,,,,-,,,,,,,,,0,,,,,,,,,0,,,,,,,,,,,,,,,,,,,,,,,,,,,,,,,
bsportsfan-telegram-prediction-games-610-1785446385942.csv,https://ru.bsportsfan.com/table-tennis/r/12314628/martin-boltik-vs-ales-krcil,forecasted,28.07 23:50,Мартин Болтик vs Алес Крцил,,,,1-3,miss,33,Мартин Болтик,Алес Крцил,1.765,1.882,bsportsfan-odds-frame,28.07 23:49,,,,,,,,ПРОПУСК,0,start-collapse-salvage-v4-2026-07-28,collapse-or-strength-15-or-history-share-61_5-or-relative-form-h5-edge-10,,,,,,,0,,,,,,,,,,,,,,,,,,,,,,,,,,,,,,,
bsportsfan-telegram-prediction-games-610-1785446385942.csv,https://ru.bsportsfan.com/table-tennis/r/12314629/martin-stusek-vs-jaromir-zlamal,forecasted,28.07 22:57,Мартин Стусек vs Яромир Зламал,,,,2-3,hit,37,Мартин Стусек,Яромир Зламал,2.35,1.49,bsportsfan-odds-frame,28.07 22:57,,,,,,,,ПРОПУСК,0,start-collapse-salvage-v4-2026-07-28,collapse-or-strength-15-or-history-share-61_5-or-relative-form-h5-edge-10,,,,,,,1,,,,,,,,,,,,,,,,,,,,,,,,,,,,,,,
bsportsfan-telegram-prediction-games-610-1785446385942.csv,https://ru.bsportsfan.com/table-tennis/r/12314630/tomas-vorisek-vs-ondrej-kadavy,forecasted,28.07 23:25,Томас Воржишек vs Ондрей Кадави,,,,1-3,miss,18,Томас Воржишек,Ондрей Кадави,1.645,2.075,bsportsfan-odds-frame,28.07 23:24,,,,,,,,ПРОПУСК,0,start-collapse-salvage-v4-2026-07-28,collapse-or-strength-15-or-history-share-61_5-or-relative-form-h5-edge-10,,,,,,,0,,,,,,,,,,,,,,,,,,,,,,,,,,,,,,,
bsportsfan-telegram-prediction-games-610-1785446385942.csv,https://ru.bsportsfan.com/table-tennis/r/12314637/ales-krcil-vs-tomas-barsa,observed_only,28.07 22:56,Алес Крцил vs Томаш Барса,,,,,,20,Алес Крцил,Томаш Барса,,,,-,,,,,,,,,0,,,,,,,,,0,,,,,,,,,,,,,,,,,,,,,,,,,,,,,,,
bsportsfan-telegram-prediction-games-610-1785446385942.csv,https://ru.bsportsfan.com/table-tennis/r/12314642/jaromir-zlamal-vs-tomas-vorisek,forecasted,29.07 00:25,Яромир Зламал vs Томас Воржишек,,,,0-3,hit,29,Яромир Зламал,Томас Воржишек,1.53,2.25,bsportsfan-odds-frame,29.07 00:24,,,,,,,,ПРОПУСК,0,start-collapse-salvage-v4-2026-07-28,collapse-or-strength-15-or-history-share-61_5-or-relative-form-h5-edge-10,,,,,,,1,,,,,,,,,,,,,,,,,,,,,,,,,,,,,,,
bsportsfan-telegram-prediction-games-610-1785446385942.csv,https://ru.bsportsfan.com/table-tennis/r/12314647/zbynek-vyskocil-vs-tomas-barsa,forecasted,28.07 23:20,Збинек Выскочил vs Томаш Барса,,,,3-1,miss,26,Збинек Выскочил,Томаш Барса,2.45,1.48,bsportsfan-odds-frame,28.07 23:20,,,,,,,,ПРОПУСК,0,start-collapse-salvage-v4-2026-07-28,collapse-or-strength-15-or-history-share-61_5-or-relative-form-h5-edge-10,,,,,,,1,,,,,,,,,,,,,,,,,,,,,,,,,,,,,,,
bsportsfan-telegram-prediction-games-610-1785446385942.csv,https://ru.bsportsfan.com/table-tennis/r/12314648/martin-stusek-vs-ondrej-kadavy,forecasted,28.07 23:56,Мартин Стусек vs Ондрей Кадави,,,,3-1,miss,54,Мартин Стусек,Ондрей Кадави,1.49,2.45,bsportsfan-odds-frame,28.07 23:53,,,,,,,,ПРОПУСК,0,start-collapse-salvage-v4-2026-07-28,collapse-or-strength-15-or-history-share-61_5-or-relative-form-h5-edge-10,,,,,,,1,,,,,,,,,,,,,,,,,,,,,,,,,,,,,,,
bsportsfan-telegram-prediction-games-610-1785446385942.csv,https://ru.bsportsfan.com/table-tennis/r/12314652/milan-flesar-vs-martin-jirasek,forecasted,28.07 23:39,Милан Флесар vs Мартин Джирасек,,,,0-3,miss,32,Милан Флесар,Мартин Джирасек,1.75,1.909,bsportsfan-odds-frame,28.07 23:39,,,,,,,,ПРОПУСК,0,start-collapse-salvage-v4-2026-07-28,collapse-or-strength-15-or-history-share-61_5-or-relative-form-h5-edge-10,,,,,,,0,,,,,,,,,,,,,,,,,,,,,,,,,,,,,,,
bsportsfan-telegram-prediction-games-610-1785446385942.csv,https://ru.bsportsfan.com/table-tennis/r/12314854/jan-skvrna-vs-radek-benes,observed_only,28.07 16:21,Ян Скврна vs Радек Бенеш,,,,,,9,Ян Скврна,Радек Бенеш,,,,-,,,,,,,,,0,,,,,,,,,0,,,,,,,,,,,,,,,,,,,,,,,,,,,,,,,
bsportsfan-telegram-prediction-games-610-1785446385942.csv,https://ru.bsportsfan.com/table-tennis/r/12315009/marek-placek-vs-jiri-plachy,observed_only,28.07 16:33,Марек Пласек vs Иржи Плачи,,,,,,17,Марек Пласек,Иржи Плачи,,,,-,,,,,,,,,0,,,,,,,,,0,,,,,,,,,,,,,,,,,,,,,,,,,,,,,,,
bsportsfan-telegram-prediction-games-610-1785446385942.csv,https://ru.bsportsfan.com/table-tennis/r/12315023/lukas-adam-vs-matus-zelinka,observed_only,28.07 16:20,Лукас Адам vs Матус Зелинка,,,,,,1,Лукас Адам,Матус Зелинка,,,,-,,,,,,,,,0,,,,,,,,,0,,,,,,,,,,,,,,,,,,,,,,,,,,,,,,,
bsportsfan-telegram-prediction-games-610-1785446385942.csv,https://ru.bsportsfan.com/table-tennis/r/12315025/jakub-senk-vs-radovan-pisa,observed_only,28.07 16:20,Якуб Сенк vs Радован Пиза,,,,,,1,Якуб Сенк,Радован Пиза,,,,-,,,,,,,,,0,,,,,,,,,0,,,,,,,,,,,,,,,,,,,,,,,,,,,,,,,
bsportsfan-telegram-prediction-games-610-1785446385942.csv,https://ru.bsportsfan.com/table-tennis/r/12315026/dmitro-parhomenko-vs-milan-kolar,observed_only,28.07 16:20,Дмитро Пархоменко vs Милан Колар,,,,,,4,Дмитро Пархоменко,Милан Колар,,,,-,,,,,,,,,0,,,,,,,,,0,,,,,,,,,,,,,,,,,,,,,,,,,,,,,,,
bsportsfan-telegram-prediction-games-610-1785446385942.csv,https://ru.bsportsfan.com/table-tennis/r/12315057/ales-bayer-vs-michal-vedmoch,observed_only,28.07 16:21,Алесь Байер vs Михал Ведмох,,,,,,6,Алесь Байер,Михал Ведмох,,,,-,,,,,,,,,0,,,,,,,,,0,,,,,,,,,,,,,,,,,,,,,,,,,,,,,,,
bsportsfan-telegram-prediction-games-610-1785446385942.csv,https://ru.bsportsfan.com/table-tennis/r/12315058/david-hons-vs-ondrej-pros,observed_only,28.07 16:20,Дэвид Хонс vs Ондржей Прос,,,,,,17,Дэвид Хонс,Ондржей Прос,,,,-,,,,,,,,,0,,,,,,,,,0,,,,,,,,,,,,,,,,,,,,,,,,,,,,,,,
bsportsfan-telegram-prediction-games-610-1785446385942.csv,https://ru.bsportsfan.com/table-tennis/r/12315080/david-sykora-vs-filip-marat,forecasted,28.07 16:50,Дэвид Сикора vs Филипп Марат,,,,2-3,hit,12,Дэвид Сикора,Филипп Марат,1.38,2.75,bsportsfan-odds-frame,28.07 16:49,,,,,,,,ПРОПУСК,0,start-collapse-salvage-v3-2026-07-28,collapse-or-strength-15-or-history-share-61_5,,,,,,,1,,,,,,,,,,,,,,,,,,,,,,,,,,,,,,,
bsportsfan-telegram-prediction-games-610-1785446385942.csv,https://ru.bsportsfan.com/table-tennis/r/12315081/zdenek-zahradka-vs-tomas-hnizdil,forecasted,28.07 16:21,Зденек Захрадка vs Томаш Гниздил,,,,3-0,miss,21,Зденек Захрадка,Томаш Гниздил,,,,-,,,,,,,,ПРОПУСК,0,start-collapse-salvage-v3-2026-07-28,collapse-or-strength-15-or-history-share-61_5,,,,,,,1,,,,,,,,,,,,,,,,,,,,,,,,,,,,,,,
bsportsfan-telegram-prediction-games-610-1785446385942.csv,https://ru.bsportsfan.com/table-tennis/r/12315137/serhii-rak-vs-ruslan-lazebnyi,observed_only,28.07 16:27,Сергей Рак vs Руслан Лазебный,,,,,,5,Сергей Рак,Руслан Лазебный,,,,-,,,,,,,,,0,,,,,,,,,0,,,,,,,,,,,,,,,,,,,,,,,,,,,,,,,
bsportsfan-telegram-prediction-games-610-1785446385942.csv,https://ru.bsportsfan.com/table-tennis/r/12315190/jan-ruzicka-vs-radek-fitl,observed_only,28.07 16:48,Ян Ружичка vs Радек Фитль,,,,,,24,Ян Ружичка,Радек Фитль,,,,-,,,,,,,,,0,,,,,,,,,0,,,,,,,,,,,,,,,,,,,,,,,,,,,,,,,
bsportsfan-telegram-prediction-games-610-1785446385942.csv,https://ru.bsportsfan.com/table-tennis/r/12315384/petr-sebera-vs-michal-vondrak,observed_only,29.07 18:08,Петр Себера vs Михал Вондрак,,,,,,12,Петр Себера,Михал Вондрак,,,,-,,,,,,,,,0,,,,,,,,,0,,,,,,,,,,,,,,,,,,,,,,,,,,,,,,,
bsportsfan-telegram-prediction-games-610-1785446385942.csv,https://ru.bsportsfan.com/table-tennis/r/12315386/michal-vondrak-vs-denis-hofman,forecasted,29.07 17:33,Михал Вондрак vs Денис Хофман,,,,,,34,Михал Вондрак,Денис Хофман,2.1,1.6,bsportsfan-odds,29.07 17:33,,,,,,,,ПРОПУСК,0,start-collapse-salvage-v4-2026-07-28,collapse-or-strength-15-or-history-share-61_5-or-relative-form-h5-edge-10,,,,,,,0,,,,,,,,,,,,,,,,,,,,,,,,,,,,,,,
bsportsfan-telegram-prediction-games-610-1785446385942.csv,https://ru.bsportsfan.com/table-tennis/r/12315388/michal-vondrak-vs-martin-sychra,forecasted,29.07 15:30,Михал Вондрак vs Мартин Сихра,,,,2-3,hit,0,Михал Вондрак,Мартин Сихра,1.815,1.842,bsportsfan-odds-frame,29.07 15:30,,,,,,,,ПРОПУСК,0,start-collapse-salvage-v4-2026-07-28,collapse-or-strength-15-or-history-share-61_5-or-relative-form-h5-edge-10,,,,,,,0,,,,,,,,,,,,,,,,,,,,,,,,,,,,,,,
bsportsfan-telegram-prediction-games-610-1785446385942.csv,https://ru.bsportsfan.com/table-tennis/r/12315397/michal-vavrecka-vs-radomir-revay,forecasted,29.07 15:32,Михал Ваврецка vs Радомир Ревай,,,,3-1,miss,0,Михал Ваврецка,Радомир Ревай,1.8,1.9,bsportsfan-odds-frame,29.07 15:32,,,,,,,,СТАВИМ,1,start-collapse-salvage-v4-2026-07-28,collapse-or-strength-15-or-history-share-61_5-or-relative-form-h5-edge-10,,,,,,,1,,,,,,,,,,,,,,,,,,,,,,,,,,,,,,,
bsportsfan-telegram-prediction-games-610-1785446385942.csv,https://ru.bsportsfan.com/table-tennis/r/12315399/michal-syroha-vs-vaclav-hruska-snr,observed_only,29.07 21:03,Михал Сирога vs Вацлав Грушка ст.,,,,,,44,Михал Сирога,Вацлав Грушка ст.,,,,-,,,,,,,,,0,,,,,,,,,0,,,,,,,,,,,,,,,,,,,,,,,,,,,,,,,
bsportsfan-telegram-prediction-games-610-1785446385942.csv,https://ru.bsportsfan.com/table-tennis/r/12315400/matyas-navedla-vs-ondrej-paril,forecasted,29.07 10:01,Матьяш Наведла vs Ондрей Парил,,,,3-1,miss,28,Матьяш Наведла,Ондрей Парил,2.6,1.45,bsportsfan-odds-frame,29.07 10:01,,,,,,,,СТАВИМ,1,start-collapse-salvage-v4-2026-07-28,collapse-or-strength-15-or-history-share-61_5-or-relative-form-h5-edge-10,,,,,,,1,,,,,,,,,,,,,,,,,,,,,,,,,,,,,,,
bsportsfan-telegram-prediction-games-610-1785446385942.csv,https://ru.bsportsfan.com/table-tennis/r/12315691/petr-saleny-vs-petr-sebera,forecasted,29.07 11:00,Петр Салени vs Петр Себера,,,,2-3,hit,47,Петр Салени,Петр Себера,1.435,2.6,bsportsfan-odds-frame,29.07 10:59,,,,,,,,СТАВИМ,1,start-collapse-salvage-v4-2026-07-28,collapse-or-strength-15-or-history-share-61_5-or-relative-form-h5-edge-10,,,,,,,0,,,,,,,,,,,,,,,,,,,,,,,,,,,,,,,
bsportsfan-telegram-prediction-games-610-1785446385942.csv,https://ru.bsportsfan.com/table-tennis/r/12315692/jakub-simecek-vs-jaroslav-schwan,forecasted,29.07 11:02,Якуб Шимечек vs Ярослав Шван,,,,3-2,hit,49,Якуб Шимечек,Ярослав Шван,1.727,2,bsportsfan-odds-frame,29.07 11:02,,,,,,,,СТАВИМ,1,start-collapse-salvage-v4-2026-07-28,collapse-or-strength-15-or-history-share-61_5-or-relative-form-h5-edge-10,,,,,,,0,,,,,,,,,,,,,,,,,,,,,,,,,,,,,,,
bsportsfan-telegram-prediction-games-610-1785446385942.csv,https://ru.bsportsfan.com/table-tennis/r/12315693/oleksandr-kolisnyk-vs-martin-huk,observed_only,29.07 10:01,Александр Колисник vs Мартин Хук,,,,,,43,Александр Колисник,Мартин Хук,,,,-,,,,,,,,,0,,,,,,,,,0,,,,,,,,,,,,,,,,,,,,,,,,,,,,,,,
bsportsfan-telegram-prediction-games-610-1785446385942.csv,https://ru.bsportsfan.com/table-tennis/r/12315694/oleksandr-kolisnyk-vs-jiri-ruzicka,forecasted,29.07 11:31,Александр Колисник vs Иржи Ружицка,,,,3-2,hit,52,Александр Колисник,Иржи Ружицка,2.1,1.66,bsportsfan-odds-frame,29.07 11:31,,,,,,,,СТАВИМ,1,start-collapse-salvage-v4-2026-07-28,collapse-or-strength-15-or-history-share-61_5-or-relative-form-h5-edge-10,,,,,,,0,,,,,,,,,,,,,,,,,,,,,,,,,,,,,,,
bsportsfan-telegram-prediction-games-610-1785446385942.csv,https://ru.bsportsfan.com/table-tennis/r/12315695/josef-cabak-vs-radomir-vavrecka,forecasted,29.07 11:30,Йозеф Кабак vs Радомир Вавречка,,,,2-3,hit,39,Йозеф Кабак,Радомир Вавречка,1.727,2,bsportsfan-odds-frame,29.07 11:29,,,,,,,,СТАВИМ,1,start-collapse-salvage-v4-2026-07-28,collapse-or-strength-15-or-history-share-61_5-or-relative-form-h5-edge-10,,,,,,,1,,,,,,,,,,,,,,,,,,,,,,,,,,,,,,,
bsportsfan-telegram-prediction-games-610-1785446385942.csv,https://ru.bsportsfan.com/table-tennis/r/12315696/martin-sychra-vs-petr-sebera,forecasted,29.07 10:01,Мартин Сихра vs Петр Себера,,,,0-3,hit,23,Мартин Сихра,Петр Себера,1.6,2.2,bsportsfan-odds-frame,29.07 10:01,,,,,,,,ПРОПУСК,0,start-collapse-salvage-v4-2026-07-28,collapse-or-strength-15-or-history-share-61_5-or-relative-form-h5-edge-10,,,,,,,1,,,,,,,,,,,,,,,,,,,,,,,,,,,,,,,
bsportsfan-telegram-prediction-games-610-1785446385942.csv,https://ru.bsportsfan.com/table-tennis/r/12315697/jan-mecl-jnr-vs-martin-huk,observed_only,29.07 11:02,Ян Мекл мл. vs Мартин Хук,,,,,,54,Ян Мекл мл.,Мартин Хук,,,,-,,,,,,,,,0,,,,,,,,,0,,,,,,,,,,,,,,,,,,,,,,,,,,,,,,,
bsportsfan-telegram-prediction-games-610-1785446385942.csv,https://ru.bsportsfan.com/table-tennis/r/12315699/jakub-vales-vs-libor-prikasky,forecasted,29.07 11:30,Якуб Велес vs Либор Прикаски,,,,3-1,miss,36,Якуб Велес,Либор Прикаски,1.8,1.9,bsportsfan-odds-frame,29.07 11:28,,,,,,,,СТАВИМ,1,start-collapse-salvage-v4-2026-07-28,collapse-or-strength-15-or-history-share-61_5-or-relative-form-h5-edge-10,,,,,,,1,,,,,,,,,,,,,,,,,,,,,,,,,,,,,,,
bsportsfan-telegram-prediction-games-610-1785446385942.csv,https://ru.bsportsfan.com/table-tennis/r/12315701/josef-cabak-vs-jaroslav-schwan,forecasted,29.07 10:00,Йозеф Кабак vs Ярослав Шван,,,,0-3,hit,27,Йозеф Кабак,Ярослав Шван,1.48,2.4,bsportsfan-odds-frame,29.07 09:59,,,,,,,,СТАВИМ,1,start-collapse-salvage-v4-2026-07-28,collapse-or-strength-15-or-history-share-61_5-or-relative-form-h5-edge-10,,,,,,,1,,,,,,,,,,,,,,,,,,,,,,,,,,,,,,,
bsportsfan-telegram-prediction-games-610-1785446385942.csv,https://ru.bsportsfan.com/table-tennis/r/12315702/radomir-vavrecka-vs-jakub-simecek,observed_only,29.07 10:46,Радомир Вавречка vs Якуб Шимечек,,,,,,10,Радомир Вавречка,Якуб Шимечек,,,,-,,,,,,,,,0,,,,,,,,,0,,,,,,,,,,,,,,,,,,,,,,,,,,,,,,,
bsportsfan-telegram-prediction-games-610-1785446385942.csv,https://ru.bsportsfan.com/table-tennis/r/12315703/martin-sychra-vs-michal-regner,forecasted,29.07 11:30,Мартин Сихра vs Михал Регнер,,,,1-3,hit,35,Мартин Сихра,Михал Регнер,1.729,1.97,bsportsfan-odds-frame,29.07 11:30,,,,,,,,СТАВИМ,1,start-collapse-salvage-v4-2026-07-28,collapse-or-strength-15-or-history-share-61_5-or-relative-form-h5-edge-10,,,,,,,1,,,,,,,,,,,,,,,,,,,,,,,,,,,,,,,
bsportsfan-telegram-prediction-games-610-1785446385942.csv,https://ru.bsportsfan.com/table-tennis/r/12315706/jakub-vales-vs-lukas-jindrak,forecasted,29.07 10:00,Якуб Велес vs Лукас Джиндрак,,,,3-1,miss,34,Якуб Велес,Лукас Джиндрак,1.842,1.832,bsportsfan-odds-frame,29.07 10:00,,,,,,,,ПРОПУСК,0,start-collapse-salvage-v4-2026-07-28,collapse-or-strength-15-or-history-share-61_5-or-relative-form-h5-edge-10,,,,,,,1,,,,,,,,,,,,,,,,,,,,,,,,,,,,,,,
bsportsfan-telegram-prediction-games-610-1785446385942.csv,https://ru.bsportsfan.com/table-tennis/r/12315945/miroslav-kowolowski-vs-ivo-taichman,forecasted,29.07 15:31,Мирослав Коволовски vs Иво Тайчман,,,,1-3,miss,0,Мирослав Коволовски,Иво Тайчман,1.435,2.6,bsportsfan-odds-frame,29.07 15:31,,,,,,,,СТАВИМ,1,start-collapse-salvage-v4-2026-07-28,collapse-or-strength-15-or-history-share-61_5-or-relative-form-h5-edge-10,,,,,,,0,,,,,,,,,,,,,,,,,,,,,,,,,,,,,,,
bsportsfan-telegram-prediction-games-610-1785446385942.csv,https://ru.bsportsfan.com/table-tennis/r/12315946/oleksandr-kolisnyk-vs-martin-huk,observed_only,29.07 14:34,Александр Колисник vs Мартин Хук,,,,,,28,Александр Колисник,Мартин Хук,,,,-,,,,,,,,,0,,,,,,,,,0,,,,,,,,,,,,,,,,,,,,,,,,,,,,,,,
bsportsfan-telegram-prediction-games-610-1785446385942.csv,https://ru.bsportsfan.com/table-tennis/r/12315950/jakub-vales-vs-lukas-jindrak,observed_only,29.07 14:34,Якуб Велес vs Лукас Джиндрак,,,,,,26,Якуб Велес,Лукас Джиндрак,,,,-,,,,,,,,,0,,,,,,,,,0,,,,,,,,,,,,,,,,,,,,,,,,,,,,,,,
bsportsfan-telegram-prediction-games-610-1785446385942.csv,https://ru.bsportsfan.com/table-tennis/r/12316031/ivo-taichman-vs-marek-blejchar,observed_only,29.07 14:34,Иво Тайчман vs Марек Блейчар,,,,,,27,Иво Тайчман,Марек Блейчар,,,,-,,,,,,,,,0,,,,,,,,,0,,,,,,,,,,,,,,,,,,,,,,,,,,,,,,,
bsportsfan-telegram-prediction-games-610-1785446385942.csv,https://ru.bsportsfan.com/table-tennis/r/12316064/lukas-tonar-vs-jakub-tazler,observed_only,29.07 00:38,Лукас Тонар vs Якуб Тазлер,,,,,,4,Лукас Тонар,Якуб Тазлер,,,,-,,,,,,,,,0,,,,,,,,,0,,,,,,,,,,,,,,,,,,,,,,,,,,,,,,,
bsportsfan-telegram-prediction-games-610-1785446385942.csv,https://ru.bsportsfan.com/table-tennis/r/12316307/radim-urbaniec-vs-michal-kratochvil,observed_only,29.07 18:06,Радим Урбанец vs Мичал Краточвил,,,,,,9,Радим Урбанец,Мичал Краточвил,,,,-,,,,,,,,,0,,,,,,,,,0,,,,,,,,,,,,,,,,,,,,,,,,,,,,,,,
bsportsfan-telegram-prediction-games-610-1785446385942.csv,https://ru.bsportsfan.com/table-tennis/r/12316308/michal-kratochvil-vs-michal-chalupa,forecasted,29.07 17:32,Мичал Краточвил vs Михал Халупа,,,,,,26,Мичал Краточвил,Михал Халупа,1.719,2,bsportsfan-odds,29.07 17:32,,,,,,,,ПРОПУСК,0,start-collapse-salvage-v4-2026-07-28,collapse-or-strength-15-or-history-share-61_5-or-relative-form-h5-edge-10,,,,,,,0,,,,,,,,,,,,,,,,,,,,,,,,,,,,,,,
bsportsfan-telegram-prediction-games-610-1785446385942.csv,https://ru.bsportsfan.com/table-tennis/r/12316408/vasil-salivonchyk-vs-serhii-kryvoshyi,forecasted,29.07 11:26,Василь Саливончик vs Сергей Кривоший,,,,1-3,hit,35,Василь Саливончик,Сергей Кривоший,4,1.2,bsportsfan-odds-frame,29.07 11:24,,,,,,,,СТАВИМ,1,start-collapse-salvage-v4-2026-07-28,collapse-or-strength-15-or-history-share-61_5-or-relative-form-h5-edge-10,,,,,,,1,,,,,,,,,,,,,,,,,,,,,,,,,,,,,,,
bsportsfan-telegram-prediction-games-610-1785446385942.csv,https://ru.bsportsfan.com/table-tennis/r/12316409/valerii-hel-vs-myhailo-styranets,forecasted,29.07 10:57,Валерий Хель vs Михаил Стиранец,,,,2-3,hit,34,Валерий Хель,Михаил Стиранец,2.1,1.65,bsportsfan-odds-frame,29.07 10:53,,,,,,,,СТАВИМ,1,start-collapse-salvage-v4-2026-07-28,collapse-or-strength-15-or-history-share-61_5-or-relative-form-h5-edge-10,,,,,,,1,,,,,,,,,,,,,,,,,,,,,,,,,,,,,,,
bsportsfan-telegram-prediction-games-610-1785446385942.csv,https://ru.bsportsfan.com/table-tennis/r/12316413/kostiantyn-klymenko-vs-oleksandr-ovsiienko,forecasted,29.07 11:31,Константин Клименко vs Александр Овсиенко,,,,0-3,miss,32,Константин Клименко,Александр Овсиенко,1.727,2,bsportsfan-odds-frame,29.07 11:31,,,,,,,,ПРОПУСК,0,start-collapse-salvage-v4-2026-07-28,collapse-or-strength-15-or-history-share-61_5-or-relative-form-h5-edge-10,,,,,,,0,,,,,,,,,,,,,,,,,,,,,,,,,,,,,,,
bsportsfan-telegram-prediction-games-610-1785446385942.csv,https://ru.bsportsfan.com/table-tennis/r/12316418/yurii-zvolynskyi-vs-vasyl-matviichuk,forecasted,29.07 11:31,Юрий Зволинский vs Василий Матвийчук,,,,3-0,hit,22,Юрий Зволинский,Василий Матвийчук,1.43,2.625,bsportsfan-odds-frame,29.07 11:31,,,,,,,,СТАВИМ,1,start-collapse-salvage-v4-2026-07-28,collapse-or-strength-15-or-history-share-61_5-or-relative-form-h5-edge-10,,,,,,,0,,,,,,,,,,,,,,,,,,,,,,,,,,,,,,,
bsportsfan-telegram-prediction-games-610-1785446385942.csv,https://ru.bsportsfan.com/table-tennis/r/12316419/sergii-skhabitskiy-vs-mykhailo-khalenko,forecasted,29.07 14:34,Сергей Схабицкий vs Михаил Халенко,,,,0-3,miss,23,Сергей Схабицкий,Михаил Халенко,1.57,2.25,bsportsfan-odds-frame,29.07 14:34,,,,,,,,СТАВИМ,1,start-collapse-salvage-v4-2026-07-28,collapse-or-strength-15-or-history-share-61_5-or-relative-form-h5-edge-10,,,,,,,0,,,,,,,,,,,,,,,,,,,,,,,,,,,,,,,
bsportsfan-telegram-prediction-games-610-1785446385942.csv,https://ru.bsportsfan.com/table-tennis/r/12316421/hryhoriy-oliynyk-vs-valerii-hel,forecasted,29.07 11:56,Григорий Олейник vs Валерий Хель,,,,2-3,hit,8,Григорий Олейник,Валерий Хель,1.73,2,bsportsfan-odds-frame,29.07 11:59,,,,,,,,ПРОПУСК,0,start-collapse-salvage-v4-2026-07-28,collapse-or-strength-15-or-history-share-61_5-or-relative-form-h5-edge-10,,,,,,,1,,,,,,,,,,,,,,,,,,,,,,,,,,,,,,,
bsportsfan-telegram-prediction-games-610-1785446385942.csv,https://ru.bsportsfan.com/table-tennis/r/12316425/michal-chalupa-vs-daniel-tomica,forecasted,29.07 18:30,Михал Халупа vs Дэниел Томика,,,,0-3,hit,4,Михал Халупа,Дэниел Томика,2,1.68,bsportsfan-odds,29.07 18:30,,,,,,,,СТАВИМ,1,start-collapse-salvage-v4-2026-07-28,collapse-or-strength-15-or-history-share-61_5-or-relative-form-h5-edge-10,,,,,,,1,,,,,,,,,,,,,,,,,,,,,,,,,,,,,,,
bsportsfan-telegram-prediction-games-610-1785446385942.csv,https://ru.bsportsfan.com/table-tennis/r/12316426/radim-urbaniec-vs-michal-chalupa,forecasted,29.07 21:30,Радим Урбанец vs Михал Халупа,,,,,,33,Радим Урбанец,Михал Халупа,,,,-,,,,,,,,ПРОПУСК,0,start-collapse-salvage-v4-2026-07-28,collapse-or-strength-15-or-history-share-61_5-or-relative-form-h5-edge-10,,,,,,,0,,,,,,,,,,,,,,,,,,,,,,,,,,,,,,,
bsportsfan-telegram-prediction-games-610-1785446385942.csv,https://ru.bsportsfan.com/table-tennis/r/12316432/serhii-maliuk-vs-serhii-miroshnychenko,forecasted,29.07 14:35,Сергей Малюк vs Сергей Мирошниченко,,,,3-1,hit,30,Сергей Малюк,Сергей Мирошниченко,1.43,2.6,bsportsfan-odds-frame,29.07 14:35,,,,,,,,ПРОПУСК,0,start-collapse-salvage-v4-2026-07-28,collapse-or-strength-15-or-history-share-61_5-or-relative-form-h5-edge-10,,,,,,,0,,,,,,,,,,,,,,,,,,,,,,,,,,,,,,,
bsportsfan-telegram-prediction-games-610-1785446385942.csv,https://ru.bsportsfan.com/table-tennis/r/12316434/sergii-sideltsev-vs-pavlo-shulhachyk,forecasted,29.07 12:00,Сергей Сидельцев vs Павло Шульгачик,,,,2-3,hit,0,Сергей Сидельцев,Павло Шульгачик,1.9,1.8,bsportsfan-odds-frame,29.07 12:00,,,,,,,,СТАВИМ,1,start-collapse-salvage-v4-2026-07-28,collapse-or-strength-15-or-history-share-61_5-or-relative-form-h5-edge-10,,,,,,,0,,,,,,,,,,,,,,,,,,,,,,,,,,,,,,,
bsportsfan-telegram-prediction-games-610-1785446385942.csv,https://ru.bsportsfan.com/table-tennis/r/12316435/oleksandr-leonenko-vs-mykhailo-khalenko,forecasted,29.07 11:00,Олександр Леоненко vs Михаил Халенко,,,,3-2,hit,43,Олександр Леоненко,Михаил Халенко,1.57,2.25,bsportsfan-odds-frame,29.07 10:58,,,,,,,,СТАВИМ,1,start-collapse-salvage-v4-2026-07-28,collapse-or-strength-15-or-history-share-61_5-or-relative-form-h5-edge-10,,,,,,,1,,,,,,,,,,,,,,,,,,,,,,,,,,,,,,,
bsportsfan-telegram-prediction-games-610-1785446385942.csv,https://ru.bsportsfan.com/table-tennis/r/12316436/mykola-pohorilyi-vs-sergii-sideltsev,forecasted,29.07 11:00,Микола Погорилый vs Сергей Сидельцев,,,,2-3,hit,45,Микола Погорилый,Сергей Сидельцев,1.52,2.35,bsportsfan-odds-frame,29.07 11:49,,,,,,,,ПРОПУСК,0,start-collapse-salvage-v4-2026-07-28,collapse-or-strength-15-or-history-share-61_5-or-relative-form-h5-edge-10,,,,,,,1,,,,,,,,,,,,,,,,,,,,,,,,,,,,,,,
bsportsfan-telegram-prediction-games-610-1785446385942.csv,https://ru.bsportsfan.com/table-tennis/r/12316437/oleh-kurylenko-vs-serhii-miroshnychenko,forecasted,29.07 11:01,Олег Куриленко vs Сергей Мирошниченко,,,,3-2,hit,39,Олег Куриленко,Сергей Мирошниченко,1.48,2.45,bsportsfan-odds-frame,29.07 11:01,,,,,,,,СТАВИМ,1,start-collapse-salvage-v4-2026-07-28,collapse-or-strength-15-or-history-share-61_5-or-relative-form-h5-edge-10,,,,,,,0,,,,,,,,,,,,,,,,,,,,,,,,,,,,,,,
bsportsfan-telegram-prediction-games-610-1785446385942.csv,https://ru.bsportsfan.com/table-tennis/r/12316439/dmitro-kuzmenko-vs-serhii-maliuk,observed_only,29.07 10:49,Дмитро Кузьменко vs Сергей Малюк,,,,,,5,Дмитро Кузьменко,Сергей Малюк,,,,-,,,,,,,,,0,,,,,,,,,0,,,,,,,,,,,,,,,,,,,,,,,,,,,,,,,
bsportsfan-telegram-prediction-games-610-1785446385942.csv,https://ru.bsportsfan.com/table-tennis/r/12316440/vladyslav-kovalchuk-vs-oleksandr-storozhenko,forecasted,29.07 10:11,Владислав Ковальчук vs Александр Стороженко,,,,3-1,miss,25,Владислав Ковальчук,Александр Стороженко,1.9,1.8,bsportsfan-odds-frame,29.07 10:07,,,,,,,,ПРОПУСК,0,start-collapse-salvage-v4-2026-07-28,collapse-or-strength-15-or-history-share-61_5-or-relative-form-h5-edge-10,,,,,,,1,,,,,,,,,,,,,,,,,,,,,,,,,,,,,,,
bsportsfan-telegram-prediction-games-610-1785446385942.csv,https://ru.bsportsfan.com/table-tennis/r/12316441/kostiantyn-klymenko-vs-oleksandr-leonenko,forecasted,29.07 10:04,Константин Клименко vs Олександр Леоненко,,,,2-3,hit,47,Константин Клименко,Олександр Леоненко,2,1.727,bsportsfan-odds-frame,29.07 10:03,,,,,,,,СТАВИМ,1,start-collapse-salvage-v4-2026-07-28,collapse-or-strength-15-or-history-share-61_5-or-relative-form-h5-edge-10,,,,,,,0,,,,,,,,,,,,,,,,,,,,,,,,,,,,,,,
bsportsfan-telegram-prediction-games-610-1785446385942.csv,https://ru.bsportsfan.com/table-tennis/r/12316442/dmytro-prylepa-vs-oleh-kurylenko,forecasted,29.07 10:00,Дмитрий Прилепа vs Олег Куриленко,,,,1-3,miss,43,Дмитрий Прилепа,Олег Куриленко,1.6,2.2,bsportsfan-odds-frame,29.07 09:58,,,,,,,,СТАВИМ,1,start-collapse-salvage-v4-2026-07-28,collapse-or-strength-15-or-history-share-61_5-or-relative-form-h5-edge-10,,,,,,,0,,,,,,,,,,,,,,,,,,,,,,,,,,,,,,,
bsportsfan-telegram-prediction-games-610-1785446385942.csv,https://ru.bsportsfan.com/table-tennis/r/12316455/sergii-skhabitskiy-vs-oleksandr-ovsiienko,observed_only,29.07 09:55,Сергей Схабицкий vs Александр Овсиенко,,,,,,9,Сергей Схабицкий,Александр Овсиенко,,,,-,,,,,,,,,0,,,,,,,,,0,,,,,,,,,,,,,,,,,,,,,,,,,,,,,,,
bsportsfan-telegram-prediction-games-610-1785446385942.csv,https://ru.bsportsfan.com/table-tennis/r/12316457/orest-melnik-vs-serhii-kryvoshyi,observed_only,29.07 09:57,Орест Мельник vs Сергей Кривоший,,,,,,4,Орест Мельник,Сергей Кривоший,,,,-,,,,,,,,,0,,,,,,,,,0,,,,,,,,,,,,,,,,,,,,,,,,,,,,,,,
bsportsfan-telegram-prediction-games-610-1785446385942.csv,https://ru.bsportsfan.com/table-tennis/r/12316465/yurii-zvolynskyi-vs-sergii-sideltsev,forecasted,29.07 10:02,Юрий Зволинский vs Сергей Сидельцев,,,,1-3,hit,30,Юрий Зволинский,Сергей Сидельцев,2.6,1.444,bsportsfan-odds-frame,29.07 10:02,,,,,,,,СТАВИМ,1,start-collapse-salvage-v4-2026-07-28,collapse-or-strength-15-or-history-share-61_5-or-relative-form-h5-edge-10,,,,,,,1,,,,,,,,,,,,,,,,,,,,,,,,,,,,,,,
bsportsfan-telegram-prediction-games-610-1785446385942.csv,https://ru.bsportsfan.com/table-tennis/r/12316467/vasil-salivonchyk-vs-valerii-hel,forecasted,29.07 10:03,Василь Саливончик vs Валерий Хель,,,,0-3,hit,40,Василь Саливончик,Валерий Хель,2.625,1.444,bsportsfan-odds-frame,29.07 10:03,,,,,,,,ПРОПУСК,0,start-collapse-salvage-v4-2026-07-28,collapse-or-strength-15-or-history-share-61_5-or-relative-form-h5-edge-10,,,,,,,1,,,,,,,,,,,,,,,,,,,,,,,,,,,,,,,
bsportsfan-telegram-prediction-games-610-1785446385942.csv,https://ru.bsportsfan.com/table-tennis/r/12316473/yurii-holovatiuk-vs-rostislav-hasmanda,forecasted,29.07 17:31,Юрий Головатюк vs Ростислав Хасманда,,,,3-2,hit,20,Юрий Головатюк,Ростислав Хасманда,,,,-,,,,,,,,СТАВИМ,1,start-collapse-salvage-v4-2026-07-28,collapse-or-strength-15-or-history-share-61_5-or-relative-form-h5-edge-10,,,,,,,0,,,,,,,,,,,,,,,,,,,,,,,,,,,,,,,
bsportsfan-telegram-prediction-games-610-1785446385942.csv,https://ru.bsportsfan.com/table-tennis/r/12316474/orest-melnik-vs-myhailo-styranets,observed_only,29.07 14:34,Орест Мельник vs Михаил Стиранец,,,,,,12,Орест Мельник,Михаил Стиранец,,,,-,,,,,,,,,0,,,,,,,,,0,,,,,,,,,,,,,,,,,,,,,,,,,,,,,,,
bsportsfan-telegram-prediction-games-610-1785446385942.csv,https://ru.bsportsfan.com/table-tennis/r/12316479/dmytro-prylepa-vs-maksym-hubenko,forecasted,29.07 11:30,Дмитрий Прилепа vs Максим Губенко,,,,3-1,miss,50,Дмитрий Прилепа,Максим Губенко,2.6,1.444,bsportsfan-odds-frame,29.07 11:29,,,,,,,,СТАВИМ,1,start-collapse-salvage-v4-2026-07-28,collapse-or-strength-15-or-history-share-61_5-or-relative-form-h5-edge-10,,,,,,,1,,,,,,,,,,,,,,,,,,,,,,,,,,,,,,,
bsportsfan-telegram-prediction-games-610-1785446385942.csv,https://ru.bsportsfan.com/table-tennis/r/12316482/vladyslav-kovalchuk-vs-denys-maltsev,forecasted,29.07 11:35,Владислав Ковальчук vs Денис Мальцев,,,,3-0,miss,31,Владислав Ковальчук,Денис Мальцев,1.3,3.1,bsportsfan-odds-frame,29.07 11:34,,,,,,,,СТАВИМ,1,start-collapse-salvage-v4-2026-07-28,collapse-or-strength-15-or-history-share-61_5-or-relative-form-h5-edge-10,,,,,,,1,,,,,,,,,,,,,,,,,,,,,,,,,,,,,,,
bsportsfan-telegram-prediction-games-610-1785446385942.csv,https://ru.bsportsfan.com/table-tennis/r/12316484/spartak-abalmaz-vs-yan-krol,forecasted,29.07 00:36,Спартак Абальмаз vs Ян Крол,,,,3-1,hit,37,Спартак Абальмаз,Ян Крол,1.85,1.8,bsportsfan-odds-frame,29.07 00:34,,,,,,,,ПРОПУСК,0,start-collapse-salvage-v4-2026-07-28,collapse-or-strength-15-or-history-share-61_5-or-relative-form-h5-edge-10,,,,,,,0,,,,,,,,,,,,,,,,,,,,,,,,,,,,,,,
bsportsfan-telegram-prediction-games-610-1785446385942.csv,https://ru.bsportsfan.com/table-tennis/r/12316485/oleh-miklukha-vs-oleksandr-leonenko,forecasted,29.07 12:02,Олег Миклуха vs Олександр Леоненко,,,,3-0,miss,0,Олег Миклуха,Олександр Леоненко,2.375,1.52,bsportsfan-odds-frame,29.07 12:02,,,,,,,,СТАВИМ,1,start-collapse-salvage-v4-2026-07-28,collapse-or-strength-15-or-history-share-61_5-or-relative-form-h5-edge-10,,,,,,,1,,,,,,,,,,,,,,,,,,,,,,,,,,,,,,,
bsportsfan-telegram-prediction-games-610-1785446385942.csv,https://ru.bsportsfan.com/table-tennis/r/12316486/yurii-parahailo-vs-yaroslav-tebenko,observed_only,29.07 10:47,Юрий Парахайло vs Ярослав Тебенко,,,,,,9,Юрий Парахайло,Ярослав Тебенко,,,,-,,,,,,,,,0,,,,,,,,,0,,,,,,,,,,,,,,,,,,,,,,,,,,,,,,,
bsportsfan-telegram-prediction-games-610-1785446385942.csv,https://ru.bsportsfan.com/table-tennis/r/12316492/yaroslav-tebenko-vs-oleksii-rodin,forecasted,29.07 14:35,Ярослав Тебенко vs Алексей Родин,,,,3-1,miss,27,Ярослав Тебенко,Алексей Родин,3,1.35,bsportsfan-odds-frame,29.07 14:35,,,,,,,,СТАВИМ,1,start-collapse-salvage-v4-2026-07-28,collapse-or-strength-15-or-history-share-61_5-or-relative-form-h5-edge-10,,,,,,,1,,,,,,,,,,,,,,,,,,,,,,,,,,,,,,,
bsportsfan-telegram-prediction-games-610-1785446385942.csv,https://ru.bsportsfan.com/table-tennis/r/12316495/oleksandr-storozhenko-vs-oleksii-rodin,forecasted,29.07 11:05,Александр Стороженко vs Алексей Родин,,,,0-3,hit,24,Александр Стороженко,Алексей Родин,2.5,1.48,bsportsfan-odds-frame,29.07 11:04,,,,,,,,СТАВИМ,1,start-collapse-salvage-v4-2026-07-28,collapse-or-strength-15-or-history-share-61_5-or-relative-form-h5-edge-10,,,,,,,1,,,,,,,,,,,,,,,,,,,,,,,,,,,,,,,
bsportsfan-telegram-prediction-games-610-1785446385942.csv,https://ru.bsportsfan.com/table-tennis/r/12316497/yaroslav-tebenko-vs-denys-maltsev,observed_only,29.07 09:55,Ярослав Тебенко vs Денис Мальцев,,,,,,14,Ярослав Тебенко,Денис Мальцев,,,,-,,,,,,,,,0,,,,,,,,,0,,,,,,,,,,,,,,,,,,,,,,,,,,,,,,,
bsportsfan-telegram-prediction-games-610-1785446385942.csv,https://ru.bsportsfan.com/table-tennis/r/12316636/julius-didi-vs-tomas-regner,forecasted,29.07 18:30,Юлиус Диди vs Томаш Регнер,,,,3-1,hit,3,Юлиус Диди,Томаш Регнер,2.35,1.52,bsportsfan-odds,29.07 18:30,,,,,,,,СТАВИМ,1,start-collapse-salvage-v4-2026-07-28,collapse-or-strength-15-or-history-share-61_5-or-relative-form-h5-edge-10,,,,,,,0,,,,,,,,,,,,,,,,,,,,,,,,,,,,,,,
bsportsfan-telegram-prediction-games-610-1785446385942.csv,https://ru.bsportsfan.com/table-tennis/r/12316641/libor-prikasky-vs-jakub-vales,forecasted,29.07 15:30,Либор Прикаски vs Якуб Велес,,,,0-3,hit,0,Либор Прикаски,Якуб Велес,2.525,1.445,bsportsfan-odds-frame,29.07 15:29,,,,,,,,СТАВИМ,1,start-collapse-salvage-v4-2026-07-28,collapse-or-strength-15-or-history-share-61_5-or-relative-form-h5-edge-10,,,,,,,1,,,,,,,,,,,,,,,,,,,,,,,,,,,,,,,
bsportsfan-telegram-prediction-games-610-1785446385942.csv,https://ru.bsportsfan.com/table-tennis/r/12316643/radomir-revay-vs-tomas-dousek,observed_only,29.07 14:34,Радомир Ревай vs Томаш Доусек,,,,,,28,Радомир Ревай,Томаш Доусек,,,,-,,,,,,,,,0,,,,,,,,,0,,,,,,,,,,,,,,,,,,,,,,,,,,,,,,,
bsportsfan-telegram-prediction-games-610-1785446385942.csv,https://ru.bsportsfan.com/table-tennis/r/12316649/zdenek-bilek-vs-tomas-kos,forecasted,29.07 21:30,Зденек Билек vs Томаш Кос,,,,3-2,hit,41,Зденек Билек,Томаш Кос,,,,-,,,,,,,,СТАВИМ,1,start-collapse-salvage-v4-2026-07-28,collapse-or-strength-15-or-history-share-61_5-or-relative-form-h5-edge-10,,,,,,,1,,,,,,,,,,,,,,,,,,,,,,,,,,,,,,,
bsportsfan-telegram-prediction-games-610-1785446385942.csv,https://ru.bsportsfan.com/table-tennis/r/12316651/martin-sychra-vs-denis-hofman,observed_only,29.07 14:34,Мартин Сихра vs Денис Хофман,,,,,,9,Мартин Сихра,Денис Хофман,,,,-,,,,,,,,,0,,,,,,,,,0,,,,,,,,,,,,,,,,,,,,,,,,,,,,,,,
bsportsfan-telegram-prediction-games-610-1785446385942.csv,https://ru.bsportsfan.com/table-tennis/r/12316658/oleksandr-kolisnyk-vs-michal-zahradka,observed_only,30.07 01:41,Александр Колисник vs Михал Захрадка,,,,,,1,Александр Колисник,Михал Захрадка,,,,-,,,,,,,,,0,,,,,,,,,0,,,,,,,,,,,,,,,,,,,,,,,,,,,,,,,
bsportsfan-telegram-prediction-games-610-1785446385942.csv,https://ru.bsportsfan.com/table-tennis/r/12316662/denis-hofman-vs-jiri-louda,forecasted,29.07 18:30,Денис Хофман vs Жири Лоуда,,,,,,7,Денис Хофман,Жири Лоуда,2.1,1.65,bsportsfan-odds,29.07 18:29,,,,,,,,ПРОПУСК,0,start-collapse-salvage-v4-2026-07-28,collapse-or-strength-15-or-history-share-61_5-or-relative-form-h5-edge-10,,,,,,,1,,,,,,,,,,,,,,,,,,,,,,,,,,,,,,,
bsportsfan-telegram-prediction-games-610-1785446385942.csv,https://ru.bsportsfan.com/table-tennis/r/12316663/tibor-kolenic-vs-yurii-holovatiuk,observed_only,29.07 18:06,Тибор Коленич vs Юрий Головатюк,,,,,,23,Тибор Коленич,Юрий Головатюк,,,,-,,,,,,,,,0,,,,,,,,,0,,,,,,,,,,,,,,,,,,,,,,,,,,,,,,,
bsportsfan-telegram-prediction-games-610-1785446385942.csv,https://ru.bsportsfan.com/table-tennis/r/12316671/jan-zajicek-vs-josef-medek,observed_only,29.07 21:03,Ян Зайчек vs Йозеф Медек,,,,,,37,Ян Зайчек,Йозеф Медек,,,,-,,,,,,,,,0,,,,,,,,,0,,,,,,,,,,,,,,,,,,,,,,,,,,,,,,,
bsportsfan-telegram-prediction-games-610-1785446385942.csv,https://ru.bsportsfan.com/table-tennis/r/12316672/jan-framberk-vs-martin-stefek,forecasted,29.07 21:30,Ян Фрамберк vs Мартин Штефек,,,,,,40,Ян Фрамберк,Мартин Штефек,,,,-,,,,,,,,ПРОПУСК,0,start-collapse-salvage-v4-2026-07-28,collapse-or-strength-15-or-history-share-61_5-or-relative-form-h5-edge-10,,,,,,,0,,,,,,,,,,,,,,,,,,,,,,,,,,,,,,,
bsportsfan-telegram-prediction-games-610-1785446385942.csv,https://ru.bsportsfan.com/table-tennis/r/12316673/martin-stefek-vs-jan-framberk,observed_only,29.07 18:06,Мартин Штефек vs Ян Фрамберк,,,,,,25,Мартин Штефек,Ян Фрамберк,,,,-,,,,,,,,,0,,,,,,,,,0,,,,,,,,,,,,,,,,,,,,,,,,,,,,,,,
bsportsfan-telegram-prediction-games-610-1785446385942.csv,https://ru.bsportsfan.com/table-tennis/r/12316677/tomas-regner-vs-martin-stefek,forecasted,29.07 17:00,Томаш Регнер vs Мартин Штефек,,,,,,35,Томаш Регнер,Мартин Штефек,1.695,2,bsportsfan-odds,29.07 17:00,,,,,,,,ПРОПУСК,0,start-collapse-salvage-v4-2026-07-28,collapse-or-strength-15-or-history-share-61_5-or-relative-form-h5-edge-10,,,,,,,1,,,,,,,,,,,,,,,,,,,,,,,,,,,,,,,
bsportsfan-telegram-prediction-games-610-1785446385942.csv,https://ru.bsportsfan.com/table-tennis/r/12316681/jiri-grohsgott-vs-jiri-svec,forecasted,29.07 21:31,Иржи Грохсготт vs Иржи Швец,,,,3-0,hit,31,Иржи Грохсготт,Иржи Швец,,,,-,,,,,,,,СТАВИМ,1,start-collapse-salvage-v4-2026-07-28,collapse-or-strength-15-or-history-share-61_5-or-relative-form-h5-edge-10,,,,,,,0,,,,,,,,,,,,,,,,,,,,,,,,,,,,,,,
bsportsfan-telegram-prediction-games-610-1785446385942.csv,https://ru.bsportsfan.com/table-tennis/r/12316750/vaclav-hejda-jnr-vs-martin-sulc,observed_only,29.07 10:46,Вацлав Хейда мл. vs Мартин Сульк,,,,,,31,Вацлав Хейда мл.,Мартин Сульк,,,,-,,,,,,,,,0,,,,,,,,,0,,,,,,,,,,,,,,,,,,,,,,,,,,,,,,,
bsportsfan-telegram-prediction-games-610-1785446385942.csv,https://ru.bsportsfan.com/table-tennis/r/12316751/ondrej-varecka-vs-ales-langer,forecasted,29.07 09:55,Ондрей Варецка vs Алес Лангер,,,,2-3,hit,41,Ондрей Варецка,Алес Лангер,1.729,1.975,bsportsfan-odds-frame,29.07 09:54,,,,,,,,ПРОПУСК,0,start-collapse-salvage-v4-2026-07-28,collapse-or-strength-15-or-history-share-61_5-or-relative-form-h5-edge-10,,,,,,,0,,,,,,,,,,,,,,,,,,,,,,,,,,,,,,,
bsportsfan-telegram-prediction-games-610-1785446385942.csv,https://ru.bsportsfan.com/table-tennis/r/12316792/jan-marhol-vs-pavel-hala,forecasted,28.07 23:20,Ян Мархол vs Павел Хала,,,,3-2,hit,48,Ян Мархол,Павел Хала,,,,-,,,,,,,,СТАВИМ,1,start-collapse-salvage-v4-2026-07-28,collapse-or-strength-15-or-history-share-61_5-or-relative-form-h5-edge-10,,,,,,,1,,,,,,,,,,,,,,,,,,,,,,,,,,,,,,,
bsportsfan-telegram-prediction-games-610-1785446385942.csv,https://ru.bsportsfan.com/table-tennis/r/12316804/patrik-sturma-vs-miroslav-dolezal,forecasted,29.07 00:06,Патрик Штурма vs Мирослав Долезал,,,,3-2,hit,42,Патрик Штурма,Мирослав Долезал,,,,-,,,,,,,,ПРОПУСК,0,start-collapse-salvage-v4-2026-07-28,collapse-or-strength-15-or-history-share-61_5-or-relative-form-h5-edge-10,,,,,,,0,,,,,,,,,,,,,,,,,,,,,,,,,,,,,,,
bsportsfan-telegram-prediction-games-610-1785446385942.csv,https://ru.bsportsfan.com/table-tennis/r/12316805/lukas-krupnik-jnr-vs-jiri-matus,observed_only,28.07 23:41,Лукаш Крупник-мл. vs Йири Матус,,,,,,26,Лукаш Крупник-мл.,Йири Матус,,,,-,,,,,,,,,0,,,,,,,,,0,,,,,,,,,,,,,,,,,,,,,,,,,,,,,,,
bsportsfan-telegram-prediction-games-610-1785446385942.csv,https://ru.bsportsfan.com/table-tennis/r/12316819/jan-mares-vs-vaclav-coubal,forecasted,28.07 23:42,Ян Мареш vs Вацлав Коубал,,,,1-3,hit,29,Ян Мареш,Вацлав Коубал,,,,-,,,,,,,,СТАВИМ,1,start-collapse-salvage-v4-2026-07-28,collapse-or-strength-15-or-history-share-61_5-or-relative-form-h5-edge-10,,,,,,,1,,,,,,,,,,,,,,,,,,,,,,,,,,,,,,,
bsportsfan-telegram-prediction-games-610-1785446385942.csv,https://ru.bsportsfan.com/table-tennis/r/12316849/marek-cizek-vs-vit-herrmann,forecasted,28.07 23:55,Марек Чизек vs Вит Херрманн,,,,1-3,hit,40,Марек Чизек,Вит Херрманн,1.926,1.767,bsportsfan-odds-frame,28.07 23:55,,,,,,,,СТАВИМ,1,start-collapse-salvage-v4-2026-07-28,collapse-or-strength-15-or-history-share-61_5-or-relative-form-h5-edge-10,,,,,,,1,,,,,,,,,,,,,,,,,,,,,,,,,,,,,,,
bsportsfan-telegram-prediction-games-610-1785446385942.csv,https://ru.bsportsfan.com/table-tennis/r/12316855/vlastimil-kolar-vs-richard-wagner,forecasted,29.07 00:30,Властимил Колар vs Рихард Вагнер,,,,1-3,hit,31,Властимил Колар,Рихард Вагнер,1.16,4.25,bsportsfan-odds-frame,29.07 00:28,,,,,,,,СТАВИМ,1,start-collapse-salvage-v4-2026-07-28,collapse-or-strength-15-or-history-share-61_5-or-relative-form-h5-edge-10,,,,,,,1,,,,,,,,,,,,,,,,,,,,,,,,,,,,,,,
bsportsfan-telegram-prediction-games-610-1785446385942.csv,https://ru.bsportsfan.com/table-tennis/r/12316856/michal-vondrak-vs-viktor-vejvoda,forecasted,29.07 00:00,Михал Вондрак vs Виктор Вейвода,,,,0-3,miss,35,Михал Вондрак,Виктор Вейвода,,,,-,,,,,,,,СТАВИМ,1,start-collapse-salvage-v4-2026-07-28,collapse-or-strength-15-or-history-share-61_5-or-relative-form-h5-edge-10,,,,,,,0,,,,,,,,,,,,,,,,,,,,,,,,,,,,,,,
bsportsfan-telegram-prediction-games-610-1785446385942.csv,https://ru.bsportsfan.com/table-tennis/r/12316869/milan-fisera-vs-rostislav-hasmanda,forecasted,29.07 00:00,Милан Фисера vs Ростислав Хасманда,,,,1-3,miss,38,Милан Фисера,Ростислав Хасманда,,,,-,,,,,,,,ПРОПУСК,0,start-collapse-salvage-v4-2026-07-28,collapse-or-strength-15-or-history-share-61_5-or-relative-form-h5-edge-10,,,,,,,0,,,,,,,,,,,,,,,,,,,,,,,,,,,,,,,
bsportsfan-telegram-prediction-games-610-1785446385942.csv,https://ru.bsportsfan.com/table-tennis/r/12316870/petr-vicherek-vs-marek-zaskodny,forecasted,29.07 00:00,Петр Вичерек vs Марек Заскодный,,,,2-3,hit,47,Петр Вичерек,Марек Заскодный,1.727,2,bsportsfan-odds-frame,29.07 00:03,,,,,,,,ПРОПУСК,0,start-collapse-salvage-v4-2026-07-28,collapse-or-strength-15-or-history-share-61_5-or-relative-form-h5-edge-10,,,,,,,0,,,,,,,,,,,,,,,,,,,,,,,,,,,,,,,
bsportsfan-telegram-prediction-games-610-1785446385942.csv,https://ru.bsportsfan.com/table-tennis/r/12316871/michal-chalupa-vs-david-szotek,forecasted,29.07 00:00,Михал Халупа vs Дэвид Шотек,,,,2-3,hit,35,Михал Халупа,Дэвид Шотек,1.935,1.75,bsportsfan-odds-frame,29.07 00:03,,,,,,,,ПРОПУСК,0,start-collapse-salvage-v4-2026-07-28,collapse-or-strength-15-or-history-share-61_5-or-relative-form-h5-edge-10,,,,,,,0,,,,,,,,,,,,,,,,,,,,,,,,,,,,,,,
bsportsfan-telegram-prediction-games-610-1785446385942.csv,https://ru.bsportsfan.com/table-tennis/r/12316872/martin-jirasek-vs-radek-vosyka,forecasted,29.07 00:36,Мартин Джирасек vs Радек Восыка,,,,3-1,hit,42,Мартин Джирасек,Радек Восыка,2.28,1.51,bsportsfan-odds-frame,29.07 00:34,,,,,,,,ПРОПУСК,0,start-collapse-salvage-v4-2026-07-28,collapse-or-strength-15-or-history-share-61_5-or-relative-form-h5-edge-10,,,,,,,0,,,,,,,,,,,,,,,,,,,,,,,,,,,,,,,
bsportsfan-telegram-prediction-games-610-1785446385942.csv,https://ru.bsportsfan.com/table-tennis/r/12316881/rostislav-niezgoda-vs-david-sarganek,forecasted,29.07 00:30,Ростислав Нежгода vs Давид Сарганек,,,,0-3,miss,25,Ростислав Нежгода,Давид Сарганек,1.77,1.87,bsportsfan-odds-frame,29.07 00:29,,,,,,,,ПРОПУСК,0,start-collapse-salvage-v4-2026-07-28,collapse-or-strength-15-or-history-share-61_5-or-relative-form-h5-edge-10,,,,,,,0,,,,,,,,,,,,,,,,,,,,,,,,,,,,,,,
bsportsfan-telegram-prediction-games-610-1785446385942.csv,https://ru.bsportsfan.com/table-tennis/r/12316889/lukas-tonar-vs-jakub-tazler,observed_only,29.07 00:39,Лукас Тонар vs Якуб Тазлер,,,,,,18,Лукас Тонар,Якуб Тазлер,,,,-,,,,,,,,,0,,,,,,,,,0,,,,,,,,,,,,,,,,,,,,,,,,,,,,,,,
bsportsfan-telegram-prediction-games-610-1785446385942.csv,https://ru.bsportsfan.com/table-tennis/r/12316900/marcel-cmil-vs-jakub-mejzlik,forecasted,29.07 00:10,Масел Кмил vs Якуб Мейзлик,,,,1-3,miss,38,Масел Кмил,Якуб Мейзлик,,,,-,,,,,,,,ПРОПУСК,0,start-collapse-salvage-v4-2026-07-28,collapse-or-strength-15-or-history-share-61_5-or-relative-form-h5-edge-10,,,,,,,0,,,,,,,,,,,,,,,,,,,,,,,,,,,,,,,
bsportsfan-telegram-prediction-games-610-1785446385942.csv,https://ru.bsportsfan.com/table-tennis/r/12316915/richard-skacelik-vs-adrian-walek,observed_only,29.07 00:48,Ричард Скаселик vs Адриан Валек,,,,,,25,Ричард Скаселик,Адриан Валек,,,,-,,,,,,,,,0,,,,,,,,,0,,,,,,,,,,,,,,,,,,,,,,,,,,,,,,,
bsportsfan-telegram-prediction-games-610-1785446385942.csv,https://ru.bsportsfan.com/table-tennis/r/12316917/martin-boltik-vs-tomas-barsa,forecasted,29.07 00:35,Мартин Болтик vs Томаш Барса,,,,2-3,hit,17,Мартин Болтик,Томаш Барса,1.275,3.45,bsportsfan-odds-frame,29.07 00:35,,,,,,,,ПРОПУСК,0,start-collapse-salvage-v4-2026-07-28,collapse-or-strength-15-or-history-share-61_5-or-relative-form-h5-edge-10,,,,,,,0,,,,,,,,,,,,,,,,,,,,,,,,,,,,,,,
bsportsfan-telegram-prediction-games-610-1785446385942.csv,https://ru.bsportsfan.com/table-tennis/r/12316930/jan-skvrna-vs-dominik-pawlik,forecasted,29.07 10:47,Ян Скврна vs Доминик Павлик,,,,1-3,miss,33,Ян Скврна,Доминик Павлик,1.79,1.862,bsportsfan-odds-frame,29.07 10:47,,,,,,,,ПРОПУСК,0,start-collapse-salvage-v4-2026-07-28,collapse-or-strength-15-or-history-share-61_5-or-relative-form-h5-edge-10,,,,,,,0,,,,,,,,,,,,,,,,,,,,,,,,,,,,,,,
bsportsfan-telegram-prediction-games-610-1785446385942.csv,https://ru.bsportsfan.com/table-tennis/r/12316931/jan-pribyl-vs-michal-macurak,forecasted,29.07 11:15,Ян Прибыл vs Михал Макурак,,,,0-3,miss,26,Ян Прибыл,Михал Макурак,1.445,2.575,bsportsfan-odds-frame,29.07 11:14,,,,,,,,ПРОПУСК,0,start-collapse-salvage-v4-2026-07-28,collapse-or-strength-15-or-history-share-61_5-or-relative-form-h5-edge-10,,,,,,,0,,,,,,,,,,,,,,,,,,,,,,,,,,,,,,,
bsportsfan-telegram-prediction-games-610-1785446385942.csv,https://ru.bsportsfan.com/table-tennis/r/12316932/tomas-molin-vs-vladislav-reska,forecasted,29.07 14:40,Томас Молин vs Владислав Реска,,,,0-3,miss,20,Томас Молин,Владислав Реска,1.53,2.24,bsportsfan-odds-frame,29.07 14:40,,,,,,,,ПРОПУСК,0,start-collapse-salvage-v4-2026-07-28,collapse-or-strength-15-or-history-share-61_5-or-relative-form-h5-edge-10,,,,,,,0,,,,,,,,,,,,,,,,,,,,,,,,,,,,,,,
bsportsfan-telegram-prediction-games-610-1785446385942.csv,https://ru.bsportsfan.com/table-tennis/r/12316933/pavel-benes-vs-michal-prochazka,observed_only,29.07 14:34,Павел Бенеш vs Михал Прохазка,,,,,,5,Павел Бенеш,Михал Прохазка,,,,-,,,,,,,,,0,,,,,,,,,0,,,,,,,,,,,,,,,,,,,,,,,,,,,,,,,
bsportsfan-telegram-prediction-games-610-1785446385942.csv,https://ru.bsportsfan.com/table-tennis/r/12316934/michal-brozek-vs-david-vesecky,forecasted,29.07 14:40,Михал Брозек vs Давид Весецки,,,,3-0,miss,20,Михал Брозек,Давид Весецки,2.95,1.35,bsportsfan-odds-frame,29.07 14:40,,,,,,,,ПРОПУСК,0,start-collapse-salvage-v4-2026-07-28,collapse-or-strength-15-or-history-share-61_5-or-relative-form-h5-edge-10,,,,,,,1,,,,,,,,,,,,,,,,,,,,,,,,,,,,,,,
bsportsfan-telegram-prediction-games-610-1785446385942.csv,https://ru.bsportsfan.com/table-tennis/r/12316943/frantisek-dvorak-vs-jan-osmera,observed_only,29.07 14:34,Франтишек Дворжак vs Ян Осмера,,,,,,21,Франтишек Дворжак,Ян Осмера,,,,-,,,,,,,,,0,,,,,,,,,0,,,,,,,,,,,,,,,,,,,,,,,,,,,,,,,
bsportsfan-telegram-prediction-games-610-1785446385942.csv,https://ru.bsportsfan.com/table-tennis/r/12316944/pavel-benes-vs-michal-brozek,observed_only,29.07 16:03,Павел Бенеш vs Михал Брозек,,,,,,13,Павел Бенеш,Михал Брозек,,,,-,,,,,,,,,0,,,,,,,,,0,,,,,,,,,,,,,,,,,,,,,,,,,,,,,,,
bsportsfan-telegram-prediction-games-610-1785446385942.csv,https://ru.bsportsfan.com/table-tennis/r/12316950/tomas-trnka-vs-jan-muska,forecasted,29.07 14:36,Томаш Трнка vs Ян Муска,,,,3-2,hit,24,Томаш Трнка,Ян Муска,1.8,1.833,bsportsfan-odds-frame,29.07 14:36,,,,,,,,ПРОПУСК,0,start-collapse-salvage-v4-2026-07-28,collapse-or-strength-15-or-history-share-61_5-or-relative-form-h5-edge-10,,,,,,,0,,,,,,,,,,,,,,,,,,,,,,,,,,,,,,,
bsportsfan-telegram-prediction-games-610-1785446385942.csv,https://ru.bsportsfan.com/table-tennis/r/12316954/lukas-dzida-vs-laurent-lasota,observed_only,29.07 15:24,Лукас Дзида vs Лоран Ласота,,,,,,5,Лукас Дзида,Лоран Ласота,,,,-,,,,,,,,,0,,,,,,,,,0,,,,,,,,,,,,,,,,,,,,,,,,,,,,,,,
bsportsfan-telegram-prediction-games-610-1785446385942.csv,https://ru.bsportsfan.com/table-tennis/r/12316955/frantisek-dvorak-vs-simon-holik,forecasted,29.07 15:25,Франтишек Дворжак vs Саймон Холик,,,,1-3,hit,33,Франтишек Дворжак,Саймон Холик,1.975,1.729,bsportsfan-odds-frame,29.07 15:25,,,,,,,,ПРОПУСК,0,start-collapse-salvage-v4-2026-07-28,collapse-or-strength-15-or-history-share-61_5-or-relative-form-h5-edge-10,,,,,,,1,,,,,,,,,,,,,,,,,,,,,,,,,,,,,,,
bsportsfan-telegram-prediction-games-610-1785446385942.csv,https://ru.bsportsfan.com/table-tennis/r/12316958/bruno-mrowetz-vs-tomas-lysek,observed_only,29.07 09:53,Бруно Мровец vs Томас Лысек,,,,,,17,Бруно Мровец,Томас Лысек,,,,-,,,,,,,,,0,,,,,,,,,0,,,,,,,,,,,,,,,,,,,,,,,,,,,,,,,
bsportsfan-telegram-prediction-games-610-1785446385942.csv,https://ru.bsportsfan.com/table-tennis/r/12316959/jan-skvrna-vs-jan-pribyl,observed_only,29.07 09:52,Ян Скврна vs Ян Прибыл,,,,,,23,Ян Скврна,Ян Прибыл,,,,-,,,,,,,,,0,,,,,,,,,0,,,,,,,,,,,,,,,,,,,,,,,,,,,,,,,
bsportsfan-telegram-prediction-games-610-1785446385942.csv,https://ru.bsportsfan.com/table-tennis/r/12316960/ondrej-varecka-vs-martin-sulc,forecasted,29.07 11:13,Ондрей Варецка vs Мартин Сульк,,,,0-3,hit,19,Ондрей Варецка,Мартин Сульк,1.31,3.1,bsportsfan-odds-frame,29.07 11:13,,,,,,,,ПРОПУСК,0,start-collapse-salvage-v4-2026-07-28,collapse-or-strength-15-or-history-share-61_5-or-relative-form-h5-edge-10,,,,,,,1,,,,,,,,,,,,,,,,,,,,,,,,,,,,,,,
bsportsfan-telegram-prediction-games-610-1785446385942.csv,https://ru.bsportsfan.com/table-tennis/r/12316962/lukas-kantor-vs-michal-raska,forecasted,29.07 10:10,Лукас Кантор vs Михал Рашка,,,,2-3,hit,31,Лукас Кантор,Михал Рашка,1.727,1.95,bsportsfan-odds-frame,29.07 10:09,,,,,,,,ПРОПУСК,0,start-collapse-salvage-v4-2026-07-28,collapse-or-strength-15-or-history-share-61_5-or-relative-form-h5-edge-10,,,,,,,1,,,,,,,,,,,,,,,,,,,,,,,,,,,,,,,
bsportsfan-telegram-prediction-games-610-1785446385942.csv,https://ru.bsportsfan.com/table-tennis/r/12316963/ondrej-varecka-vs-vaclav-hejda-jnr,observed_only,29.07 11:57,Ондрей Варецка vs Вацлав Хейда мл.,,,,,,18,Ондрей Варецка,Вацлав Хейда мл.,,,,-,,,,,,,,,0,,,,,,,,,0,,,,,,,,,,,,,,,,,,,,,,,,,,,,,,,
bsportsfan-telegram-prediction-games-610-1785446385942.csv,https://ru.bsportsfan.com/table-tennis/r/12316968/michal-macurak-vs-dominik-pawlik,forecasted,29.07 10:16,Михал Макурак vs Доминик Павлик,,,,3-1,miss,23,Михал Макурак,Доминик Павлик,2.19,1.571,bsportsfan-odds-frame,29.07 10:14,,,,,,,,ПРОПУСК,0,start-collapse-salvage-v4-2026-07-28,collapse-or-strength-15-or-history-share-61_5-or-relative-form-h5-edge-10,,,,,,,1,,,,,,,,,,,,,,,,,,,,,,,,,,,,,,,
bsportsfan-telegram-prediction-games-610-1785446385942.csv,https://ru.bsportsfan.com/table-tennis/r/12316970/ales-langer-vs-vaclav-hejda-jnr,observed_only,29.07 11:34,Алес Лангер vs Вацлав Хейда мл.,,,,,,28,Алес Лангер,Вацлав Хейда мл.,,,,-,,,,,,,,,0,,,,,,,,,0,,,,,,,,,,,,,,,,,,,,,,,,,,,,,,,
bsportsfan-telegram-prediction-games-610-1785446385942.csv,https://ru.bsportsfan.com/table-tennis/r/12316971/tomas-lysek-vs-lukas-kantor,forecasted,29.07 11:10,Томас Лысек vs Лукас Кантор,,,,3-0,miss,25,Томас Лысек,Лукас Кантор,1.85,1.8,bsportsfan-odds-frame,29.07 11:09,,,,,,,,ПРОПУСК,0,start-collapse-salvage-v4-2026-07-28,collapse-or-strength-15-or-history-share-61_5-or-relative-form-h5-edge-10,,,,,,,1,,,,,,,,,,,,,,,,,,,,,,,,,,,,,,,
bsportsfan-telegram-prediction-games-610-1785446385942.csv,https://ru.bsportsfan.com/table-tennis/r/12316973/bruno-mrowetz-vs-michal-raska,observed_only,29.07 10:46,Бруно Мровец vs Михал Рашка,,,,,,16,Бруно Мровец,Михал Рашка,,,,-,,,,,,,,,0,,,,,,,,,0,,,,,,,,,,,,,,,,,,,,,,,,,,,,,,,
bsportsfan-telegram-prediction-games-610-1785446385942.csv,https://ru.bsportsfan.com/table-tennis/r/12316974/david-vesecky-vs-michal-prochazka,forecasted,29.07 16:26,Давид Весецки vs Михал Прохазка,,,,,,30,Давид Весецки,Михал Прохазка,1.885,1.785,bsportsfan-odds,29.07 16:25,,,,,,,,ПРОПУСК,0,start-collapse-salvage-v4-2026-07-28,collapse-or-strength-15-or-history-share-61_5-or-relative-form-h5-edge-10,,,,,,,1,,,,,,,,,,,,,,,,,,,,,,,,,,,,,,,
bsportsfan-telegram-prediction-games-610-1785446385942.csv,https://ru.bsportsfan.com/table-tennis/r/12316975/martin-mastera-vs-jan-muska,observed_only,29.07 15:25,Мартин Мастера vs Ян Муска,,,,,,11,Мартин Мастера,Ян Муска,,,,-,,,,,,,,,0,,,,,,,,,0,,,,,,,,,,,,,,,,,,,,,,,,,,,,,,,
bsportsfan-telegram-prediction-games-610-1785446385942.csv,https://ru.bsportsfan.com/table-tennis/r/12316981/michal-prochazka-vs-michal-brozek,forecasted,29.07 15:25,Михал Прохазка vs Михал Брозек,,,,3-2,hit,18,Михал Прохазка,Михал Брозек,1.4,2.75,bsportsfan-odds-frame,29.07 15:24,,,,,,,,ПРОПУСК,0,start-collapse-salvage-v4-2026-07-28,collapse-or-strength-15-or-history-share-61_5-or-relative-form-h5-edge-10,,,,,,,0,,,,,,,,,,,,,,,,,,,,,,,,,,,,,,,
bsportsfan-telegram-prediction-games-610-1785446385942.csv,https://ru.bsportsfan.com/table-tennis/r/12316984/radim-urbaniec-vs-michal-kratochvil,forecasted,29.07 00:30,Радим Урбанец vs Мичал Краточвил,,,,3-2,hit,34,Радим Урбанец,Мичал Краточвил,,,,-,,,,,,,,СТАВИМ,1,start-collapse-salvage-v4-2026-07-28,collapse-or-strength-15-or-history-share-61_5-or-relative-form-h5-edge-10,,,,,,,0,,,,,,,,,,,,,,,,,,,,,,,,,,,,,,,
bsportsfan-telegram-prediction-games-610-1785446385942.csv,https://ru.bsportsfan.com/table-tennis/r/12316989/mihail-trinta-vs-frantisek-briza,forecasted,29.07 00:30,Михаил Тринта vs Франтишек Бриза,,,,3-2,hit,39,Михаил Тринта,Франтишек Бриза,,,,-,,,,,,,,СТАВИМ,1,start-collapse-salvage-v4-2026-07-28,collapse-or-strength-15-or-history-share-61_5-or-relative-form-h5-edge-10,,,,,,,0,,,,,,,,,,,,,,,,,,,,,,,,,,,,,,,
bsportsfan-telegram-prediction-games-610-1785446385942.csv,https://ru.bsportsfan.com/table-tennis/r/12317034/serhii-balabei-vs-serhii-kushnirenko,forecasted,29.07 16:30,Сергей Балабей vs Сергей Кушниренко,,,,3-0,hit,29,Сергей Балабей,Сергей Кушниренко,1.35,2.95,bsportsfan-odds,29.07 16:30,,,,,,,,СТАВИМ,1,start-collapse-salvage-v4-2026-07-28,collapse-or-strength-15-or-history-share-61_5-or-relative-form-h5-edge-10,,,,,,,0,,,,,,,,,,,,,,,,,,,,,,,,,,,,,,,
bsportsfan-telegram-prediction-games-610-1785446385942.csv,https://ru.bsportsfan.com/table-tennis/r/12317036/ondrej-mezera-vs-jan-krames-snr,observed_only,29.07 18:17,Ондрей Мезера vs Ян Крамес-старший,,,,,,30,Ондрей Мезера,Ян Крамес-старший,,,,-,,,,,,,,,0,,,,,,,,,0,,,,,,,,,,,,,,,,,,,,,,,,,,,,,,,
bsportsfan-telegram-prediction-games-610-1785446385942.csv,https://ru.bsportsfan.com/table-tennis/r/12317039/oleksandr-bondarchuk-vs-oleksandr-ivchuk,forecasted,29.07 17:34,Олександр Бондарчук vs Александр Ивчук,,,,3-1,hit,23,Олександр Бондарчук,Александр Ивчук,1.3,3.1,bsportsfan-odds,29.07 17:34,,,,,,,,СТАВИМ,1,start-collapse-salvage-v4-2026-07-28,collapse-or-strength-15-or-history-share-61_5-or-relative-form-h5-edge-10,,,,,,,0,,,,,,,,,,,,,,,,,,,,,,,,,,,,,,,
bsportsfan-telegram-prediction-games-610-1785446385942.csv,https://ru.bsportsfan.com/table-tennis/r/12317040/ihor-torhachov-vs-roman-boklah,observed_only,29.07 17:32,Игорь Торгачев vs Роман Боклах,,,,,,24,Игорь Торгачев,Роман Боклах,,,,-,,,,,,,,,0,,,,,,,,,0,,,,,,,,,,,,,,,,,,,,,,,,,,,,,,,
bsportsfan-telegram-prediction-games-610-1785446385942.csv,https://ru.bsportsfan.com/table-tennis/r/12317041/jan-krames-snr-vs-lukas-veigl,observed_only,29.07 16:47,Ян Крамес-старший vs Лукас Вейгл,,,,,,33,Ян Крамес-старший,Лукас Вейгл,,,,-,,,,,,,,,0,,,,,,,,,0,,,,,,,,,,,,,,,,,,,,,,,,,,,,,,,
bsportsfan-telegram-prediction-games-610-1785446385942.csv,https://ru.bsportsfan.com/table-tennis/r/12317042/jan-marhol-vs-martin-vorel,observed_only,29.07 14:34,Ян Мархол vs Мартин Ворел,,,,,,27,Ян Мархол,Мартин Ворел,,,,-,,,,,,,,,0,,,,,,,,,0,,,,,,,,,,,,,,,,,,,,,,,,,,,,,,,
bsportsfan-telegram-prediction-games-610-1785446385942.csv,https://ru.bsportsfan.com/table-tennis/r/12317046/leon-kolman-vs-matej-svitac,forecasted,29.07 14:45,Леон Колман vs Матей Свитац,,,,3-0,hit,4,Леон Колман,Матей Свитац,2.25,1.57,bsportsfan-odds-frame,29.07 14:44,,,,,,,,ПРОПУСК,0,start-collapse-salvage-v4-2026-07-28,collapse-or-strength-15-or-history-share-61_5-or-relative-form-h5-edge-10,,,,,,,0,,,,,,,,,,,,,,,,,,,,,,,,,,,,,,,
bsportsfan-telegram-prediction-games-610-1785446385942.csv,https://ru.bsportsfan.com/table-tennis/r/12317047/yurii-leymanovsky-vs-vladyslav-mishchenko,forecasted,29.07 11:21,Юрий Леймановский vs Владислав Мищенко,,,,3-0,hit,35,Юрий Леймановский,Владислав Мищенко,1.57,2.25,bsportsfan-odds-frame,29.07 11:19,,,,,,,,СТАВИМ,1,start-collapse-salvage-v4-2026-07-28,collapse-or-strength-15-or-history-share-61_5-or-relative-form-h5-edge-10,,,,,,,0,,,,,,,,,,,,,,,,,,,,,,,,,,,,,,,
bsportsfan-telegram-prediction-games-610-1785446385942.csv,https://ru.bsportsfan.com/table-tennis/r/12317049/serhii-maksymiv-vs-andrii-romanenko,forecasted,29.07 18:07,Сергей Максимив vs Андрей Романенко,,,,0-3,hit,31,Сергей Максимив,Андрей Романенко,1.615,2.15,bsportsfan-odds,29.07 18:07,,,,,,,,СТАВИМ,1,start-collapse-salvage-v4-2026-07-28,collapse-or-strength-15-or-history-share-61_5-or-relative-form-h5-edge-10,,,,,,,1,,,,,,,,,,,,,,,,,,,,,,,,,,,,,,,
bsportsfan-telegram-prediction-games-610-1785446385942.csv,https://ru.bsportsfan.com/table-tennis/r/12317050/andrii-romanenko-vs-oleksandr-pohonov,forecasted,29.07 17:06,Андрей Романенко vs Александр Похонов,,,,3-2,hit,27,Андрей Романенко,Александр Похонов,2.25,1.571,bsportsfan-odds,29.07 17:06,,,,,,,,СТАВИМ,1,start-collapse-salvage-v4-2026-07-28,collapse-or-strength-15-or-history-share-61_5-or-relative-form-h5-edge-10,,,,,,,0,,,,,,,,,,,,,,,,,,,,,,,,,,,,,,,
bsportsfan-telegram-prediction-games-610-1785446385942.csv,https://ru.bsportsfan.com/table-tennis/r/12317051/anatolii-kovalenko-vs-oleksandr-osadchyi,forecasted,29.07 11:37,Анатолий Коваленко vs Олександр Осадчий,,,,2-3,hit,35,Анатолий Коваленко,Олександр Осадчий,1.9,1.8,bsportsfan-odds-frame,29.07 11:33,,,,,,,,СТАВИМ,1,start-collapse-salvage-v4-2026-07-28,collapse-or-strength-15-or-history-share-61_5-or-relative-form-h5-edge-10,,,,,,,1,,,,,,,,,,,,,,,,,,,,,,,,,,,,,,,
bsportsfan-telegram-prediction-games-610-1785446385942.csv,https://ru.bsportsfan.com/table-tennis/r/12317056/andrii-lifanov-vs-yevhen-bielokon,forecasted,29.07 18:07,Андрей Лифанов vs Евгений Белоконь,,,,3-1,hit,32,Андрей Лифанов,Евгений Белоконь,1.5,2.4,bsportsfan-odds,29.07 18:07,,,,,,,,СТАВИМ,1,start-collapse-salvage-v4-2026-07-28,collapse-or-strength-15-or-history-share-61_5-or-relative-form-h5-edge-10,,,,,,,0,,,,,,,,,,,,,,,,,,,,,,,,,,,,,,,
bsportsfan-telegram-prediction-games-610-1785446385942.csv,https://ru.bsportsfan.com/table-tennis/r/12317057/ondrej-mezera-vs-lukas-veigl,forecasted,29.07 17:15,Ондрей Мезера vs Лукас Вейгл,,,,,,10,Ондрей Мезера,Лукас Вейгл,2.35,1.52,bsportsfan-odds,29.07 17:15,,,,,,,,ПРОПУСК,0,start-collapse-salvage-v4-2026-07-28,collapse-or-strength-15-or-history-share-61_5-or-relative-form-h5-edge-10,,,,,,,1,,,,,,,,,,,,,,,,,,,,,,,,,,,,,,,
bsportsfan-telegram-prediction-games-610-1785446385942.csv,https://ru.bsportsfan.com/table-tennis/r/12317058/yevhen-bielokon-vs-ivan-elfemov,forecasted,29.07 16:40,Евгений Белоконь vs Иван Ельфемов,,,,3-2,hit,41,Евгений Белоконь,Иван Ельфемов,2.6,1.444,bsportsfan-odds,29.07 16:40,,,,,,,,СТАВИМ,1,start-collapse-salvage-v4-2026-07-28,collapse-or-strength-15-or-history-share-61_5-or-relative-form-h5-edge-10,,,,,,,1,,,,,,,,,,,,,,,,,,,,,,,,,,,,,,,
bsportsfan-telegram-prediction-games-610-1785446385942.csv,https://ru.bsportsfan.com/table-tennis/r/12317059/frantisek-schmidtmayer-vs-karel-farsky,forecasted,29.07 16:32,Франтисек Шмидтмайер vs Карел Фарски,,,,3-1,hit,31,Франтисек Шмидтмайер,Карел Фарски,1.65,2.1,bsportsfan-odds,29.07 16:29,,,,,,,,СТАВИМ,1,start-collapse-salvage-v4-2026-07-28,collapse-or-strength-15-or-history-share-61_5-or-relative-form-h5-edge-10,,,,,,,0,,,,,,,,,,,,,,,,,,,,,,,,,,,,,,,
bsportsfan-telegram-prediction-games-610-1785446385942.csv,https://ru.bsportsfan.com/table-tennis/r/12317060/dmytro-khairov-vs-oleksandr-osadchyi,observed_only,29.07 15:24,Дмитрий Хаиров vs Олександр Осадчий,,,,,,9,Дмитрий Хаиров,Олександр Осадчий,,,,-,,,,,,,,,0,,,,,,,,,0,,,,,,,,,,,,,,,,,,,,,,,,,,,,,,,
bsportsfan-telegram-prediction-games-610-1785446385942.csv,https://ru.bsportsfan.com/table-tennis/r/12317062/matus-zelinka-vs-lukas-adam,forecasted,29.07 10:22,Матус Зелинка vs Лукас Адам,,,,3-1,miss,0,Матус Зелинка,Лукас Адам,1.52,2.35,bsportsfan-odds-frame,29.07 10:22,,,,,,,,ПРОПУСК,0,start-collapse-salvage-v4-2026-07-28,collapse-or-strength-15-or-history-share-61_5-or-relative-form-h5-edge-10,,,,,,,1,,,,,,,,,,,,,,,,,,,,,,,,,,,,,,,
bsportsfan-telegram-prediction-games-610-1785446385942.csv,https://ru.bsportsfan.com/table-tennis/r/12317063/serhii-maksymiv-vs-bohdan-chaikovskyi,forecasted,29.07 21:08,Сергей Максимив vs Богдан Чайковский,,,,3-0,miss,24,Сергей Максимив,Богдан Чайковский,1.571,2.25,bsportsfan-odds,29.07 21:05,,,,,,,,СТАВИМ,1,start-collapse-salvage-v4-2026-07-28,collapse-or-strength-15-or-history-share-61_5-or-relative-form-h5-edge-10,,,,,,,1,,,,,,,,,,,,,,,,,,,,,,,,,,,,,,,
bsportsfan-telegram-prediction-games-610-1785446385942.csv,https://ru.bsportsfan.com/table-tennis/r/12317065/serhii-maksymiv-vs-ihor-sukovatyi,forecasted,29.07 16:35,Сергей Максимив vs Игорь Суковатый,,,,0-3,hit,30,Сергей Максимив,Игорь Суковатый,1.666,2.1,bsportsfan-odds,29.07 16:34,,,,,,,,СТАВИМ,1,start-collapse-salvage-v4-2026-07-28,collapse-or-strength-15-or-history-share-61_5-or-relative-form-h5-edge-10,,,,,,,1,,,,,,,,,,,,,,,,,,,,,,,,,,,,,,,
bsportsfan-telegram-prediction-games-610-1785446385942.csv,https://ru.bsportsfan.com/table-tennis/r/12317066/lukas-veigl-vs-michal-makara,forecasted,29.07 10:02,Лукас Вейгл vs Михал Макара,,,,3-1,hit,41,Лукас Вейгл,Михал Макара,1.8,1.9,bsportsfan-odds-frame,29.07 10:02,,,,,,,,ПРОПУСК,0,start-collapse-salvage-v4-2026-07-28,collapse-or-strength-15-or-history-share-61_5-or-relative-form-h5-edge-10,,,,,,,0,,,,,,,,,,,,,,,,,,,,,,,,,,,,,,,
bsportsfan-telegram-prediction-games-610-1785446385942.csv,https://ru.bsportsfan.com/table-tennis/r/12317067/serhii-balabei-vs-serhii-ponomarenko,observed_only,29.07 18:06,Сергей Балабей vs Сергей Пономаренко,,,,,,11,Сергей Балабей,Сергей Пономаренко,,,,-,,,,,,,,,0,,,,,,,,,0,,,,,,,,,,,,,,,,,,,,,,,,,,,,,,,
bsportsfan-telegram-prediction-games-610-1785446385942.csv,https://ru.bsportsfan.com/table-tennis/r/12317068/dmytro-neborak-vs-oleksandr-bondarchuk,forecasted,29.07 16:32,Дмитрий Неборак vs Олександр Бондарчук,,,,0-3,hit,25,Дмитрий Неборак,Олександр Бондарчук,2.5,1.48,bsportsfan-odds,29.07 16:32,,,,,,,,СТАВИМ,1,start-collapse-salvage-v4-2026-07-28,collapse-or-strength-15-or-history-share-61_5-or-relative-form-h5-edge-10,,,,,,,1,,,,,,,,,,,,,,,,,,,,,,,,,,,,,,,
bsportsfan-telegram-prediction-games-610-1785446385942.csv,https://ru.bsportsfan.com/table-tennis/r/12317071/andrii-lifanov-vs-mykhailo-skliar,forecasted,29.07 16:06,Андрей Лифанов vs Михаил Скляр,,,,3-2,hit,51,Андрей Лифанов,Михаил Скляр,1.571,2.25,bsportsfan-odds,29.07 16:06,,,,,,,,СТАВИМ,1,start-collapse-salvage-v4-2026-07-28,collapse-or-strength-15-or-history-share-61_5-or-relative-form-h5-edge-10,,,,,,,1,,,,,,,,,,,,,,,,,,,,,,,,,,,,,,,
bsportsfan-telegram-prediction-games-610-1785446385942.csv,https://ru.bsportsfan.com/table-tennis/r/12317074/roman-konkulovskyi-vs-andrii-romanenko,forecasted,29.07 16:06,Роман Конкуловский vs Андрей Романенко,,,,2-3,hit,39,Роман Конкуловский,Андрей Романенко,2.45,1.48,bsportsfan-odds,29.07 16:06,,,,,,,,СТАВИМ,1,start-collapse-salvage-v4-2026-07-28,collapse-or-strength-15-or-history-share-61_5-or-relative-form-h5-edge-10,,,,,,,0,,,,,,,,,,,,,,,,,,,,,,,,,,,,,,,
bsportsfan-telegram-prediction-games-610-1785446385942.csv,https://ru.bsportsfan.com/table-tennis/r/12317075/andrii-fastov-vs-roman-boklah,observed_only,29.07 16:03,Андрий Фастов vs Роман Боклах,,,,,,38,Андрий Фастов,Роман Боклах,,,,-,,,,,,,,,0,,,,,,,,,0,,,,,,,,,,,,,,,,,,,,,,,,,,,,,,,
bsportsfan-telegram-prediction-games-610-1785446385942.csv,https://ru.bsportsfan.com/table-tennis/r/12317078/mykyta-zinov-vs-vitalii-s-marushchak,forecasted,29.07 11:52,Никита Зинов vs Виталий С. Марущак,,,,1-3,hit,24,Никита Зинов,Виталий С. Марущак,1.833,1.833,bsportsfan-odds-frame,29.07 11:50,,,,,,,,СТАВИМ,1,start-collapse-salvage-v4-2026-07-28,collapse-or-strength-15-or-history-share-61_5-or-relative-form-h5-edge-10,,,,,,,1,,,,,,,,,,,,,,,,,,,,,,,,,,,,,,,
bsportsfan-telegram-prediction-games-610-1785446385942.csv,https://ru.bsportsfan.com/table-tennis/r/12317079/lukas-rulc-vs-michal-makara,forecasted,29.07 11:00,Лукаш Рульц vs Михал Макара,,,,3-2,hit,37,Лукаш Рульц,Михал Макара,1.8,1.909,bsportsfan-odds-frame,29.07 11:50,,,,,,,,ПРОПУСК,0,start-collapse-salvage-v4-2026-07-28,collapse-or-strength-15-or-history-share-61_5-or-relative-form-h5-edge-10,,,,,,,1,,,,,,,,,,,,,,,,,,,,,,,,,,,,,,,
bsportsfan-telegram-prediction-games-610-1785446385942.csv,https://ru.bsportsfan.com/table-tennis/r/12317080/mykola-treshchetka-vs-oleh-maksymkiv,observed_only,29.07 18:06,Микола Трешчетка vs Олег Максимков,,,,,,21,Микола Трешчетка,Олег Максимков,,,,-,,,,,,,,,0,,,,,,,,,0,,,,,,,,,,,,,,,,,,,,,,,,,,,,,,,
bsportsfan-telegram-prediction-games-610-1785446385942.csv,https://ru.bsportsfan.com/table-tennis/r/12317082/michal-stibor-vs-lukas-veigl,observed_only,29.07 10:49,Майкл Стибор vs Лукас Вейгл,,,,,,3,Майкл Стибор,Лукас Вейгл,,,,-,,,,,,,,,0,,,,,,,,,0,,,,,,,,,,,,,,,,,,,,,,,,,,,,,,,
bsportsfan-telegram-prediction-games-610-1785446385942.csv,https://ru.bsportsfan.com/table-tennis/r/12317083/dmytro-khairov-vs-serhii-solomko,forecasted,29.07 10:06,Дмитрий Хаиров vs Сергей Соломко,,,,2-3,hit,37,Дмитрий Хаиров,Сергей Соломко,1.48,2.45,bsportsfan-odds-frame,29.07 10:07,,,,,,,,ПРОПУСК,0,start-collapse-salvage-v4-2026-07-28,collapse-or-strength-15-or-history-share-61_5-or-relative-form-h5-edge-10,,,,,,,0,,,,,,,,,,,,,,,,,,,,,,,,,,,,,,,
bsportsfan-telegram-prediction-games-610-1785446385942.csv,https://ru.bsportsfan.com/table-tennis/r/12317085/dmytro-kryshtal-vs-serhii-kushnirenko,forecasted,29.07 18:31,Дмитро Крышталь vs Сергей Кушниренко,,,,3-1,hit,3,Дмитро Крышталь,Сергей Кушниренко,1.6,2.2,bsportsfan-odds,29.07 18:31,,,,,,,,СТАВИМ,1,start-collapse-salvage-v4-2026-07-28,collapse-or-strength-15-or-history-share-61_5-or-relative-form-h5-edge-10,,,,,,,0,,,,,,,,,,,,,,,,,,,,,,,,,,,,,,,
bsportsfan-telegram-prediction-games-610-1785446385942.csv,https://ru.bsportsfan.com/table-tennis/r/12317086/vitalii-ananiev-vs-ihor-torhachov,forecasted,29.07 16:30,Виталий Ананьев vs Игорь Торгачев,,,,1-3,hit,35,Виталий Ананьев,Игорь Торгачев,3.3,1.285,bsportsfan-odds,29.07 16:28,,,,,,,,СТАВИМ,1,start-collapse-salvage-v4-2026-07-28,collapse-or-strength-15-or-history-share-61_5-or-relative-form-h5-edge-10,,,,,,,1,,,,,,,,,,,,,,,,,,,,,,,,,,,,,,,
bsportsfan-telegram-prediction-games-610-1785446385942.csv,https://ru.bsportsfan.com/table-tennis/r/12317088/anatolii-kovalenko-vs-serhii-solomko,forecasted,29.07 14:39,Анатолий Коваленко vs Сергей Соломко,,,,2-3,hit,25,Анатолий Коваленко,Сергей Соломко,1.833,1.833,bsportsfan-odds-frame,29.07 14:36,,,,,,,,ПРОПУСК,0,start-collapse-salvage-v4-2026-07-28,collapse-or-strength-15-or-history-share-61_5-or-relative-form-h5-edge-10,,,,,,,0,,,,,,,,,,,,,,,,,,,,,,,,,,,,,,,
bsportsfan-telegram-prediction-games-610-1785446385942.csv,https://ru.bsportsfan.com/table-tennis/r/12317091/oleksandr-shkurupii-vs-oleksandr-bondarchuk,forecasted,29.07 18:31,Александр Шкурупий vs Олександр Бондарчук,,,,1-3,hit,0,Александр Шкурупий,Олександр Бондарчук,1.9,1.8,bsportsfan-odds,29.07 18:30,,,,,,,,СТАВИМ,1,start-collapse-salvage-v4-2026-07-28,collapse-or-strength-15-or-history-share-61_5-or-relative-form-h5-edge-10,,,,,,,1,,,,,,,,,,,,,,,,,,,,,,,,,,,,,,,
bsportsfan-telegram-prediction-games-610-1785446385942.csv,https://ru.bsportsfan.com/table-tennis/r/12317092/oleksandr-maslovskyi-vs-danylo-kasian,observed_only,29.07 16:03,Александр Масловский vs Данило Касиан,,,,,,15,Александр Масловский,Данило Касиан,,,,-,,,,,,,,,0,,,,,,,,,0,,,,,,,,,,,,,,,,,,,,,,,,,,,,,,,
bsportsfan-telegram-prediction-games-610-1785446385942.csv,https://ru.bsportsfan.com/table-tennis/r/12317096/oleg-varlamov-vs-evhenii-hrytsenko,forecasted,29.07 18:10,Олег Варламов vs Евгений Гриценко,,,,,,29,Олег Варламов,Евгений Гриценко,1.8,1.9,bsportsfan-odds,29.07 18:09,,,,,,,,ПРОПУСК,0,start-collapse-salvage-v4-2026-07-28,collapse-or-strength-15-or-history-share-61_5-or-relative-form-h5-edge-10,,,,,,,1,,,,,,,,,,,,,,,,,,,,,,,,,,,,,,,
bsportsfan-telegram-prediction-games-610-1785446385942.csv,https://ru.bsportsfan.com/table-tennis/r/12317097/vitalii-ananiev-vs-serhii-priadko,observed_only,29.07 18:06,Виталий Ананьев vs Сергей Прядко,,,,,,14,Виталий Ананьев,Сергей Прядко,,,,-,,,,,,,,,0,,,,,,,,,0,,,,,,,,,,,,,,,,,,,,,,,,,,,,,,,
bsportsfan-telegram-prediction-games-610-1785446385942.csv,https://ru.bsportsfan.com/table-tennis/r/12317098/dmytro-belanchyk-vs-danylo-kasian,observed_only,29.07 17:30,Дмитро Беланчик vs Данило Касиан,,,,,,27,Дмитро Беланчик,Данило Касиан,,,,-,,,,,,,,,0,,,,,,,,,0,,,,,,,,,,,,,,,,,,,,,,,,,,,,,,,
bsportsfan-telegram-prediction-games-610-1785446385942.csv,https://ru.bsportsfan.com/table-tennis/r/12317101/michal-stibor-vs-lukas-rulc,observed_only,29.07 09:54,Майкл Стибор vs Лукаш Рульц,,,,,,4,Майкл Стибор,Лукаш Рульц,,,,-,,,,,,,,,0,,,,,,,,,0,,,,,,,,,,,,,,,,,,,,,,,,,,,,,,,
bsportsfan-telegram-prediction-games-610-1785446385942.csv,https://ru.bsportsfan.com/table-tennis/r/12317103/roman-konkulovskyi-vs-oleksandr-pohonov,forecasted,29.07 21:35,Роман Конкуловский vs Александр Похонов,,,,3-1,hit,39,Роман Конкуловский,Александр Похонов,,,,-,,,,,,,,СТАВИМ,1,start-collapse-salvage-v4-2026-07-28,collapse-or-strength-15-or-history-share-61_5-or-relative-form-h5-edge-10,,,,,,,0,,,,,,,,,,,,,,,,,,,,,,,,,,,,,,,
bsportsfan-telegram-prediction-games-610-1785446385942.csv,https://ru.bsportsfan.com/table-tennis/r/12317105/vojtech-toman-vs-ladislav-hendrych,forecasted,29.07 17:02,Войтех Томан vs Ладислав Хендрих,,,,3-0,miss,23,Войтех Томан,Ладислав Хендрих,1.533,2.35,bsportsfan-odds,29.07 17:02,,,,,,,,СТАВИМ,1,start-collapse-salvage-v4-2026-07-28,collapse-or-strength-15-or-history-share-61_5-or-relative-form-h5-edge-10,,,,,,,1,,,,,,,,,,,,,,,,,,,,,,,,,,,,,,,
bsportsfan-telegram-prediction-games-610-1785446385942.csv,https://ru.bsportsfan.com/table-tennis/r/12317107/lukas-adam-vs-ladislav-dobias,forecasted,29.07 10:03,Лукас Адам vs Ладислав Добиас,,,,1-3,hit,33,Лукас Адам,Ладислав Добиас,2,1.727,bsportsfan-odds-frame,29.07 10:03,,,,,,,,СТАВИМ,1,start-collapse-salvage-v4-2026-07-28,collapse-or-strength-15-or-history-share-61_5-or-relative-form-h5-edge-10,,,,,,,1,,,,,,,,,,,,,,,,,,,,,,,,,,,,,,,
bsportsfan-telegram-prediction-games-610-1785446385942.csv,https://ru.bsportsfan.com/table-tennis/r/12317110/dmytro-kryshtal-vs-roman-horokh,forecasted,29.07 16:03,Дмитро Крышталь vs Роман Хорокх,,,,3-0,miss,40,Дмитро Крышталь,Роман Хорокх,2.75,1.4,bsportsfan-odds,29.07 16:03,,,,,,,,СТАВИМ,1,start-collapse-salvage-v4-2026-07-28,collapse-or-strength-15-or-history-share-61_5-or-relative-form-h5-edge-10,,,,,,,1,,,,,,,,,,,,,,,,,,,,,,,,,,,,,,,
bsportsfan-telegram-prediction-games-610-1785446385942.csv,https://ru.bsportsfan.com/table-tennis/r/12317112/lukas-heinzl-vs-ladislav-dobias,forecasted,29.07 10:47,Лукас Хайнцль vs Ладислав Добиас,,,,1-3,hit,34,Лукас Хайнцль,Ладислав Добиас,2.2,1.6,bsportsfan-odds-frame,29.07 10:47,,,,,,,,СТАВИМ,1,start-collapse-salvage-v4-2026-07-28,collapse-or-strength-15-or-history-share-61_5-or-relative-form-h5-edge-10,,,,,,,1,,,,,,,,,,,,,,,,,,,,,,,,,,,,,,,
bsportsfan-telegram-prediction-games-610-1785446385942.csv,https://ru.bsportsfan.com/table-tennis/r/12317118/serhii-kushnirenko-vs-serhii-ponomarenko,forecasted,29.07 15:31,Сергей Кушниренко vs Сергей Пономаренко,,,,0-3,hit,0,Сергей Кушниренко,Сергей Пономаренко,10.75,1.018,bsportsfan-odds-frame,29.07 15:31,,,,,,,,СТАВИМ,1,start-collapse-salvage-v4-2026-07-28,collapse-or-strength-15-or-history-share-61_5-or-relative-form-h5-edge-10,,,,,,,1,,,,,,,,,,,,,,,,,,,,,,,,,,,,,,,
bsportsfan-telegram-prediction-games-610-1785446385942.csv,https://ru.bsportsfan.com/table-tennis/r/12317119/oleksandr-shkurupii-vs-illia-hermakivskyi,forecasted,29.07 17:01,Александр Шкурупий vs Илья Гермаковский,,,,3-0,miss,35,Александр Шкурупий,Илья Гермаковский,1.842,1.842,bsportsfan-odds,29.07 17:01,,,,,,,,СТАВИМ,1,start-collapse-salvage-v4-2026-07-28,collapse-or-strength-15-or-history-share-61_5-or-relative-form-h5-edge-10,,,,,,,1,,,,,,,,,,,,,,,,,,,,,,,,,,,,,,,
bsportsfan-telegram-prediction-games-610-1785446385942.csv,https://ru.bsportsfan.com/table-tennis/r/12317120/dmytro-belanchyk-vs-oleh-maksymkiv,observed_only,29.07 15:28,Дмитро Беланчик vs Олег Максимков,,,,,,10,Дмитро Беланчик,Олег Максимков,,,,-,,,,,,,,,0,,,,,,,,,0,,,,,,,,,,,,,,,,,,,,,,,,,,,,,,,
bsportsfan-telegram-prediction-games-610-1785446385942.csv,https://ru.bsportsfan.com/table-tennis/r/12317121/ivan-elfemov-vs-vitalii-sydorenko,forecasted,29.07 17:35,Иван Ельфемов vs Ваталий Сидоренко,,,,,,14,Иван Ельфемов,Ваталий Сидоренко,1.57,2.25,bsportsfan-odds,29.07 17:34,,,,,,,,ПРОПУСК,0,start-collapse-salvage-v4-2026-07-28,collapse-or-strength-15-or-history-share-61_5-or-relative-form-h5-edge-10,,,,,,,0,,,,,,,,,,,,,,,,,,,,,,,,,,,,,,,
bsportsfan-telegram-prediction-games-610-1785446385942.csv,https://ru.bsportsfan.com/table-tennis/r/12317122/oleksandr-maslovskyi-vs-dmytro-belanchyk,observed_only,29.07 18:29,Александр Масловский vs Дмитро Беланчик,,,,,,14,Александр Масловский,Дмитро Беланчик,,,,-,,,,,,,,,0,,,,,,,,,0,,,,,,,,,,,,,,,,,,,,,,,,,,,,,,,
bsportsfan-telegram-prediction-games-610-1785446385942.csv,https://ru.bsportsfan.com/table-tennis/r/12317123/andrii-fastov-vs-serhii-priadko,forecasted,29.07 17:02,Андрий Фастов vs Сергей Прядко,,,,0-3,hit,16,Андрий Фастов,Сергей Прядко,2.6,1.444,bsportsfan-odds,29.07 17:02,,,,,,,,СТАВИМ,1,start-collapse-salvage-v4-2026-07-28,collapse-or-strength-15-or-history-share-61_5-or-relative-form-h5-edge-10,,,,,,,1,,,,,,,,,,,,,,,,,,,,,,,,,,,,,,,
bsportsfan-telegram-prediction-games-610-1785446385942.csv,https://ru.bsportsfan.com/table-tennis/r/12317125/evhenii-hrytsenko-vs-volodymyr-maksiuta,observed_only,29.07 14:43,Евгений Гриценко vs Владимир Максюта,,,,,,18,Евгений Гриценко,Владимир Максюта,,,,-,,,,,,,,,0,,,,,,,,,0,,,,,,,,,,,,,,,,,,,,,,,,,,,,,,,
bsportsfan-telegram-prediction-games-610-1785446385942.csv,https://ru.bsportsfan.com/table-tennis/r/12317126/viktor-sharpai-vs-andrii-lifanov,forecasted,29.07 21:35,Виктор Шарпай vs Андрей Лифанов,,,,3-1,miss,34,Виктор Шарпай,Андрей Лифанов,,,,-,,,,,,,,СТАВИМ,1,start-collapse-salvage-v4-2026-07-28,collapse-or-strength-15-or-history-share-61_5-or-relative-form-h5-edge-10,,,,,,,1,,,,,,,,,,,,,,,,,,,,,,,,,,,,,,,
bsportsfan-telegram-prediction-games-610-1785446385942.csv,https://ru.bsportsfan.com/table-tennis/r/12317133/artem-yurkov-vs-andrii-hrabskyi,observed_only,29.07 14:34,Артем Юрков vs Андрей Грабский,,,,,,1,Артем Юрков,Андрей Грабский,,,,-,,,,,,,,,0,,,,,,,,,0,,,,,,,,,,,,,,,,,,,,,,,,,,,,,,,
bsportsfan-telegram-prediction-games-610-1785446385942.csv,https://ru.bsportsfan.com/table-tennis/r/12317134/oleksandr-bondarchuk-vs-illia-hermakivskyi,forecasted,29.07 15:31,Олександр Бондарчук vs Илья Гермаковский,,,,3-2,hit,0,Олександр Бондарчук,Илья Гермаковский,1.527,2.363,bsportsfan-odds-frame,29.07 15:29,,,,,,,,СТАВИМ,1,start-collapse-salvage-v4-2026-07-28,collapse-or-strength-15-or-history-share-61_5-or-relative-form-h5-edge-10,,,,,,,1,,,,,,,,,,,,,,,,,,,,,,,,,,,,,,,
bsportsfan-telegram-prediction-games-610-1785446385942.csv,https://ru.bsportsfan.com/table-tennis/r/12317135/ihor-emets-vs-anatolii-kovalenko,observed_only,29.07 10:46,Игорь Емец vs Анатолий Коваленко,,,,,,15,Игорь Емец,Анатолий Коваленко,,,,-,,,,,,,,,0,,,,,,,,,0,,,,,,,,,,,,,,,,,,,,,,,,,,,,,,,
bsportsfan-telegram-prediction-games-610-1785446385942.csv,https://ru.bsportsfan.com/table-tennis/r/12317137/mykola-treshchetka-vs-dmytro-belanchyk,observed_only,29.07 16:27,Микола Трешчетка vs Дмитро Беланчик,,,,,,41,Микола Трешчетка,Дмитро Беланчик,,,,-,,,,,,,,,0,,,,,,,,,0,,,,,,,,,,,,,,,,,,,,,,,,,,,,,,,
bsportsfan-telegram-prediction-games-610-1785446385942.csv,https://ru.bsportsfan.com/table-tennis/r/12317139/volodymyr-maksiuta-vs-maksym-deineha,observed_only,29.07 20:44,Владимир Максюта vs Максим Дейнеха,,,,,,45,Владимир Максюта,Максим Дейнеха,,,,-,,,,,,,,,0,,,,,,,,,0,,,,,,,,,,,,,,,,,,,,,,,,,,,,,,,
bsportsfan-telegram-prediction-games-610-1785446385942.csv,https://ru.bsportsfan.com/table-tennis/r/12317142/vitalii-s-marushchak-vs-artem-yurkov,observed_only,29.07 16:03,Виталий С. Марущак vs Артем Юрков,,,,,,16,Виталий С. Марущак,Артем Юрков,,,,-,,,,,,,,,0,,,,,,,,,0,,,,,,,,,,,,,,,,,,,,,,,,,,,,,,,
bsportsfan-telegram-prediction-games-610-1785446385942.csv,https://ru.bsportsfan.com/table-tennis/r/12317144/andrii-lifanov-vs-ivan-elfemov,observed_only,29.07 20:41,Андрей Лифанов vs Иван Ельфемов,,,,,,18,Андрей Лифанов,Иван Ельфемов,,,,-,,,,,,,,,0,,,,,,,,,0,,,,,,,,,,,,,,,,,,,,,,,,,,,,,,,
bsportsfan-telegram-prediction-games-610-1785446385942.csv,https://ru.bsportsfan.com/table-tennis/r/12317145/ihor-sukovatyi-vs-oleksandr-pohonov,observed_only,29.07 20:41,Игорь Суковатый vs Александр Похонов,,,,,,34,Игорь Суковатый,Александр Похонов,,,,-,,,,,,,,,0,,,,,,,,,0,,,,,,,,,,,,,,,,,,,,,,,,,,,,,,,
bsportsfan-telegram-prediction-games-610-1785446385942.csv,https://ru.bsportsfan.com/table-tennis/r/12317147/ihor-torhachov-vs-serhii-priadko,forecasted,29.07 15:30,Игорь Торгачев vs Сергей Прядко,,,,2-3,hit,0,Игорь Торгачев,Сергей Прядко,1.57,2.25,bsportsfan-odds-frame,29.07 15:30,,,,,,,,ПРОПУСК,0,start-collapse-salvage-v4-2026-07-28,collapse-or-strength-15-or-history-share-61_5-or-relative-form-h5-edge-10,,,,,,,1,,,,,,,,,,,,,,,,,,,,,,,,,,,,,,,
bsportsfan-telegram-prediction-games-610-1785446385942.csv,https://ru.bsportsfan.com/table-tennis/r/12317148/viktor-sharpai-vs-mykhailo-skliar,forecasted,29.07 17:10,Виктор Шарпай vs Михаил Скляр,,,,,,29,Виктор Шарпай,Михаил Скляр,1.608,2.2,bsportsfan-odds,29.07 17:06,,,,,,,,ПРОПУСК,0,start-collapse-salvage-v4-2026-07-28,collapse-or-strength-15-or-history-share-61_5-or-relative-form-h5-edge-10,,,,,,,0,,,,,,,,,,,,,,,,,,,,,,,,,,,,,,,
bsportsfan-telegram-prediction-games-610-1785446385942.csv,https://ru.bsportsfan.com/table-tennis/r/12317149/ondrej-mezera-vs-stepan-rejent,forecasted,29.07 16:15,Ондрей Мезера vs Степан Реджент,,,,1-3,hit,45,Ондрей Мезера,Степан Реджент,2.25,1.57,bsportsfan-odds,29.07 16:14,,,,,,,,СТАВИМ,1,start-collapse-salvage-v4-2026-07-28,collapse-or-strength-15-or-history-share-61_5-or-relative-form-h5-edge-10,,,,,,,1,,,,,,,,,,,,,,,,,,,,,,,,,,,,,,,
bsportsfan-telegram-prediction-games-610-1785446385942.csv,https://ru.bsportsfan.com/table-tennis/r/12317151/oleg-varlamov-vs-volodymyr-maksiuta,observed_only,29.07 16:43,Олег Варламов vs Владимир Максюта,,,,,,26,Олег Варламов,Владимир Максюта,,,,-,,,,,,,,,0,,,,,,,,,0,,,,,,,,,,,,,,,,,,,,,,,,,,,,,,,
bsportsfan-telegram-prediction-games-610-1785446385942.csv,https://ru.bsportsfan.com/table-tennis/r/12317153/oleksandr-maslovskyi-vs-oleh-maksymkiv,forecasted,29.07 16:56,Александр Масловский vs Олег Максимков,,,,0-3,miss,26,Александр Масловский,Олег Максимков,,,,-,,,,,,,,СТАВИМ,1,start-collapse-salvage-v4-2026-07-28,collapse-or-strength-15-or-history-share-61_5-or-relative-form-h5-edge-10,,,,,,,0,,,,,,,,,,,,,,,,,,,,,,,,,,,,,,,
bsportsfan-telegram-prediction-games-610-1785446385942.csv,https://ru.bsportsfan.com/table-tennis/r/12317154/oleksandr-zhyrnov-vs-evhenii-hrytsenko,forecasted,29.07 16:12,Александр Жирнов vs Евгений Гриценко,,,,,,32,Александр Жирнов,Евгений Гриценко,2,1.727,bsportsfan-odds,29.07 16:09,,,,,,,,ПРОПУСК,0,start-collapse-salvage-v4-2026-07-28,collapse-or-strength-15-or-history-share-61_5-or-relative-form-h5-edge-10,,,,,,,1,,,,,,,,,,,,,,,,,,,,,,,,,,,,,,,
bsportsfan-telegram-prediction-games-610-1785446385942.csv,https://ru.bsportsfan.com/table-tennis/r/12317159/evhenii-hrytsenko-vs-maksym-deineha,forecasted,29.07 17:10,Евгений Гриценко vs Максим Дейнеха,,,,,,30,Евгений Гриценко,Максим Дейнеха,1.573,2.275,bsportsfan-odds,29.07 17:09,,,,,,,,ПРОПУСК,0,start-collapse-salvage-v4-2026-07-28,collapse-or-strength-15-or-history-share-61_5-or-relative-form-h5-edge-10,,,,,,,0,,,,,,,,,,,,,,,,,,,,,,,,,,,,,,,
bsportsfan-telegram-prediction-games-610-1785446385942.csv,https://ru.bsportsfan.com/table-tennis/r/12317161/vitalii-s-marushchak-vs-andrii-hrabskyi,forecasted,29.07 10:51,Виталий С. Марущак vs Андрей Грабский,,,,3-1,hit,29,Виталий С. Марущак,Андрей Грабский,1.9,1.8,bsportsfan-odds-frame,29.07 10:48,,,,,,,,СТАВИМ,1,start-collapse-salvage-v4-2026-07-28,collapse-or-strength-15-or-history-share-61_5-or-relative-form-h5-edge-10,,,,,,,0,,,,,,,,,,,,,,,,,,,,,,,,,,,,,,,
bsportsfan-telegram-prediction-games-610-1785446385942.csv,https://ru.bsportsfan.com/table-tennis/r/12317162/eduard-populovskyi-vs-dmytro-khairov,forecasted,29.07 11:06,Эдуард Популовский vs Дмитрий Хаиров,,,,0-3,hit,29,Эдуард Популовский,Дмитрий Хаиров,1.65,2.1,bsportsfan-odds-frame,29.07 11:04,,,,,,,,СТАВИМ,1,start-collapse-salvage-v4-2026-07-28,collapse-or-strength-15-or-history-share-61_5-or-relative-form-h5-edge-10,,,,,,,1,,,,,,,,,,,,,,,,,,,,,,,,,,,,,,,
bsportsfan-telegram-prediction-games-610-1785446385942.csv,https://ru.bsportsfan.com/table-tennis/r/12317164/andrii-fastov-vs-ihor-torhachov,forecasted,29.07 18:30,Андрий Фастов vs Игорь Торгачев,,,,1-3,hit,3,Андрий Фастов,Игорь Торгачев,2.95,1.35,bsportsfan-odds,29.07 18:29,,,,,,,,СТАВИМ,1,start-collapse-salvage-v4-2026-07-28,collapse-or-strength-15-or-history-share-61_5-or-relative-form-h5-edge-10,,,,,,,1,,,,,,,,,,,,,,,,,,,,,,,,,,,,,,,
bsportsfan-telegram-prediction-games-610-1785446385942.csv,https://ru.bsportsfan.com/table-tennis/r/12317166/mykyta-zinov-vs-artem-yurkov,forecasted,29.07 10:22,Никита Зинов vs Артем Юрков,,,,3-1,miss,0,Никита Зинов,Артем Юрков,2.75,1.4,bsportsfan-odds-frame,29.07 10:19,,,,,,,,СТАВИМ,1,start-collapse-salvage-v4-2026-07-28,collapse-or-strength-15-or-history-share-61_5-or-relative-form-h5-edge-10,,,,,,,1,,,,,,,,,,,,,,,,,,,,,,,,,,,,,,,
bsportsfan-telegram-prediction-games-610-1785446385942.csv,https://ru.bsportsfan.com/table-tennis/r/12317167/bohdan-chaikovskyi-vs-roman-konkulovskyi,forecasted,29.07 17:35,Богдан Чайковский vs Роман Конкуловский,,,,,,18,Богдан Чайковский,Роман Конкуловский,2.2,1.6,bsportsfan-odds,29.07 17:34,,,,,,,,ПРОПУСК,0,start-collapse-salvage-v4-2026-07-28,collapse-or-strength-15-or-history-share-61_5-or-relative-form-h5-edge-10,,,,,,,1,,,,,,,,,,,,,,,,,,,,,,,,,,,,,,,
bsportsfan-telegram-prediction-games-610-1785446385942.csv,https://ru.bsportsfan.com/table-tennis/r/12317169/eduard-populovskyi-vs-oleksandr-osadchyi,observed_only,29.07 09:57,Эдуард Популовский vs Олександр Осадчий,,,,,,5,Эдуард Популовский,Олександр Осадчий,,,,-,,,,,,,,,0,,,,,,,,,0,,,,,,,,,,,,,,,,,,,,,,,,,,,,,,,
bsportsfan-telegram-prediction-games-610-1785446385942.csv,https://ru.bsportsfan.com/table-tennis/r/12317173/dmytro-kryshtal-vs-serhii-ponomarenko,forecasted,29.07 17:01,Дмитро Крышталь vs Сергей Пономаренко,,,,0-3,hit,21,Дмитро Крышталь,Сергей Пономаренко,9,1.035,bsportsfan-odds,29.07 16:59,,,,,,,,СТАВИМ,1,start-collapse-salvage-v4-2026-07-28,collapse-or-strength-15-or-history-share-61_5-or-relative-form-h5-edge-10,,,,,,,1,,,,,,,,,,,,,,,,,,,,,,,,,,,,,,,
bsportsfan-telegram-prediction-games-610-1785446385942.csv,https://ru.bsportsfan.com/table-tennis/r/12317174/oleksandr-shkurupii-vs-oleksandr-ivchuk,observed_only,29.07 16:04,Александр Шкурупий vs Александр Ивчук,,,,,,31,Александр Шкурупий,Александр Ивчук,,,,-,,,,,,,,,0,,,,,,,,,0,,,,,,,,,,,,,,,,,,,,,,,,,,,,,,,
bsportsfan-telegram-prediction-games-610-1785446385942.csv,https://ru.bsportsfan.com/table-tennis/r/12317175/mykhailo-skliar-vs-vitalii-sydorenko,forecasted,29.07 21:05,Михаил Скляр vs Ваталий Сидоренко,,,,3-2,hit,44,Михаил Скляр,Ваталий Сидоренко,1.437,2.613,bsportsfan-odds,29.07 21:04,,,,,,,,СТАВИМ,1,start-collapse-salvage-v4-2026-07-28,collapse-or-strength-15-or-history-share-61_5-or-relative-form-h5-edge-10,,,,,,,0,,,,,,,,,,,,,,,,,,,,,,,,,,,,,,,
bsportsfan-telegram-prediction-games-610-1785446385942.csv,https://ru.bsportsfan.com/table-tennis/r/12317180/jachym-juppa-vs-martin-melisek,observed_only,29.07 14:35,Яхим Джуппа vs Мартин Мелисек,,,,,,6,Яхим Джуппа,Мартин Мелисек,,,,-,,,,,,,,,0,,,,,,,,,0,,,,,,,,,,,,,,,,,,,,,,,,,,,,,,,
bsportsfan-telegram-prediction-games-610-1785446385942.csv,https://ru.bsportsfan.com/table-tennis/r/12317181/dmytro-neborak-vs-illia-hermakivskyi,observed_only,29.07 18:06,Дмитрий Неборак vs Илья Гермаковский,,,,,,19,Дмитрий Неборак,Илья Гермаковский,,,,-,,,,,,,,,0,,,,,,,,,0,,,,,,,,,,,,,,,,,,,,,,,,,,,,,,,
bsportsfan-telegram-prediction-games-610-1785446385942.csv,https://ru.bsportsfan.com/table-tennis/r/12317182/oleksandr-zhyrnov-vs-daniil-habrelyan,forecasted,29.07 17:40,Александр Жирнов vs Даниил Габрелян,,,,,,1,Александр Жирнов,Даниил Габрелян,1.4,2.75,bsportsfan-odds,29.07 17:42,,,,,,,,ПРОПУСК,0,start-collapse-salvage-v4-2026-07-28,collapse-or-strength-15-or-history-share-61_5-or-relative-form-h5-edge-10,,,,,,,0,,,,,,,,,,,,,,,,,,,,,,,,,,,,,,,
bsportsfan-telegram-prediction-games-610-1785446385942.csv,https://ru.bsportsfan.com/table-tennis/r/12317184/vladyslav-mishchenko-vs-andrii-hrabskyi,forecasted,29.07 15:23,Владислав Мищенко vs Андрей Грабский,,,,3-2,hit,22,Владислав Мищенко,Андрей Грабский,2,1.727,bsportsfan-odds-frame,29.07 15:23,,,,,,,,ПРОПУСК,0,start-collapse-salvage-v4-2026-07-28,collapse-or-strength-15-or-history-share-61_5-or-relative-form-h5-edge-10,,,,,,,1,,,,,,,,,,,,,,,,,,,,,,,,,,,,,,,
bsportsfan-telegram-prediction-games-610-1785446385942.csv,https://ru.bsportsfan.com/table-tennis/r/12317186/vladyslav-mishchenko-vs-vitalii-s-marushchak,forecasted,29.07 09:53,Владислав Мищенко vs Виталий С. Марущак,,,,0-3,hit,33,Владислав Мищенко,Виталий С. Марущак,2.35,1.52,bsportsfan-odds-frame,29.07 09:52,,,,,,,,СТАВИМ,1,start-collapse-salvage-v4-2026-07-28,collapse-or-strength-15-or-history-share-61_5-or-relative-form-h5-edge-10,,,,,,,1,,,,,,,,,,,,,,,,,,,,,,,,,,,,,,,
bsportsfan-telegram-prediction-games-610-1785446385942.csv,https://ru.bsportsfan.com/table-tennis/r/12317195/serhii-kushnirenko-vs-roman-horokh,observed_only,29.07 17:32,Сергей Кушниренко vs Роман Хорокх,,,,,,29,Сергей Кушниренко,Роман Хорокх,,,,-,,,,,,,,,0,,,,,,,,,0,,,,,,,,,,,,,,,,,,,,,,,,,,,,,,,
bsportsfan-telegram-prediction-games-610-1785446385942.csv,https://ru.bsportsfan.com/table-tennis/r/12317197/vojtech-toman-vs-karel-farsky,observed_only,29.07 18:06,Войтех Томан vs Карел Фарски,,,,,,34,Войтех Томан,Карел Фарски,,,,-,,,,,,,,,0,,,,,,,,,0,,,,,,,,,,,,,,,,,,,,,,,,,,,,,,,
bsportsfan-telegram-prediction-games-610-1785446385942.csv,https://ru.bsportsfan.com/table-tennis/r/12317201/petr-maly-vs-tadeas-bertho,observed_only,29.07 20:42,Петр Малы vs Тадеас Берто,,,,,,16,Петр Малы,Тадеас Берто,,,,-,,,,,,,,,0,,,,,,,,,0,,,,,,,,,,,,,,,,,,,,,,,,,,,,,,,
bsportsfan-telegram-prediction-games-610-1785446385942.csv,https://ru.bsportsfan.com/table-tennis/r/12317202/oleg-varlamov-vs-maksym-deineha,observed_only,29.07 15:26,Олег Варламов vs Максим Дейнеха,,,,,,3,Олег Варламов,Максим Дейнеха,,,,-,,,,,,,,,0,,,,,,,,,0,,,,,,,,,,,,,,,,,,,,,,,,,,,,,,,
bsportsfan-telegram-prediction-games-610-1785446385942.csv,https://ru.bsportsfan.com/table-tennis/r/12317205/matus-zelinka-vs-lukas-heinzl,observed_only,29.07 09:52,Матус Зелинка vs Лукас Хайнцль,,,,,,7,Матус Зелинка,Лукас Хайнцль,,,,-,,,,,,,,,0,,,,,,,,,0,,,,,,,,,,,,,,,,,,,,,,,,,,,,,,,
bsportsfan-telegram-prediction-games-610-1785446385942.csv,https://ru.bsportsfan.com/table-tennis/r/12317208/martin-vana-vs-adam-radkovsky,forecasted,29.07 21:45,Мартин Вана vs Адам Радковски,,,,3-1,miss,10,Мартин Вана,Адам Радковски,,,,-,,,,,,,,СТАВИМ,1,start-collapse-salvage-v4-2026-07-28,collapse-or-strength-15-or-history-share-61_5-or-relative-form-h5-edge-10,,,,,,,1,,,,,,,,,,,,,,,,,,,,,,,,,,,,,,,
bsportsfan-telegram-prediction-games-610-1785446385942.csv,https://ru.bsportsfan.com/table-tennis/r/12317209/oleksandr-melashenko-vs-dmytro-derevynskyi,forecasted,29.07 16:56,Александр Мелашенко vs Дмитрий Деревинский,,,,,,31,Александр Мелашенко,Дмитрий Деревинский,2.2,1.6,bsportsfan-odds,29.07 16:54,,,,,,,,ПРОПУСК,0,start-collapse-salvage-v4-2026-07-28,collapse-or-strength-15-or-history-share-61_5-or-relative-form-h5-edge-10,,,,,,,0,,,,,,,,,,,,,,,,,,,,,,,,,,,,,,,
bsportsfan-telegram-prediction-games-610-1785446385942.csv,https://ru.bsportsfan.com/table-tennis/r/12317217/anton-yakovenko-vs-dmytro-kim,observed_only,30.07 01:47,Антон Яковенко vs Дмитро Ким,,,,,,1,Антон Яковенко,Дмитро Ким,,,,-,,,,,,,,,0,,,,,,,,,0,,,,,,,,,,,,,,,,,,,,,,,,,,,,,,,
bsportsfan-telegram-prediction-games-610-1785446385942.csv,https://ru.bsportsfan.com/table-tennis/r/12317221/dominik-marasek-vs-pavel-oplt,forecasted,29.07 21:16,Доминик Марасек vs Павел Оплт,,,,3-1,miss,36,Доминик Марасек,Павел Оплт,2.2,1.6,bsportsfan-odds,29.07 21:16,,,,,,,,СТАВИМ,1,start-collapse-salvage-v4-2026-07-28,collapse-or-strength-15-or-history-share-61_5-or-relative-form-h5-edge-10,,,,,,,1,,,,,,,,,,,,,,,,,,,,,,,,,,,,,,,
bsportsfan-telegram-prediction-games-610-1785446385942.csv,https://ru.bsportsfan.com/table-tennis/r/12317225/mykyta-smyrnov-vs-serhii-berezynskyi,observed_only,30.07 01:26,Микита Смирнов vs Сергей Березинский,,,,,,1,Микита Смирнов,Сергей Березинский,,,,-,,,,,,,,,0,,,,,,,,,0,,,,,,,,,,,,,,,,,,,,,,,,,,,,,,,
bsportsfan-telegram-prediction-games-610-1785446385942.csv,https://ru.bsportsfan.com/table-tennis/r/12317239/petr-maly-vs-jan-botka,forecasted,29.07 21:30,Петр Малы vs Ян Ботка,,,,3-1,hit,38,Петр Малы,Ян Ботка,,,,-,,,,,,,,СТАВИМ,1,start-collapse-salvage-v4-2026-07-28,collapse-or-strength-15-or-history-share-61_5-or-relative-form-h5-edge-10,,,,,,,0,,,,,,,,,,,,,,,,,,,,,,,,,,,,,,,
bsportsfan-telegram-prediction-games-610-1785446385942.csv,https://ru.bsportsfan.com/table-tennis/r/12317240/frantisek-schmidtmayer-vs-ladislav-hendrych,forecasted,29.07 17:33,Франтисек Шмидтмайер vs Ладислав Хендрих,,,,1-3,miss,23,Франтисек Шмидтмайер,Ладислав Хендрих,1.833,1.833,bsportsfan-odds,29.07 17:33,,,,,,,,СТАВИМ,1,start-collapse-salvage-v4-2026-07-28,collapse-or-strength-15-or-history-share-61_5-or-relative-form-h5-edge-10,,,,,,,0,,,,,,,,,,,,,,,,,,,,,,,,,,,,,,,
bsportsfan-telegram-prediction-games-610-1785446385942.csv,https://ru.bsportsfan.com/table-tennis/r/12317241/yaroslav-stepanchuk-vs-kostiantyn-hrynenko,forecasted,29.07 16:26,Ярослав Степанчук vs Константин Гриненко,,,,0-3,hit,22,Ярослав Степанчук,Константин Гриненко,2.75,1.4,bsportsfan-odds,29.07 16:24,,,,,,,,СТАВИМ,1,start-collapse-salvage-v4-2026-07-28,collapse-or-strength-15-or-history-share-61_5-or-relative-form-h5-edge-10,,,,,,,1,,,,,,,,,,,,,,,,,,,,,,,,,,,,,,,
bsportsfan-telegram-prediction-games-610-1785446385942.csv,https://ru.bsportsfan.com/table-tennis/r/12317244/pavlo-ishchyk-vs-serhii-khandetskyi,observed_only,29.07 17:30,Павло Ишчик vs Сергей Хандецкий,,,,,,28,Павло Ишчик,Сергей Хандецкий,,,,-,,,,,,,,,0,,,,,,,,,0,,,,,,,,,,,,,,,,,,,,,,,,,,,,,,,
bsportsfan-telegram-prediction-games-610-1785446385942.csv,https://ru.bsportsfan.com/table-tennis/r/12317251/marek-cizek-vs-jan-botka,forecasted,29.07 21:02,Марек Чизек vs Ян Ботка,,,,3-2,hit,38,Марек Чизек,Ян Ботка,1.571,2.25,bsportsfan-odds,29.07 21:00,,,,,,,,СТАВИМ,1,start-collapse-salvage-v4-2026-07-28,collapse-or-strength-15-or-history-share-61_5-or-relative-form-h5-edge-10,,,,,,,0,,,,,,,,,,,,,,,,,,,,,,,,,,,,,,,
bsportsfan-telegram-prediction-games-610-1785446385942.csv,https://ru.bsportsfan.com/table-tennis/r/12317253/valerii-vlasenko-vs-anton-shypilov,forecasted,30.07 01:48,Валерий Власенко vs Антон Шипилов,,,,3-1,hit,0,Валерий Власенко,Антон Шипилов,,,,-,,,,,,,,СТАВИМ,1,start-collapse-salvage-v4-2026-07-28,collapse-or-strength-15-or-history-share-61_5-or-relative-form-h5-edge-10,,,,,,,0,,,,,,,,,,,,,,,,,,,,,,,,,,,,,,,
bsportsfan-telegram-prediction-games-610-1785446385942.csv,https://ru.bsportsfan.com/table-tennis/r/12317254/martin-vana-vs-pavel-oplt,forecasted,29.07 20:45,Мартин Вана vs Павел Оплт,,,,,,36,Мартин Вана,Павел Оплт,1.65,2.1,bsportsfan-odds,29.07 20:45,,,,,,,,ПРОПУСК,0,start-collapse-salvage-v4-2026-07-28,collapse-or-strength-15-or-history-share-61_5-or-relative-form-h5-edge-10,,,,,,,0,,,,,,,,,,,,,,,,,,,,,,,,,,,,,,,
bsportsfan-telegram-prediction-games-610-1785446385942.csv,https://ru.bsportsfan.com/table-tennis/r/12317256/serhii-khandetskyi-vs-kostiantyn-hrynenko,forecasted,29.07 18:25,Сергей Хандецкий vs Константин Гриненко,,,,3-0,miss,22,Сергей Хандецкий,Константин Гриненко,2.35,1.52,bsportsfan-odds,29.07 18:25,,,,,,,,СТАВИМ,1,start-collapse-salvage-v4-2026-07-28,collapse-or-strength-15-or-history-share-61_5-or-relative-form-h5-edge-10,,,,,,,1,,,,,,,,,,,,,,,,,,,,,,,,,,,,,,,
bsportsfan-telegram-prediction-games-610-1785446385942.csv,https://ru.bsportsfan.com/table-tennis/r/12317257/yaroslav-stepanchuk-vs-dmytro-derevynskyi,observed_only,29.07 18:06,Ярослав Степанчук vs Дмитрий Деревинский,,,,,,8,Ярослав Степанчук,Дмитрий Деревинский,,,,-,,,,,,,,,0,,,,,,,,,0,,,,,,,,,,,,,,,,,,,,,,,,,,,,,,,
bsportsfan-telegram-prediction-games-610-1785446385942.csv,https://ru.bsportsfan.com/table-tennis/r/12317258/frantisek-schmidtmayer-vs-vojtech-toman,forecasted,29.07 18:31,Франтисек Шмидтмайер vs Войтех Томан,,,,1-3,miss,3,Франтисек Шмидтмайер,Войтех Томан,1.8,1.9,bsportsfan-odds,29.07 18:30,,,,,,,,СТАВИМ,1,start-collapse-salvage-v4-2026-07-28,collapse-or-strength-15-or-history-share-61_5-or-relative-form-h5-edge-10,,,,,,,0,,,,,,,,,,,,,,,,,,,,,,,,,,,,,,,
bsportsfan-telegram-prediction-games-610-1785446385942.csv,https://ru.bsportsfan.com/table-tennis/r/12317262/oleksandr-melashenko-vs-serhii-khandetskyi,forecasted,29.07 21:25,Александр Мелашенко vs Сергей Хандецкий,,,,1-3,hit,44,Александр Мелашенко,Сергей Хандецкий,,,,-,,,,,,,,СТАВИМ,1,start-collapse-salvage-v4-2026-07-28,collapse-or-strength-15-or-history-share-61_5-or-relative-form-h5-edge-10,,,,,,,1,,,,,,,,,,,,,,,,,,,,,,,,,,,,,,,
bsportsfan-telegram-prediction-games-610-1785446385942.csv,https://ru.bsportsfan.com/table-tennis/r/12317278/oleksandr-melashenko-vs-kostiantyn-hrynenko,observed_only,29.07 20:41,Александр Мелашенко vs Константин Гриненко,,,,,,4,Александр Мелашенко,Константин Гриненко,,,,-,,,,,,,,,0,,,,,,,,,0,,,,,,,,,,,,,,,,,,,,,,,,,,,,,,,
bsportsfan-telegram-prediction-games-610-1785446385942.csv,https://ru.bsportsfan.com/table-tennis/r/12317281/yaroslav-stepanchuk-vs-pavlo-ishchyk,forecasted,29.07 20:55,Ярослав Степанчук vs Павло Ишчик,,,,3-1,miss,32,Ярослав Степанчук,Павло Ишчик,2.25,1.57,bsportsfan-odds,29.07 20:54,,,,,,,,СТАВИМ,1,start-collapse-salvage-v4-2026-07-28,collapse-or-strength-15-or-history-share-61_5-or-relative-form-h5-edge-10,,,,,,,1,,,,,,,,,,,,,,,,,,,,,,,,,,,,,,,
bsportsfan-telegram-prediction-games-610-1785446385942.csv,https://ru.bsportsfan.com/table-tennis/r/12317282/ales-krcil-vs-zbynek-vyskocil,forecasted,29.07 00:56,Алес Крцил vs Збинек Выскочил,,,,3-1,hit,33,Алес Крцил,Збинек Выскочил,,,,-,,,,,,,,ПРОПУСК,0,start-collapse-salvage-v4-2026-07-28,collapse-or-strength-15-or-history-share-61_5-or-relative-form-h5-edge-10,,,,,,,0,,,,,,,,,,,,,,,,,,,,,,,,,,,,,,,
bsportsfan-telegram-prediction-games-610-1785446385942.csv,https://ru.bsportsfan.com/table-tennis/r/12317296/martin-stusek-vs-ondrej-kadavy,observed_only,29.07 00:59,Мартин Стусек vs Ондрей Кадави,,,,,,42,Мартин Стусек,Ондрей Кадави,,,,-,,,,,,,,,0,,,,,,,,,0,,,,,,,,,,,,,,,,,,,,,,,,,,,,,,,
bsportsfan-telegram-prediction-games-610-1785446385942.csv,https://ru.bsportsfan.com/table-tennis/r/12317316/o-volo-kovalchuk-vs-oleksandr-mishchenko,observed_only,30.07 01:47,Александр В. Ковальчук vs Александр Мищенко,,,,,,1,Александр В. Ковальчук,Александр Мищенко,,,,-,,,,,,,,,0,,,,,,,,,0,,,,,,,,,,,,,,,,,,,,,,,,,,,,,,,
bsportsfan-telegram-prediction-games-610-1785446385942.csv,https://ru.bsportsfan.com/table-tennis/r/12317429/sebastian-kasnik-vs-lukas-kern,forecasted,29.07 17:01,Себастьян Касник vs Лукас Керн,,,,1-3,hit,27,Себастьян Касник,Лукас Керн,1.648,2.1,bsportsfan-odds,29.07 17:01,,,,,,,,СТАВИМ,1,start-collapse-salvage-v4-2026-07-28,collapse-or-strength-15-or-history-share-61_5-or-relative-form-h5-edge-10,,,,,,,1,,,,,,,,,,,,,,,,,,,,,,,,,,,,,,,
bsportsfan-telegram-prediction-games-610-1785446385942.csv,https://ru.bsportsfan.com/table-tennis/r/12317485/lukas-kern-vs-roman-hudeczek,observed_only,29.07 18:06,Лукас Керн vs Роман Худечек,,,,,,24,Лукас Керн,Роман Худечек,,,,-,,,,,,,,,0,,,,,,,,,0,,,,,,,,,,,,,,,,,,,,,,,,,,,,,,,
bsportsfan-telegram-prediction-games-610-1785446385942.csv,https://ru.bsportsfan.com/table-tennis/r/12318780/ivan-jemelka-vs-richard-jancak,forecasted,29.07 20:45,Иван Емелька vs Ричард Янчак,,,,,,37,Иван Емелька,Ричард Янчак,1.81,1.82,bsportsfan-odds,29.07 20:45,,,,,,,,ПРОПУСК,0,start-collapse-salvage-v4-2026-07-28,collapse-or-strength-15-or-history-share-61_5-or-relative-form-h5-edge-10,,,,,,,1,,,,,,,,,,,,,,,,,,,,,,,,,,,,,,,
bsportsfan-telegram-prediction-games-610-1785446385942.csv,https://ru.bsportsfan.com/table-tennis/r/12318781/jaroslav-sindler-vs-patrik-sturma,forecasted,29.07 16:45,Ярослав Синдлер vs Патрик Штурма,,,,,,36,Ярослав Синдлер,Патрик Штурма,1.63,2.05,bsportsfan-odds,29.07 16:44,,,,,,,,ПРОПУСК,0,start-collapse-salvage-v4-2026-07-28,collapse-or-strength-15-or-history-share-61_5-or-relative-form-h5-edge-10,,,,,,,1,,,,,,,,,,,,,,,,,,,,,,,,,,,,,,,
bsportsfan-telegram-prediction-games-610-1785446385942.csv,https://ru.bsportsfan.com/table-tennis/r/12318804/dominik-lengal-vs-martin-mastera,forecasted,29.07 17:36,Доминик Ленгал vs Мартин Мастера,,,,,,15,Доминик Ленгал,Мартин Мастера,1.285,3.15,bsportsfan-odds,29.07 17:35,,,,,,,,ПРОПУСК,0,start-collapse-salvage-v4-2026-07-28,collapse-or-strength-15-or-history-share-61_5-or-relative-form-h5-edge-10,,,,,,,0,,,,,,,,,,,,,,,,,,,,,,,,,,,,,,,
bsportsfan-telegram-prediction-games-610-1785446385942.csv,https://ru.bsportsfan.com/table-tennis/r/12318805/filip-karel-vs-tomas-beran-2000,forecasted,29.07 17:06,Филип Карел vs Томас Беран 2000,,,,,,25,Филип Карел,Томас Беран 2000,1.58,2.14,bsportsfan-odds,29.07 17:06,,,,,,,,ПРОПУСК,0,start-collapse-salvage-v4-2026-07-28,collapse-or-strength-15-or-history-share-61_5-or-relative-form-h5-edge-10,,,,,,,0,,,,,,,,,,,,,,,,,,,,,,,,,,,,,,,
bsportsfan-telegram-prediction-games-610-1785446385942.csv,https://ru.bsportsfan.com/table-tennis/r/12318810/jonas-rak-vs-adam-vitasek,observed_only,29.07 17:12,Йонас Рак vs Адам Витасек,,,,,,20,Йонас Рак,Адам Витасек,,,,-,,,,,,,,,0,,,,,,,,,0,,,,,,,,,,,,,,,,,,,,,,,,,,,,,,,
bsportsfan-telegram-prediction-games-610-1785446385942.csv,https://ru.bsportsfan.com/table-tennis/r/12318811/filip-sikora-vs-jan-gembala,forecasted,29.07 16:41,Филип Сикора vs Ян Гембала,,,,,,40,Филип Сикора,Ян Гембала,1.64,2.05,bsportsfan-odds,29.07 16:40,,,,,,,,ПРОПУСК,0,start-collapse-salvage-v4-2026-07-28,collapse-or-strength-15-or-history-share-61_5-or-relative-form-h5-edge-10,,,,,,,0,,,,,,,,,,,,,,,,,,,,,,,,,,,,,,,
bsportsfan-telegram-prediction-games-610-1785446385942.csv,https://ru.bsportsfan.com/table-tennis/r/12318840/pavel-kulhanek-vs-ladislav-havel-1956,observed_only,30.07 13:06,Павел Кулханек vs Ладислав Гавел 1956,,,,,,28,Павел Кулханек,Ладислав Гавел 1956,,,,-,,,,,,,,,0,,,,,,,,,0,,,,,,,,,,,,,,,,,,,,,,,,,,,,,,,
bsportsfan-telegram-prediction-games-610-1785446385942.csv,https://ru.bsportsfan.com/table-tennis/r/12318867/lukas-adam-vs-matus-zelinka,forecasted,29.07 11:20,Лукас Адам vs Матус Зелинка,,,,3-2,hit,44,Лукас Адам,Матус Зелинка,,,,-,,,,,,,,ПРОПУСК,0,start-collapse-salvage-v4-2026-07-28,collapse-or-strength-15-or-history-share-61_5-or-relative-form-h5-edge-10,,,,,,,1,,,,,,,,,,,,,,,,,,,,,,,,,,,,,,,
bsportsfan-telegram-prediction-games-610-1785446385942.csv,https://ru.bsportsfan.com/table-tennis/r/12318880/filip-theodor-vs-vojtech-molin,forecasted,29.07 21:10,Филип Теодор vs Войтех Молин,,,,,,43,Филип Теодор,Войтех Молин,2.03,1.666,bsportsfan-odds,29.07 21:09,,,,,,,,ПРОПУСК,0,start-collapse-salvage-v4-2026-07-28,collapse-or-strength-15-or-history-share-61_5-or-relative-form-h5-edge-10,,,,,,,1,,,,,,,,,,,,,,,,,,,,,,,,,,,,,,,
bsportsfan-telegram-prediction-games-610-1785446385942.csv,https://ru.bsportsfan.com/table-tennis/r/12318883/martin-chmelicek-vs-jan-kabelka,forecasted,29.07 21:36,Мартин Хмеличек vs Ян Кабелька,,,,,,41,Мартин Хмеличек,Ян Кабелька,,,,-,,,,,,,,ПРОПУСК,0,start-collapse-salvage-v4-2026-07-28,collapse-or-strength-15-or-history-share-61_5-or-relative-form-h5-edge-10,,,,,,,1,,,,,,,,,,,,,,,,,,,,,,,,,,,,,,,
bsportsfan-telegram-prediction-games-610-1785446385942.csv,https://ru.bsportsfan.com/table-tennis/r/12318887/jakub-rolik-vs-lukas-vich,observed_only,29.07 21:31,Якуб Ролик vs Лукас Вич,,,,,,34,Якуб Ролик,Лукас Вич,,,,-,,,,,,,,,0,,,,,,,,,0,,,,,,,,,,,,,,,,,,,,,,,,,,,,,,,
bsportsfan-telegram-prediction-games-610-1785446385942.csv,https://ru.bsportsfan.com/table-tennis/r/12318888/jan-vidourek-vs-patrik-klusacek,forecasted,29.07 21:06,Ян Видоурек vs Патрик Клюсачек,,,,,,32,Ян Видоурек,Патрик Клюсачек,1.47,2.32,bsportsfan-odds,29.07 21:05,,,,,,,,ПРОПУСК,0,start-collapse-salvage-v4-2026-07-28,collapse-or-strength-15-or-history-share-61_5-or-relative-form-h5-edge-10,,,,,,,0,,,,,,,,,,,,,,,,,,,,,,,,,,,,,,,
bsportsfan-telegram-prediction-games-610-1785446385942.csv,https://ru.bsportsfan.com/table-tennis/r/12318893/martin-biolek-vs-jan-dzida,observed_only,30.07 17:04,Мартин Биолек vs Ян Дзида,,,,,,30,Мартин Биолек,Ян Дзида,,,,-,,,,,,,,,0,,,,,,,,,0,,,,,,,,,,,,,,,,,,,,,,,,,,,,,,,
bsportsfan-telegram-prediction-games-610-1785446385942.csv,https://ru.bsportsfan.com/table-tennis/r/12318898/lukas-veigl-vs-michal-stibor,forecasted,29.07 11:30,Лукас Вейгл vs Майкл Стибор,,,,2-3,hit,34,Лукас Вейгл,Майкл Стибор,,,,-,,,,,,,,ПРОПУСК,0,start-collapse-salvage-v4-2026-07-28,collapse-or-strength-15-or-history-share-61_5-or-relative-form-h5-edge-10,,,,,,,1,,,,,,,,,,,,,,,,,,,,,,,,,,,,,,,
bsportsfan-telegram-prediction-games-610-1785446385942.csv,https://ru.bsportsfan.com/table-tennis/r/12318924/tomas-lysek-vs-lukas-kantor,forecasted,29.07 11:40,Томас Лысек vs Лукас Кантор,,,,3-1,miss,36,Томас Лысек,Лукас Кантор,,,,-,,,,,,,,ПРОПУСК,0,start-collapse-salvage-v4-2026-07-28,collapse-or-strength-15-or-history-share-61_5-or-relative-form-h5-edge-10,,,,,,,1,,,,,,,,,,,,,,,,,,,,,,,,,,,,,,,
bsportsfan-telegram-prediction-games-610-1785446385942.csv,https://ru.bsportsfan.com/table-tennis/r/12318927/dominik-pawlik-vs-jan-skvrna,forecasted,29.07 11:46,Доминик Павлик vs Ян Скврна,,,,1-3,miss,23,Доминик Павлик,Ян Скврна,2.15,1.58,bsportsfan-odds-frame,29.07 11:43,,,,,,,,ПРОПУСК,0,start-collapse-salvage-v4-2026-07-28,collapse-or-strength-15-or-history-share-61_5-or-relative-form-h5-edge-10,,,,,,,0,,,,,,,,,,,,,,,,,,,,,,,,,,,,,,,
bsportsfan-telegram-prediction-games-610-1785446385942.csv,https://ru.bsportsfan.com/table-tennis/r/12318956/ladislav-dobias-vs-lukas-heinzl,forecasted,29.07 11:51,Ладислав Добиас vs Лукас Хайнцль,,,,3-1,hit,24,Ладислав Добиас,Лукас Хайнцль,1.568,2.275,bsportsfan-odds-frame,29.07 11:50,,,,,,,,СТАВИМ,1,start-collapse-salvage-v4-2026-07-28,collapse-or-strength-15-or-history-share-61_5-or-relative-form-h5-edge-10,,,,,,,0,,,,,,,,,,,,,,,,,,,,,,,,,,,,,,,
bsportsfan-telegram-prediction-games-610-1785446385942.csv,https://ru.bsportsfan.com/table-tennis/r/12318961/michael-sedlacek-vs-jan-szotkowski,observed_only,30.07 13:06,Михаэль Седлачек vs Ян Шотковски,,,,,,8,Михаэль Седлачек,Ян Шотковски,,,,-,,,,,,,,,0,,,,,,,,,0,,,,,,,,,,,,,,,,,,,,,,,,,,,,,,,
bsportsfan-telegram-prediction-games-610-1785446385942.csv,https://ru.bsportsfan.com/table-tennis/r/12318963/milan-dvorak-vs-david-sykora,observed_only,29.07 17:30,Милан Дворжак vs Дэвид Сикора,,,,,,19,Милан Дворжак,Дэвид Сикора,,,,-,,,,,,,,,0,,,,,,,,,0,,,,,,,,,,,,,,,,,,,,,,,,,,,,,,,
bsportsfan-telegram-prediction-games-610-1785446385942.csv,https://ru.bsportsfan.com/table-tennis/r/12318979/lukas-jindrak-vs-libor-prikasky,forecasted,29.07 12:00,Лукас Джиндрак vs Либор Прикаски,,,,3-1,miss,0,Лукас Джиндрак,Либор Прикаски,1.583,2.25,bsportsfan-odds-frame,29.07 12:00,,,,,,,,СТАВИМ,1,start-collapse-salvage-v4-2026-07-28,collapse-or-strength-15-or-history-share-61_5-or-relative-form-h5-edge-10,,,,,,,1,,,,,,,,,,,,,,,,,,,,,,,,,,,,,,,
bsportsfan-telegram-prediction-games-610-1785446385942.csv,https://ru.bsportsfan.com/table-tennis/r/12318980/michal-regner-vs-martin-sychra,forecasted,29.07 12:01,Михал Регнер vs Мартин Сихра,,,,3-2,hit,0,Михал Регнер,Мартин Сихра,1.86,1.864,bsportsfan-odds-frame,29.07 12:01,,,,,,,,СТАВИМ,1,start-collapse-salvage-v4-2026-07-28,collapse-or-strength-15-or-history-share-61_5-or-relative-form-h5-edge-10,,,,,,,0,,,,,,,,,,,,,,,,,,,,,,,,,,,,,,,
bsportsfan-telegram-prediction-games-610-1785446385942.csv,https://ru.bsportsfan.com/table-tennis/r/12318982/michal-makara-vs-lukas-rulc,forecasted,29.07 12:00,Михал Макара vs Лукаш Рульц,,,,3-1,hit,0,Михал Макара,Лукаш Рульц,2,1.727,bsportsfan-odds-frame,29.07 12:00,,,,,,,,ПРОПУСК,0,start-collapse-salvage-v4-2026-07-28,collapse-or-strength-15-or-history-share-61_5-or-relative-form-h5-edge-10,,,,,,,0,,,,,,,,,,,,,,,,,,,,,,,,,,,,,,,
bsportsfan-telegram-prediction-games-610-1785446385942.csv,https://ru.bsportsfan.com/table-tennis/r/12318983/matyas-navedla-vs-ondrej-paril,forecasted,29.07 12:00,Матьяш Наведла vs Ондрей Парил,,,,3-0,miss,0,Матьяш Наведла,Ондрей Парил,2.135,1.636,bsportsfan-odds-frame,29.07 12:00,,,,,,,,ПРОПУСК,0,start-collapse-salvage-v4-2026-07-28,collapse-or-strength-15-or-history-share-61_5-or-relative-form-h5-edge-10,,,,,,,1,,,,,,,,,,,,,,,,,,,,,,,,,,,,,,,
bsportsfan-telegram-prediction-games-610-1785446385942.csv,https://ru.bsportsfan.com/table-tennis/r/12318994/filip-mandrysz-vs-lukas-krupnik-jnr,observed_only,29.07 17:17,Филип Мандрыш vs Лукаш Крупник-мл.,,,,,,11,Филип Мандрыш,Лукаш Крупник-мл.,,,,-,,,,,,,,,0,,,,,,,,,0,,,,,,,,,,,,,,,,,,,,,,,,,,,,,,,
bsportsfan-telegram-prediction-games-610-1785446385942.csv,https://ru.bsportsfan.com/table-tennis/r/12319003/jiri-zuzanek-vs-jakub-tazler,observed_only,30.07 17:02,Иржи Зузанек vs Якуб Тазлер,,,,,,32,Иржи Зузанек,Якуб Тазлер,,,,-,,,,,,,,,0,,,,,,,,,0,,,,,,,,,,,,,,,,,,,,,,,,,,,,,,,
bsportsfan-telegram-prediction-games-610-1785446385942.csv,https://ru.bsportsfan.com/table-tennis/r/12319060/milan-chalupnicek-vs-jiri-svec,observed_only,30.07 13:06,Милан Халупничек vs Иржи Швец,,,,,,26,Милан Халупничек,Иржи Швец,,,,-,,,,,,,,,0,,,,,,,,,0,,,,,,,,,,,,,,,,,,,,,,,,,,,,,,,
bsportsfan-telegram-prediction-games-610-1785446385942.csv,https://ru.bsportsfan.com/table-tennis/r/12319096/milan-dvorak-vs-jiri-cerny,forecasted,29.07 18:20,Милан Дворжак vs Иржи Черни,,,,,,23,Милан Дворжак,Иржи Черни,2,1.73,bsportsfan-odds,29.07 18:19,,,,,,,,ПРОПУСК,0,start-collapse-salvage-v4-2026-07-28,collapse-or-strength-15-or-history-share-61_5-or-relative-form-h5-edge-10,,,,,,,0,,,,,,,,,,,,,,,,,,,,,,,,,,,,,,,
bsportsfan-telegram-prediction-games-610-1785446385942.csv,https://ru.bsportsfan.com/table-tennis/r/12319119/karel-zeman-vs-vojtech-molin,forecasted,29.07 21:40,Карел Земан vs Войтех Молин,,,,,,22,Карел Земан,Войтех Молин,,,,-,,,,,,,,ПРОПУСК,0,start-collapse-salvage-v4-2026-07-28,collapse-or-strength-15-or-history-share-61_5-or-relative-form-h5-edge-10,,,,,,,1,,,,,,,,,,,,,,,,,,,,,,,,,,,,,,,
bsportsfan-telegram-prediction-games-610-1785446385942.csv,https://ru.bsportsfan.com/table-tennis/r/12319121/michal-brozek-vs-david-vesecky,observed_only,29.07 18:08,Михал Брозек vs Давид Весецки,,,,,,6,Михал Брозек,Давид Весецки,,,,-,,,,,,,,,0,,,,,,,,,0,,,,,,,,,,,,,,,,,,,,,,,,,,,,,,,
bsportsfan-telegram-prediction-games-610-1785446385942.csv,https://ru.bsportsfan.com/table-tennis/r/12319122/patrik-sturma-vs-filip-mandrysz,forecasted,29.07 18:15,Патрик Штурма vs Филип Мандрыш,,,,,,37,Патрик Штурма,Филип Мандрыш,2.09,1.62,bsportsfan-odds,29.07 18:14,,,,,,,,ПРОПУСК,0,start-collapse-salvage-v4-2026-07-28,collapse-or-strength-15-or-history-share-61_5-or-relative-form-h5-edge-10,,,,,,,0,,,,,,,,,,,,,,,,,,,,,,,,,,,,,,,
bsportsfan-telegram-prediction-games-610-1785446385942.csv,https://ru.bsportsfan.com/table-tennis/r/12319124/marek-kulisek-vs-david-vesecky,observed_only,29.07 20:44,Марер Кулисек vs Давид Весецки,,,,,,4,Марер Кулисек,Давид Весецки,,,,-,,,,,,,,,0,,,,,,,,,0,,,,,,,,,,,,,,,,,,,,,,,,,,,,,,,
bsportsfan-telegram-prediction-games-610-1785446385942.csv,https://ru.bsportsfan.com/table-tennis/r/12319146/filip-karel-vs-martin-mastera,forecasted,29.07 18:07,Филип Карел vs Мартин Мастера,,,,,,35,Филип Карел,Мартин Мастера,1.85,1.85,bsportsfan-odds,29.07 18:07,,,,,,,,ПРОПУСК,0,start-collapse-salvage-v4-2026-07-28,collapse-or-strength-15-or-history-share-61_5-or-relative-form-h5-edge-10,,,,,,,0,,,,,,,,,,,,,,,,,,,,,,,,,,,,,,,
bsportsfan-telegram-prediction-games-610-1785446385942.csv,https://ru.bsportsfan.com/table-tennis/r/12319148/karel-zeman-vs-jiri-vanous,forecasted,29.07 20:41,Карел Земан vs Иржи Ванус,,,,,,33,Карел Земан,Иржи Ванус,1.8,1.85,bsportsfan-odds,29.07 20:41,,,,,,,,ПРОПУСК,0,start-collapse-salvage-v4-2026-07-28,collapse-or-strength-15-or-history-share-61_5-or-relative-form-h5-edge-10,,,,,,,1,,,,,,,,,,,,,,,,,,,,,,,,,,,,,,,
bsportsfan-telegram-prediction-games-610-1785446385942.csv,https://ru.bsportsfan.com/table-tennis/r/12319184/lukas-krupnik-jnr-vs-patrik-sturma,observed_only,29.07 21:18,Лукаш Крупник-мл. vs Патрик Штурма,,,,,,40,Лукаш Крупник-мл.,Патрик Штурма,,,,-,,,,,,,,,0,,,,,,,,,0,,,,,,,,,,,,,,,,,,,,,,,,,,,,,,,
bsportsfan-telegram-prediction-games-610-1785446385942.csv,https://ru.bsportsfan.com/table-tennis/r/12319218/jan-gembala-vs-jonas-rak,forecasted,29.07 18:10,Ян Гембала vs Йонас Рак,,,,,,38,Ян Гембала,Йонас Рак,2.218,1.577,bsportsfan-odds,29.07 18:09,,,,,,,,ПРОПУСК,0,start-collapse-salvage-v4-2026-07-28,collapse-or-strength-15-or-history-share-61_5-or-relative-form-h5-edge-10,,,,,,,1,,,,,,,,,,,,,,,,,,,,,,,,,,,,,,,
bsportsfan-telegram-prediction-games-610-1785446385942.csv,https://ru.bsportsfan.com/table-tennis/r/12319227/ivan-jemelka-vs-patrik-sturma,forecasted,29.07 21:45,Иван Емелька vs Патрик Штурма,,,,1-3,miss,15,Иван Емелька,Патрик Штурма,,,,-,,,,,,,,ПРОПУСК,0,start-collapse-salvage-v4-2026-07-28,collapse-or-strength-15-or-history-share-61_5-or-relative-form-h5-edge-10,,,,,,,0,,,,,,,,,,,,,,,,,,,,,,,,,,,,,,,
bsportsfan-telegram-prediction-games-610-1785446385942.csv,https://ru.bsportsfan.com/table-tennis/r/12319262/david-bochnak-vs-marek-kulisek,forecasted,29.07 18:27,Дэвид Бочнак vs Марер Кулисек,,,,,,22,Дэвид Бочнак,Марер Кулисек,1.235,3.475,bsportsfan-odds,29.07 18:27,,,,,,,,ПРОПУСК,0,start-collapse-salvage-v4-2026-07-28,collapse-or-strength-15-or-history-share-61_5-or-relative-form-h5-edge-10,,,,,,,0,,,,,,,,,,,,,,,,,,,,,,,,,,,,,,,
bsportsfan-telegram-prediction-games-610-1785446385942.csv,https://ru.bsportsfan.com/table-tennis/r/12319274/denis-hofman-vs-martin-sychra,forecasted,30.07 14:01,Денис Хофман vs Мартин Сихра,,,,2-3,hit,33,Денис Хофман,Мартин Сихра,,,,-,,,,,,,,СТАВИМ,1,start-collapse-salvage-v4-2026-07-28,collapse-or-strength-15-or-history-share-61_5-or-relative-form-h5-edge-10,,,,,,,1,,,,,,,,,,,,,,,,,,,,,,,,,,,,,,,
bsportsfan-telegram-prediction-games-610-1785446385942.csv,https://ru.bsportsfan.com/table-tennis/r/12319275/jakub-tazler-vs-denis-hofman,observed_only,30.07 18:02,Якуб Тазлер vs Денис Хофман,,,,,,31,Якуб Тазлер,Денис Хофман,,,,-,,,,,,,,,0,,,,,,,,,0,,,,,,,,,,,,,,,,,,,,,,,,,,,,,,,
bsportsfan-telegram-prediction-games-610-1785446385942.csv,https://ru.bsportsfan.com/table-tennis/r/12319277/petr-sebera-vs-denis-hofman,observed_only,30.07 13:06,Петр Себера vs Денис Хофман,,,,,,24,Петр Себера,Денис Хофман,,,,-,,,,,,,,,0,,,,,,,,,0,,,,,,,,,,,,,,,,,,,,,,,,,,,,,,,
bsportsfan-telegram-prediction-games-610-1785446385942.csv,https://ru.bsportsfan.com/table-tennis/r/12319278/jiri-zuzanek-vs-denis-hofman,observed_only,30.07 19:02,Иржи Зузанек vs Денис Хофман,,,,,,18,Иржи Зузанек,Денис Хофман,,,,-,,,,,,,,,0,,,,,,,,,0,,,,,,,,,,,,,,,,,,,,,,,,,,,,,,,
bsportsfan-telegram-prediction-games-610-1785446385942.csv,https://ru.bsportsfan.com/table-tennis/r/12319280/denis-hofman-vs-petr-sebera,observed_only,30.07 17:37,Денис Хофман vs Петр Себера,,,,,,18,Денис Хофман,Петр Себера,,,,-,,,,,,,,,0,,,,,,,,,0,,,,,,,,,,,,,,,,,,,,,,,,,,,,,,,
bsportsfan-telegram-prediction-games-610-1785446385942.csv,https://ru.bsportsfan.com/table-tennis/r/12319284/denis-hofman-vs-mark-robin-wagner,forecasted,30.07 15:31,Денис Хофман vs Марк Робин Вагнер,,,,3-2,hit,45,Денис Хофман,Марк Робин Вагнер,,,,-,,,,,,,,СТАВИМ,1,start-collapse-salvage-v4-2026-07-28,collapse-or-strength-15-or-history-share-61_5-or-relative-form-h5-edge-10,,,,,,,0,,,,,,,,,,,,,,,,,,,,,,,,,,,,,,,
bsportsfan-telegram-prediction-games-610-1785446385942.csv,https://ru.bsportsfan.com/table-tennis/r/12319288/jan-szotkowski-vs-michal-vavrecka,forecasted,30.07 15:31,Ян Шотковски vs Михал Ваврецка,,,,3-0,miss,22,Ян Шотковски,Михал Ваврецка,,,,-,,,,,,,,СТАВИМ,1,start-collapse-salvage-v4-2026-07-28,collapse-or-strength-15-or-history-share-61_5-or-relative-form-h5-edge-10,,,,,,,1,,,,,,,,,,,,,,,,,,,,,,,,,,,,,,,
bsportsfan-telegram-prediction-games-610-1785446385942.csv,https://ru.bsportsfan.com/table-tennis/r/12319289/tomas-dousek-vs-michal-vavrecka,forecasted,30.07 13:34,Томаш Доусек vs Михал Ваврецка,,,,3-2,hit,36,Томаш Доусек,Михал Ваврецка,,,,-,,,,,,,,СТАВИМ,1,start-collapse-salvage-v4-2026-07-28,collapse-or-strength-15-or-history-share-61_5-or-relative-form-h5-edge-10,,,,,,,1,,,,,,,,,,,,,,,,,,,,,,,,,,,,,,,
bsportsfan-telegram-prediction-games-610-1785446385942.csv,https://ru.bsportsfan.com/table-tennis/r/12319291/jan-szotkowski-vs-tomas-dousek,forecasted,30.07 14:01,Ян Шотковски vs Томаш Доусек,,,,,,36,Ян Шотковски,Томаш Доусек,,,,-,,,,,,,,ПРОПУСК,0,start-collapse-salvage-v4-2026-07-28,collapse-or-strength-15-or-history-share-61_5-or-relative-form-h5-edge-10,,,,,,,1,,,,,,,,,,,,,,,,,,,,,,,,,,,,,,,
bsportsfan-telegram-prediction-games-610-1785446385942.csv,https://ru.bsportsfan.com/table-tennis/r/12319357/radomir-revay-vs-radovan-polasek,forecasted,30.07 15:30,Радомир Ревай vs Радован Поласек,,,,3-2,hit,36,Радомир Ревай,Радован Поласек,,,,-,,,,,,,,ПРОПУСК,0,start-collapse-salvage-v4-2026-07-28,collapse-or-strength-15-or-history-share-61_5-or-relative-form-h5-edge-10,,,,,,,1,,,,,,,,,,,,,,,,,,,,,,,,,,,,,,,
bsportsfan-telegram-prediction-games-610-1785446385942.csv,https://ru.bsportsfan.com/table-tennis/r/12319358/tadeas-zika-vs-radomir-revay,observed_only,30.07 13:06,Тадеас Зика vs Радомир Ревай,,,,,,34,Тадеас Зика,Радомир Ревай,,,,-,,,,,,,,,0,,,,,,,,,0,,,,,,,,,,,,,,,,,,,,,,,,,,,,,,,
bsportsfan-telegram-prediction-games-610-1785446385942.csv,https://ru.bsportsfan.com/table-tennis/r/12319359/radomir-revay-vs-michal-cabis,forecasted,30.07 14:01,Радомир Ревай vs Михал Кабис,,,,,,36,Радомир Ревай,Михал Кабис,,,,-,,,,,,,,ПРОПУСК,0,start-collapse-salvage-v4-2026-07-28,collapse-or-strength-15-or-history-share-61_5-or-relative-form-h5-edge-10,,,,,,,1,,,,,,,,,,,,,,,,,,,,,,,,,,,,,,,
bsportsfan-telegram-prediction-games-610-1785446385942.csv,https://ru.bsportsfan.com/table-tennis/r/12320163/martin-melisek-vs-jachym-juppa,observed_only,29.07 15:26,Мартин Мелисек vs Яхим Джуппа,,,,,,6,Мартин Мелисек,Яхим Джуппа,,,,-,,,,,,,,,0,,,,,,,,,0,,,,,,,,,,,,,,,,,,,,,,,,,,,,,,,
bsportsfan-telegram-prediction-games-610-1785446385942.csv,https://ru.bsportsfan.com/table-tennis/r/12320173/erik-mares-vs-pavel-gireth,observed_only,30.07 17:03,Эрик Марес vs Павел Гирет,,,,,,27,Эрик Марес,Павел Гирет,,,,-,,,,,,,,,0,,,,,,,,,0,,,,,,,,,,,,,,,,,,,,,,,,,,,,,,,
bsportsfan-telegram-prediction-games-610-1785446385942.csv,https://ru.bsportsfan.com/table-tennis/r/12320197/david-horak-vs-tibor-kolenic,forecasted,29.07 17:00,Дэвид Хорак vs Тибор Коленич,,,,3-1,miss,31,Дэвид Хорак,Тибор Коленич,,,,-,,,,,,,,СТАВИМ,1,start-collapse-salvage-v4-2026-07-28,collapse-or-strength-15-or-history-share-61_5-or-relative-form-h5-edge-10,,,,,,,1,,,,,,,,,,,,,,,,,,,,,,,,,,,,,,,
bsportsfan-telegram-prediction-games-610-1785446385942.csv,https://ru.bsportsfan.com/table-tennis/r/12320204/jan-mecl-jnr-vs-jan-kanera,observed_only,30.07 17:02,Ян Мекл мл. vs Ян Канера,,,,,,41,Ян Мекл мл.,Ян Канера,,,,-,,,,,,,,,0,,,,,,,,,0,,,,,,,,,,,,,,,,,,,,,,,,,,,,,,,
bsportsfan-telegram-prediction-games-610-1785446385942.csv,https://ru.bsportsfan.com/table-tennis/r/12320276/matej-svitac-vs-leon-kolman,observed_only,29.07 16:03,Матей Свитац vs Леон Колман,,,,,,5,Матей Свитац,Леон Колман,,,,-,,,,,,,,,0,,,,,,,,,0,,,,,,,,,,,,,,,,,,,,,,,,,,,,,,,
bsportsfan-telegram-prediction-games-610-1785446385942.csv,https://ru.bsportsfan.com/table-tennis/r/12320304/jiri-ruzicka-vs-jan-mecl-jnr,observed_only,29.07 16:31,Иржи Ружицка vs Ян Мекл мл.,,,,,,52,Иржи Ружицка,Ян Мекл мл.,,,,-,,,,,,,,,0,,,,,,,,,0,,,,,,,,,,,,,,,,,,,,,,,,,,,,,,,
bsportsfan-telegram-prediction-games-610-1785446385942.csv,https://ru.bsportsfan.com/table-tennis/r/12320305/oleksandr-kolisnyk-vs-martin-huk,observed_only,29.07 16:03,Александр Колисник vs Мартин Хук,,,,,,33,Александр Колисник,Мартин Хук,,,,-,,,,,,,,,0,,,,,,,,,0,,,,,,,,,,,,,,,,,,,,,,,,,,,,,,,
bsportsfan-telegram-prediction-games-610-1785446385942.csv,https://ru.bsportsfan.com/table-tennis/r/12320306/ivo-taichman-vs-miroslav-kowolowski,forecasted,29.07 16:31,Иво Тайчман vs Мирослав Коволовски,,,,0-3,miss,28,Иво Тайчман,Мирослав Коволовски,2.25,1.57,bsportsfan-odds,29.07 16:31,,,,,,,,СТАВИМ,1,start-collapse-salvage-v4-2026-07-28,collapse-or-strength-15-or-history-share-61_5-or-relative-form-h5-edge-10,,,,,,,0,,,,,,,,,,,,,,,,,,,,,,,,,,,,,,,
bsportsfan-telegram-prediction-games-610-1785446385942.csv,https://ru.bsportsfan.com/table-tennis/r/12320323/marek-blejchar-vs-vojtech-cerny,observed_only,29.07 16:03,Марек Блейчар vs Войтех Черны,,,,,,45,Марек Блейчар,Войтех Черны,,,,-,,,,,,,,,0,,,,,,,,,0,,,,,,,,,,,,,,,,,,,,,,,,,,,,,,,
bsportsfan-telegram-prediction-games-610-1785446385942.csv,https://ru.bsportsfan.com/table-tennis/r/12320324/tadeas-zika-vs-tomas-dousek,observed_only,29.07 16:03,Тадеас Зика vs Томаш Доусек,,,,,,35,Тадеас Зика,Томаш Доусек,,,,-,,,,,,,,,0,,,,,,,,,0,,,,,,,,,,,,,,,,,,,,,,,,,,,,,,,
bsportsfan-telegram-prediction-games-610-1785446385942.csv,https://ru.bsportsfan.com/table-tennis/r/12320326/martin-sychra-vs-michal-vondrak,observed_only,29.07 16:03,Мартин Сихра vs Михал Вондрак,,,,,,35,Мартин Сихра,Михал Вондрак,,,,-,,,,,,,,,0,,,,,,,,,0,,,,,,,,,,,,,,,,,,,,,,,,,,,,,,,
bsportsfan-telegram-prediction-games-610-1785446385942.csv,https://ru.bsportsfan.com/table-tennis/r/12320327/jakub-vales-vs-libor-prikasky,observed_only,29.07 16:03,Якуб Велес vs Либор Прикаски,,,,,,38,Якуб Велес,Либор Прикаски,,,,-,,,,,,,,,0,,,,,,,,,0,,,,,,,,,,,,,,,,,,,,,,,,,,,,,,,
bsportsfan-telegram-prediction-games-610-1785446385942.csv,https://ru.bsportsfan.com/table-tennis/r/12320341/oleh-plyska-vs-martin-vorel,forecasted,29.07 16:05,Олег Плиска vs Мартин Ворел,,,,,,32,Олег Плиска,Мартин Ворел,,,,-,,,,,,,,ПРОПУСК,0,start-collapse-salvage-v4-2026-07-28,collapse-or-strength-15-or-history-share-61_5-or-relative-form-h5-edge-10,,,,,,,0,,,,,,,,,,,,,,,,,,,,,,,,,,,,,,,
bsportsfan-telegram-prediction-games-610-1785446385942.csv,https://ru.bsportsfan.com/table-tennis/r/12320349/martin-mastera-vs-jan-muska,forecasted,29.07 16:11,Мартин Мастера vs Ян Муска,,,,,,24,Мартин Мастера,Ян Муска,,,,-,,,,,,,,ПРОПУСК,0,start-collapse-salvage-v4-2026-07-28,collapse-or-strength-15-or-history-share-61_5-or-relative-form-h5-edge-10,,,,,,,1,,,,,,,,,,,,,,,,,,,,,,,,,,,,,,,
bsportsfan-telegram-prediction-games-610-1785446385942.csv,https://ru.bsportsfan.com/table-tennis/r/12320350/lukas-dzida-vs-vladislav-reska,forecasted,29.07 16:11,Лукас Дзида vs Владислав Реска,,,,,,35,Лукас Дзида,Владислав Реска,1.444,2.625,bsportsfan-odds,29.07 16:10,,,,,,,,ПРОПУСК,0,start-collapse-salvage-v4-2026-07-28,collapse-or-strength-15-or-history-share-61_5-or-relative-form-h5-edge-10,,,,,,,0,,,,,,,,,,,,,,,,,,,,,,,,,,,,,,,
bsportsfan-telegram-prediction-games-610-1785446385942.csv,https://ru.bsportsfan.com/table-tennis/r/12320391/tomas-rein-vs-jan-osmera,forecasted,29.07 16:21,Томас Рейн vs Ян Осмера,,,,,,32,Томас Рейн,Ян Осмера,,,,-,,,,,,,,ПРОПУСК,0,start-collapse-salvage-v4-2026-07-28,collapse-or-strength-15-or-history-share-61_5-or-relative-form-h5-edge-10,,,,,,,0,,,,,,,,,,,,,,,,,,,,,,,,,,,,,,,
bsportsfan-telegram-prediction-games-610-1785446385942.csv,https://ru.bsportsfan.com/table-tennis/r/12320421/lukas-jindrak-vs-erik-mares,forecasted,29.07 16:30,Лукас Джиндрак vs Эрик Марес,,,,3-1,hit,33,Лукас Джиндрак,Эрик Марес,,,,-,,,,,,,,СТАВИМ,1,start-collapse-salvage-v4-2026-07-28,collapse-or-strength-15-or-history-share-61_5-or-relative-form-h5-edge-10,,,,,,,0,,,,,,,,,,,,,,,,,,,,,,,,,,,,,,,
bsportsfan-telegram-prediction-games-610-1785446385942.csv,https://ru.bsportsfan.com/table-tennis/r/12320427/denis-hofman-vs-petr-saleny,forecasted,29.07 16:31,Денис Хофман vs Петр Салени,,,,0-3,hit,17,Денис Хофман,Петр Салени,2.25,1.57,bsportsfan-odds,29.07 16:31,,,,,,,,СТАВИМ,1,start-collapse-salvage-v4-2026-07-28,collapse-or-strength-15-or-history-share-61_5-or-relative-form-h5-edge-10,,,,,,,1,,,,,,,,,,,,,,,,,,,,,,,,,,,,,,,
bsportsfan-telegram-prediction-games-610-1785446385942.csv,https://ru.bsportsfan.com/table-tennis/r/12320428/michal-vavrecka-vs-radomir-revay,forecasted,29.07 16:31,Михал Ваврецка vs Радомир Ревай,,,,2-3,hit,42,Михал Ваврецка,Радомир Ревай,,,,-,,,,,,,,СТАВИМ,1,start-collapse-salvage-v4-2026-07-28,collapse-or-strength-15-or-history-share-61_5-or-relative-form-h5-edge-10,,,,,,,1,,,,,,,,,,,,,,,,,,,,,,,,,,,,,,,
bsportsfan-telegram-prediction-games-610-1785446385942.csv,https://ru.bsportsfan.com/table-tennis/r/12320488/tomas-trnka-vs-jakub-joksch,forecasted,29.07 16:40,Томаш Трнка vs Якуб Йокш,,,,,,27,Томаш Трнка,Якуб Йокш,,,,-,,,,,,,,ПРОПУСК,0,start-collapse-salvage-v4-2026-07-28,collapse-or-strength-15-or-history-share-61_5-or-relative-form-h5-edge-10,,,,,,,0,,,,,,,,,,,,,,,,,,,,,,,,,,,,,,,
bsportsfan-telegram-prediction-games-610-1785446385942.csv,https://ru.bsportsfan.com/table-tennis/r/12320504/simon-holik-vs-frantisek-dvorak,forecasted,29.07 16:51,Саймон Холик vs Франтишек Дворжак,,,,,,37,Саймон Холик,Франтишек Дворжак,1.4,2.75,bsportsfan-odds,29.07 16:49,,,,,,,,ПРОПУСК,0,start-collapse-salvage-v4-2026-07-28,collapse-or-strength-15-or-history-share-61_5-or-relative-form-h5-edge-10,,,,,,,0,,,,,,,,,,,,,,,,,,,,,,,,,,,,,,,
bsportsfan-telegram-prediction-games-610-1785446385942.csv,https://ru.bsportsfan.com/table-tennis/r/12320551/david-vesecky-vs-pavel-benes,forecasted,29.07 17:36,Давид Весецки vs Павел Бенеш,,,,,,17,Давид Весецки,Павел Бенеш,1.25,3.35,bsportsfan-odds,29.07 17:36,,,,,,,,ПРОПУСК,0,start-collapse-salvage-v4-2026-07-28,collapse-or-strength-15-or-history-share-61_5-or-relative-form-h5-edge-10,,,,,,,1,,,,,,,,,,,,,,,,,,,,,,,,,,,,,,,
bsportsfan-telegram-prediction-games-610-1785446385942.csv,https://ru.bsportsfan.com/table-tennis/r/12320552/michal-prochazka-vs-michal-brozek,forecasted,29.07 17:06,Михал Прохазка vs Михал Брозек,,,,,,26,Михал Прохазка,Михал Брозек,1.497,2.463,bsportsfan-odds,29.07 17:06,,,,,,,,ПРОПУСК,0,start-collapse-salvage-v4-2026-07-28,collapse-or-strength-15-or-history-share-61_5-or-relative-form-h5-edge-10,,,,,,,0,,,,,,,,,,,,,,,,,,,,,,,,,,,,,,,
bsportsfan-telegram-prediction-games-610-1785446385942.csv,https://ru.bsportsfan.com/table-tennis/r/12320567/rostislav-hasmanda-vs-david-horak,forecasted,29.07 18:30,Ростислав Хасманда vs Дэвид Хорак,,,,3-0,hit,1,Ростислав Хасманда,Дэвид Хорак,1.57,2.25,bsportsfan-odds,29.07 18:29,,,,,,,,СТАВИМ,1,start-collapse-salvage-v4-2026-07-28,collapse-or-strength-15-or-history-share-61_5-or-relative-form-h5-edge-10,,,,,,,0,,,,,,,,,,,,,,,,,,,,,,,,,,,,,,,
bsportsfan-telegram-prediction-games-610-1785446385942.csv,https://ru.bsportsfan.com/table-tennis/r/12320589/radim-urbaniec-vs-martin-skotnica,forecasted,30.07 18:30,Радим Урбанец vs Мартин Скотница,,,,3-1,hit,36,Радим Урбанец,Мартин Скотница,,,,-,,,,,,,,ПРОПУСК,0,start-dual-signal-v5-2026-07-30,relative-accuracy-and-moderate-tiers-v1,rejected,0,0,0,5,1,0,1,weak-relative-agreement,2.5,1,1,0,1,1,1,1,1,7.4,10.7,-3.3,0,8,58.1,0,100,68,5,5,57.1,65,-7.9,76.9,88.8,1,1,0,0
bsportsfan-telegram-prediction-games-610-1785446385942.csv,https://ru.bsportsfan.com/table-tennis/r/12320591/jakub-pilch-vs-radim-urbaniec,observed_only,30.07 17:38,Якуб Пильх vs Радим Урбанец,,,,,,6,Якуб Пильх,Радим Урбанец,,,,-,,,,,,,,,0,,,,,,,,,0,,,,,,,,,,,,,,,,,,,,,,,,,,,,,,,
bsportsfan-telegram-prediction-games-610-1785446385942.csv,https://ru.bsportsfan.com/table-tennis/r/12320728/ladislav-havel-1956-vs-julius-didi,forecasted,30.07 14:00,Ладислав Гавел 1956 vs Юлиус Диди,,,,2-3,hit,31,Ладислав Гавел 1956,Юлиус Диди,,,,-,,,,,,,,СТАВИМ,1,start-collapse-salvage-v4-2026-07-28,collapse-or-strength-15-or-history-share-61_5-or-relative-form-h5-edge-10,,,,,,,1,,,,,,,,,,,,,,,,,,,,,,,,,,,,,,,
bsportsfan-telegram-prediction-games-610-1785446385942.csv,https://ru.bsportsfan.com/table-tennis/r/12320800/martin-skotnica-vs-matej-grundel,observed_only,30.07 17:03,Мартин Скотница vs Матей Грюндель,,,,,,29,Мартин Скотница,Матей Грюндель,,,,-,,,,,,,,,0,,,,,,,,,0,,,,,,,,,,,,,,,,,,,,,,,,,,,,,,,
bsportsfan-telegram-prediction-games-610-1785446385942.csv,https://ru.bsportsfan.com/table-tennis/r/12320810/martin-huk-vs-ales-barton,observed_only,30.07 17:37,Мартин Хук vs Алесь Бартон,,,,,,13,Мартин Хук,Алесь Бартон,,,,-,,,,,,,,,0,,,,,,,,,0,,,,,,,,,,,,,,,,,,,,,,,,,,,,,,,
bsportsfan-telegram-prediction-games-610-1785446385942.csv,https://ru.bsportsfan.com/table-tennis/r/12320813/tadeas-zika-vs-martin-biolek,forecasted,30.07 18:31,Тадеас Зика vs Мартин Биолек,,,,2-3,hit,51,Тадеас Зика,Мартин Биолек,,,,-,,,,,,,,СТАВИМ,1,start-dual-signal-v5-2026-07-30,relative-accuracy-and-moderate-tiers-v1,moderate,1,0,1,5,1,1,0,base-side-kept,4,0,3,1,4,2,1,1,1,8.2,-16.2,24.4,1,8,61.3,0,87,40,5,5,68.4,35,33.4,80.6,51.9,1,1,0,0
bsportsfan-telegram-prediction-games-610-1785446385942.csv,https://ru.bsportsfan.com/table-tennis/r/12320815/jakub-vales-vs-erik-mares,forecasted,30.07 18:30,Якуб Велес vs Эрик Марес,,,,1-3,miss,44,Якуб Велес,Эрик Марес,1.833,1.833,bsportsfan-odds-frame,30.07 18:30,,,,,,,,СТАВИМ,1,start-dual-signal-v5-2026-07-30,relative-accuracy-and-moderate-tiers-v1,accuracy,1,1,1,5,0,0,0,outside-base-collapse-branch,3,0,3,3,6,0,0,0,0,1.9,0.5,1.4,0,8,61.8,1,100,62,5,5,57.1,55.6,1.5,88.8,76.9,1,1,0,0
bsportsfan-telegram-prediction-games-610-1785446385942.csv,https://ru.bsportsfan.com/table-tennis/r/12320816/jiri-svec-vs-ludek-madle,forecasted,30.07 14:00,Иржи Швец vs Людек Мадле,,,,2-3,hit,42,Иржи Швец,Людек Мадле,,,,-,,,,,,,,СТАВИМ,1,start-collapse-salvage-v4-2026-07-28,collapse-or-strength-15-or-history-share-61_5-or-relative-form-h5-edge-10,,,,,,,1,,,,,,,,,,,,,,,,,,,,,,,,,,,,,,,
bsportsfan-telegram-prediction-games-610-1785446385942.csv,https://ru.bsportsfan.com/table-tennis/r/12320822/petr-sebera-vs-jiri-zuzanek,forecasted,30.07 18:30,Петр Себера vs Иржи Зузанек,,,,3-0,miss,25,Петр Себера,Иржи Зузанек,,,,-,,,,,,,,СТАВИМ,1,start-dual-signal-v5-2026-07-30,relative-accuracy-and-moderate-tiers-v1,moderate,1,0,1,5,1,1,0,base-side-kept,4,0,1,0,1,1,1,1,1,7.3,-5,12.3,0,8,56.7,0,88,59,5,5,57.9,40,17.9,73.1,73.8,1,1,0,0
bsportsfan-telegram-prediction-games-610-1785446385942.csv,https://ru.bsportsfan.com/table-tennis/r/12320824/michal-cabis-vs-radovan-polasek,forecasted,30.07 13:32,Михал Кабис vs Радован Поласек,,,,2-3,hit,45,Михал Кабис,Радован Поласек,,,,-,,,,,,,,СТАВИМ,1,start-collapse-salvage-v4-2026-07-28,collapse-or-strength-15-or-history-share-61_5-or-relative-form-h5-edge-10,,,,,,,0,,,,,,,,,,,,,,,,,,,,,,,,,,,,,,,
bsportsfan-telegram-prediction-games-610-1785446385942.csv,https://ru.bsportsfan.com/table-tennis/r/12320825/jan-szotkowski-vs-tadeas-zika,observed_only,30.07 17:37,Ян Шотковски vs Тадеас Зика,,,,,,22,Ян Шотковски,Тадеас Зика,,,,-,,,,,,,,,0,,,,,,,,,0,,,,,,,,,,,,,,,,,,,,,,,,,,,,,,,
bsportsfan-telegram-prediction-games-610-1785446385942.csv,https://ru.bsportsfan.com/table-tennis/r/12320827/martin-skotnica-vs-jakub-pilch,observed_only,30.07 19:03,Мартин Скотница vs Якуб Пильх,,,,,,16,Мартин Скотница,Якуб Пильх,,,,-,,,,,,,,,0,,,,,,,,,0,,,,,,,,,,,,,,,,,,,,,,,,,,,,,,,
bsportsfan-telegram-prediction-games-610-1785446385942.csv,https://ru.bsportsfan.com/table-tennis/r/12320840/martin-sychra-vs-mark-robin-wagner,observed_only,30.07 13:32,Мартин Сихра vs Марк Робин Вагнер,,,,,,26,Мартин Сихра,Марк Робин Вагнер,,,,-,,,,,,,,,0,,,,,,,,,0,,,,,,,,,,,,,,,,,,,,,,,,,,,,,,,
bsportsfan-telegram-prediction-games-610-1785446385942.csv,https://ru.bsportsfan.com/table-tennis/r/12320851/michal-regner-vs-martin-sychra,observed_only,30.07 11:48,Михал Регнер vs Мартин Сихра,,,,,,6,Михал Регнер,Мартин Сихра,,,,-,,,,,,,,,0,,,,,,,,,0,,,,,,,,,,,,,,,,,,,,,,,,,,,,,,,
bsportsfan-telegram-prediction-games-610-1785446385942.csv,https://ru.bsportsfan.com/table-tennis/r/12320873/matyas-navedla-vs-radovan-polasek,observed_only,30.07 11:50,Матьяш Наведла vs Радован Поласек,,,,,,5,Матьяш Наведла,Радован Поласек,,,,-,,,,,,,,,0,,,,,,,,,0,,,,,,,,,,,,,,,,,,,,,,,,,,,,,,,
bsportsfan-telegram-prediction-games-610-1785446385942.csv,https://ru.bsportsfan.com/table-tennis/r/12320880/jan-mecl-jnr-vs-martin-huk,observed_only,30.07 19:03,Ян Мекл мл. vs Мартин Хук,,,,,,16,Ян Мекл мл.,Мартин Хук,,,,-,,,,,,,,,0,,,,,,,,,0,,,,,,,,,,,,,,,,,,,,,,,,,,,,,,,
bsportsfan-telegram-prediction-games-610-1785446385942.csv,https://ru.bsportsfan.com/table-tennis/r/12320881/ales-barton-vs-jan-mecl-jnr,observed_only,30.07 18:32,Алесь Бартон vs Ян Мекл мл.,,,,,,28,Алесь Бартон,Ян Мекл мл.,,,,-,,,,,,,,,0,,,,,,,,,0,,,,,,,,,,,,,,,,,,,,,,,,,,,,,,,
bsportsfan-telegram-prediction-games-610-1785446385942.csv,https://ru.bsportsfan.com/table-tennis/r/12320886/matej-grundel-vs-jakub-pilch,forecasted,30.07 18:02,Матей Грюндель vs Якуб Пильх,,,,2-3,hit,39,Матей Грюндель,Якуб Пильх,,,,-,,,,,,,,ПРОПУСК,0,start-collapse-salvage-v4-2026-07-28,collapse-or-strength-15-or-history-share-61_5-or-relative-form-h5-edge-10,,,,,,,0,,,,,,,,,,,,,,,,,,,,,,,,,,,,,,,
bsportsfan-telegram-prediction-games-610-1785446385942.csv,https://ru.bsportsfan.com/table-tennis/r/12320890/milan-regner-vs-jan-pleskot,observed_only,30.07 11:47,Милан Регнер vs Ян Плескот,,,,,,2,Милан Регнер,Ян Плескот,,,,-,,,,,,,,,0,,,,,,,,,0,,,,,,,,,,,,,,,,,,,,,,,,,,,,,,,
bsportsfan-telegram-prediction-games-610-1785446385942.csv,https://ru.bsportsfan.com/table-tennis/r/12320903/jan-kanera-vs-martin-huk,observed_only,30.07 18:01,Ян Канера vs Мартин Хук,,,,,,35,Ян Канера,Мартин Хук,,,,-,,,,,,,,,0,,,,,,,,,0,,,,,,,,,,,,,,,,,,,,,,,,,,,,,,,
bsportsfan-telegram-prediction-games-610-1785446385942.csv,https://ru.bsportsfan.com/table-tennis/r/12320939/jan-dzida-vs-jan-szotkowski,observed_only,30.07 18:03,Ян Дзида vs Ян Шотковски,,,,,,36,Ян Дзида,Ян Шотковски,,,,-,,,,,,,,,0,,,,,,,,,0,,,,,,,,,,,,,,,,,,,,,,,,,,,,,,,
bsportsfan-telegram-prediction-games-610-1785446385942.csv,https://ru.bsportsfan.com/table-tennis/r/12321402/julius-didi-vs-jan-framberk,observed_only,29.07 20:41,Юлиус Диди vs Ян Фрамберк,,,,,,8,Юлиус Диди,Ян Фрамберк,,,,-,,,,,,,,,0,,,,,,,,,0,,,,,,,,,,,,,,,,,,,,,,,,,,,,,,,
bsportsfan-telegram-prediction-games-610-1785446385942.csv,https://ru.bsportsfan.com/table-tennis/r/12321422/martin-mastera-vs-dominik-lengal,observed_only,29.07 20:41,Мартин Мастера vs Доминик Ленгал,,,,,,29,Мартин Мастера,Доминик Ленгал,,,,-,,,,,,,,,0,,,,,,,,,0,,,,,,,,,,,,,,,,,,,,,,,,,,,,,,,
bsportsfan-telegram-prediction-games-610-1785446385942.csv,https://ru.bsportsfan.com/table-tennis/r/12321424/jiri-louda-vs-petr-sebera,observed_only,29.07 20:44,Жири Лоуда vs Петр Себера,,,,,,3,Жири Лоуда,Петр Себера,,,,-,,,,,,,,,0,,,,,,,,,0,,,,,,,,,,,,,,,,,,,,,,,,,,,,,,,
bsportsfan-telegram-prediction-games-610-1785446385942.csv,https://ru.bsportsfan.com/table-tennis/r/12321426/yurii-holovatiuk-vs-rostislav-hasmanda,observed_only,29.07 20:43,Юрий Головатюк vs Ростислав Хасманда,,,,,,11,Юрий Головатюк,Ростислав Хасманда,,,,-,,,,,,,,,0,,,,,,,,,0,,,,,,,,,,,,,,,,,,,,,,,,,,,,,,,
bsportsfan-telegram-prediction-games-610-1785446385942.csv,https://ru.bsportsfan.com/table-tennis/r/12321586/milan-dvorak-vs-jan-hendrych,forecasted,29.07 20:57,Милан Дворжак vs Ян Хендрик,,,,,,37,Милан Дворжак,Ян Хендрик,2.1,1.65,bsportsfan-odds,29.07 20:54,,,,,,,,ПРОПУСК,0,start-collapse-salvage-v4-2026-07-28,collapse-or-strength-15-or-history-share-61_5-or-relative-form-h5-edge-10,,,,,,,0,,,,,,,,,,,,,,,,,,,,,,,,,,,,,,,
bsportsfan-telegram-prediction-games-610-1785446385942.csv,https://ru.bsportsfan.com/table-tennis/r/12321588/daniel-tomica-vs-michal-kratochvil,observed_only,29.07 20:41,Дэниел Томика vs Мичал Краточвил,,,,,,6,Дэниел Томика,Мичал Краточвил,,,,-,,,,,,,,,0,,,,,,,,,0,,,,,,,,,,,,,,,,,,,,,,,,,,,,,,,
bsportsfan-telegram-prediction-games-610-1785446385942.csv,https://ru.bsportsfan.com/table-tennis/r/12321589/roman-hudeczek-vs-marek-holub,observed_only,29.07 20:43,Роман Худечек vs Марек Голуб,,,,,,4,Роман Худечек,Марек Голуб,,,,-,,,,,,,,,0,,,,,,,,,0,,,,,,,,,,,,,,,,,,,,,,,,,,,,,,,
bsportsfan-telegram-prediction-games-610-1785446385942.csv,https://ru.bsportsfan.com/table-tennis/r/12321625/oleh-maksymkiv-vs-danylo-kasian,observed_only,30.07 13:06,Олег Максимков vs Данило Касиан,,,,,,26,Олег Максимков,Данило Касиан,,,,-,,,,,,,,,0,,,,,,,,,0,,,,,,,,,,,,,,,,,,,,,,,,,,,,,,,
bsportsfan-telegram-prediction-games-610-1785446385942.csv,https://ru.bsportsfan.com/table-tennis/r/12321630/danylo-kasian-vs-oleksandr-maslovskyi,observed_only,29.07 20:42,Данило Касиан vs Александр Масловский,,,,,,9,Данило Касиан,Александр Масловский,,,,-,,,,,,,,,0,,,,,,,,,0,,,,,,,,,,,,,,,,,,,,,,,,,,,,,,,
bsportsfan-telegram-prediction-games-610-1785446385942.csv,https://ru.bsportsfan.com/table-tennis/r/12321645/serhii-miroshnychenko-vs-serhii-maliuk,forecasted,30.07 14:02,Сергей Мирошниченко vs Сергей Малюк,,,,0-3,hit,25,Сергей Мирошниченко,Сергей Малюк,,,,-,,,,,,,,СТАВИМ,1,start-collapse-salvage-v4-2026-07-28,collapse-or-strength-15-or-history-share-61_5-or-relative-form-h5-edge-10,,,,,,,1,,,,,,,,,,,,,,,,,,,,,,,,,,,,,,,
bsportsfan-telegram-prediction-games-610-1785446385942.csv,https://ru.bsportsfan.com/table-tennis/r/12321653/oleksandr-ziakun-vs-oleksandr-syksa,forecasted,30.07 13:33,Олександр Зиакун vs Александр Сыкса,,,,3-2,hit,44,Олександр Зиакун,Александр Сыкса,,,,-,,,,,,,,СТАВИМ,1,start-collapse-salvage-v4-2026-07-28,collapse-or-strength-15-or-history-share-61_5-or-relative-form-h5-edge-10,,,,,,,0,,,,,,,,,,,,,,,,,,,,,,,,,,,,,,,
bsportsfan-telegram-prediction-games-610-1785446385942.csv,https://ru.bsportsfan.com/table-tennis/r/12321660/oleksandr-ziakun-vs-serhii-miroshnychenko,observed_only,30.07 12:03,Олександр Зиакун vs Сергей Мирошниченко,,,,,,30,Олександр Зиакун,Сергей Мирошниченко,,,,-,,,,,,,,,0,,,,,,,,,0,,,,,,,,,,,,,,,,,,,,,,,,,,,,,,,
bsportsfan-telegram-prediction-games-610-1785446385942.csv,https://ru.bsportsfan.com/table-tennis/r/12321661/oleksandr-syksa-vs-serhii-maliuk,observed_only,30.07 11:50,Александр Сыкса vs Сергей Малюк,,,,,,5,Александр Сыкса,Сергей Малюк,,,,-,,,,,,,,,0,,,,,,,,,0,,,,,,,,,,,,,,,,,,,,,,,,,,,,,,,
bsportsfan-telegram-prediction-games-610-1785446385942.csv,https://ru.bsportsfan.com/table-tennis/r/12321663/mykola-treshchetka-vs-viktor-ivanytskyi,observed_only,30.07 10:40,Микола Трешчетка vs Виктор Иваницкий,,,,,,1,Микола Трешчетка,Виктор Иваницкий,,,,-,,,,,,,,,0,,,,,,,,,0,,,,,,,,,,,,,,,,,,,,,,,,,,,,,,,
bsportsfan-telegram-prediction-games-610-1785446385942.csv,https://ru.bsportsfan.com/table-tennis/r/12321666/mykola-treshchetka-vs-dmytro-belanchyk,observed_only,30.07 13:29,Микола Трешчетка vs Дмитро Беланчик,,,,,,39,Микола Трешчетка,Дмитро Беланчик,,,,-,,,,,,,,,0,,,,,,,,,0,,,,,,,,,,,,,,,,,,,,,,,,,,,,,,,
bsportsfan-telegram-prediction-games-610-1785446385942.csv,https://ru.bsportsfan.com/table-tennis/r/12321674/dmitro-kuzmenko-vs-serhii-maliuk,observed_only,30.07 13:06,Дмитро Кузьменко vs Сергей Малюк,,,,,,21,Дмитро Кузьменко,Сергей Малюк,,,,-,,,,,,,,,0,,,,,,,,,0,,,,,,,,,,,,,,,,,,,,,,,,,,,,,,,
bsportsfan-telegram-prediction-games-610-1785446385942.csv,https://ru.bsportsfan.com/table-tennis/r/12321676/serhii-ponomarenko-vs-dmytro-kryshtal,forecasted,29.07 20:42,Сергей Пономаренко vs Дмитро Крышталь,,,,3-0,hit,29,Сергей Пономаренко,Дмитро Крышталь,1.04,8.45,bsportsfan-odds,29.07 20:42,,,,,,,,СТАВИМ,1,start-collapse-salvage-v4-2026-07-28,collapse-or-strength-15-or-history-share-61_5-or-relative-form-h5-edge-10,,,,,,,0,,,,,,,,,,,,,,,,,,,,,,,,,,,,,,,
bsportsfan-telegram-prediction-games-610-1785446385942.csv,https://ru.bsportsfan.com/table-tennis/r/12321683/oleksandr-maslovskyi-vs-danylo-kasian,observed_only,30.07 13:58,Александр Масловский vs Данило Касиан,,,,,,27,Александр Масловский,Данило Касиан,,,,-,,,,,,,,,0,,,,,,,,,0,,,,,,,,,,,,,,,,,,,,,,,,,,,,,,,
bsportsfan-telegram-prediction-games-610-1785446385942.csv,https://ru.bsportsfan.com/table-tennis/r/12321684/mykola-treshchetka-vs-oleksandr-maslovskyi,observed_only,30.07 11:57,Микола Трешчетка vs Александр Масловский,,,,,,33,Микола Трешчетка,Александр Масловский,,,,-,,,,,,,,,0,,,,,,,,,0,,,,,,,,,,,,,,,,,,,,,,,,,,,,,,,
bsportsfan-telegram-prediction-games-610-1785446385942.csv,https://ru.bsportsfan.com/table-tennis/r/12321689/dmytro-neborak-vs-oleksandr-shkurupii,forecasted,29.07 20:43,Дмитрий Неборак vs Александр Шкурупий,,,,2-3,hit,50,Дмитрий Неборак,Александр Шкурупий,2.3,1.546,bsportsfan-odds,29.07 20:43,,,,,,,,СТАВИМ,1,start-collapse-salvage-v4-2026-07-28,collapse-or-strength-15-or-history-share-61_5-or-relative-form-h5-edge-10,,,,,,,0,,,,,,,,,,,,,,,,,,,,,,,,,,,,,,,
bsportsfan-telegram-prediction-games-610-1785446385942.csv,https://ru.bsportsfan.com/table-tennis/r/12321690/ihor-torhachov-vs-vitalii-ananiev,forecasted,29.07 20:42,Игорь Торгачев vs Виталий Ананьев,,,,3-1,hit,36,Игорь Торгачев,Виталий Ананьев,1.285,3.325,bsportsfan-odds,29.07 20:42,,,,,,,,СТАВИМ,1,start-collapse-salvage-v4-2026-07-28,collapse-or-strength-15-or-history-share-61_5-or-relative-form-h5-edge-10,,,,,,,0,,,,,,,,,,,,,,,,,,,,,,,,,,,,,,,
bsportsfan-telegram-prediction-games-610-1785446385942.csv,https://ru.bsportsfan.com/table-tennis/r/12321716/dmytro-belanchyk-vs-danylo-kasian,observed_only,30.07 11:47,Дмитро Беланчик vs Данило Касиан,,,,,,4,Дмитро Беланчик,Данило Касиан,,,,-,,,,,,,,,0,,,,,,,,,0,,,,,,,,,,,,,,,,,,,,,,,,,,,,,,,
bsportsfan-telegram-prediction-games-610-1785446385942.csv,https://ru.bsportsfan.com/table-tennis/r/12321763/david-bochnak-vs-david-vesecky,forecasted,29.07 21:32,Дэвид Бочнак vs Давид Весецки,,,,,,37,Дэвид Бочнак,Давид Весецки,,,,-,,,,,,,,ПРОПУСК,0,start-collapse-salvage-v4-2026-07-28,collapse-or-strength-15-or-history-share-61_5-or-relative-form-h5-edge-10,,,,,,,1,,,,,,,,,,,,,,,,,,,,,,,,,,,,,,,
bsportsfan-telegram-prediction-games-610-1785446385942.csv,https://ru.bsportsfan.com/table-tennis/r/12321764/marek-kulisek-vs-michal-brozek,forecasted,29.07 21:03,Марер Кулисек vs Михал Брозек,,,,,,34,Марер Кулисек,Михал Брозек,1.9,1.8,bsportsfan-odds,29.07 20:59,,,,,,,,ПРОПУСК,0,start-collapse-salvage-v4-2026-07-28,collapse-or-strength-15-or-history-share-61_5-or-relative-form-h5-edge-10,,,,,,,0,,,,,,,,,,,,,,,,,,,,,,,,,,,,,,,
bsportsfan-telegram-prediction-games-610-1785446385942.csv,https://ru.bsportsfan.com/table-tennis/r/12322534/jiri-babinek-vs-tomas-trnka,forecasted,30.07 13:37,Жири Бабинек vs Томаш Трнка,,,,0-3,miss,31,Жири Бабинек,Томаш Трнка,,,,-,,,,,,,,ПРОПУСК,0,start-collapse-salvage-v4-2026-07-28,collapse-or-strength-15-or-history-share-61_5-or-relative-form-h5-edge-10,,,,,,,0,,,,,,,,,,,,,,,,,,,,,,,,,,,,,,,
bsportsfan-telegram-prediction-games-610-1785446385942.csv,https://ru.bsportsfan.com/table-tennis/r/12322566/jan-muska-vs-radek-vosyka,forecasted,30.07 13:09,Ян Муска vs Радек Восыка,,,,2-3,hit,32,Ян Муска,Радек Восыка,,,,-,,,,,,,,ПРОПУСК,0,start-collapse-salvage-v4-2026-07-28,collapse-or-strength-15-or-history-share-61_5-or-relative-form-h5-edge-10,,,,,,,1,,,,,,,,,,,,,,,,,,,,,,,,,,,,,,,
bsportsfan-telegram-prediction-games-610-1785446385942.csv,https://ru.bsportsfan.com/table-tennis/r/12322636/jan-srnka-vs-tomas-hnizdil,forecasted,30.07 13:51,Ян Срнка vs Томаш Гниздил,,,,,,47,Ян Срнка,Томаш Гниздил,,,,-,,,,,,,,ПРОПУСК,0,start-collapse-salvage-v4-2026-07-28,collapse-or-strength-15-or-history-share-61_5-or-relative-form-h5-edge-10,,,,,,,0,,,,,,,,,,,,,,,,,,,,,,,,,,,,,,,
bsportsfan-telegram-prediction-games-610-1785446385942.csv,https://ru.bsportsfan.com/table-tennis/r/12322646/jaroslav-sindler-vs-richard-jancak,observed_only,30.07 13:12,Ярослав Синдлер vs Ричард Янчак,,,,,,45,Ярослав Синдлер,Ричард Янчак,,,,-,,,,,,,,,0,,,,,,,,,0,,,,,,,,,,,,,,,,,,,,,,,,,,,,,,,
bsportsfan-telegram-prediction-games-610-1785446385942.csv,https://ru.bsportsfan.com/table-tennis/r/12322671/zdenek-zahradka-vs-adam-kral,forecasted,30.07 13:56,Зденек Захрадка vs Адам Крал,,,,3-2,hit,43,Зденек Захрадка,Адам Крал,,,,-,,,,,,,,ПРОПУСК,0,start-collapse-salvage-v4-2026-07-28,collapse-or-strength-15-or-history-share-61_5-or-relative-form-h5-edge-10,,,,,,,1,,,,,,,,,,,,,,,,,,,,,,,,,,,,,,,
bsportsfan-telegram-prediction-games-610-1785446385942.csv,https://ru.bsportsfan.com/table-tennis/r/12323092/nazar-danyliuk-vs-vadym-hryban,observed_only,30.07 16:56,Назар Данилюк vs Вадим Грибан,,,,,,24,Назар Данилюк,Вадим Грибан,,,,-,,,,,,,,,0,,,,,,,,,0,,,,,,,,,,,,,,,,,,,,,,,,,,,,,,,
bsportsfan-telegram-prediction-games-610-1785446385942.csv,https://ru.bsportsfan.com/table-tennis/r/12323095/evzen-ondracek-vs-josef-hanacek,observed_only,31.07 00:19,Евзен Ондрачек vs Йозеф Ганачек,,,,,,1,Евзен Ондрачек,Йозеф Ганачек,,,,-,,,,,,,,,0,,,,,,,,,0,,,,,,,,,,,,,,,,,,,,,,,,,,,,,,,
bsportsfan-telegram-prediction-games-610-1785446385942.csv,https://ru.bsportsfan.com/table-tennis/r/12323098/andrii-zeniuk-vs-vasyl-verbianyi,observed_only,30.07 17:37,Андрей Зенюк vs Василий Вербяный,,,,,,13,Андрей Зенюк,Василий Вербяный,,,,-,,,,,,,,,0,,,,,,,,,0,,,,,,,,,,,,,,,,,,,,,,,,,,,,,,,
bsportsfan-telegram-prediction-games-610-1785446385942.csv,https://ru.bsportsfan.com/table-tennis/r/12323103/andrii-vasylets-vs-maksym-hubenko,observed_only,30.07 19:03,Андрей Василец vs Максим Губенко,,,,,,12,Андрей Василец,Максим Губенко,,,,-,,,,,,,,,0,,,,,,,,,0,,,,,,,,,,,,,,,,,,,,,,,,,,,,,,,
bsportsfan-telegram-prediction-games-610-1785446385942.csv,https://ru.bsportsfan.com/table-tennis/r/12323108/andrii-lifanov-vs-denys-boltnekov,forecasted,30.07 18:37,Андрей Лифанов vs Денис Болнеков,,,,1-3,hit,27,Андрей Лифанов,Денис Болнеков,,,,-,,,,,,,,СТАВИМ,1,start-dual-signal-v5-2026-07-30,relative-accuracy-and-moderate-tiers-v1,moderate,1,0,1,5,1,1,0,base-side-kept,4,0,1,0,1,1,1,1,1,8.1,0.9,7.2,0,8,59.4,0,81,75,5,5,68.4,50,18.4,80.6,76.9,1,1,0,0
bsportsfan-telegram-prediction-games-610-1785446385942.csv,https://ru.bsportsfan.com/table-tennis/r/12323109/maksym-badai-vs-maksym-hubenko,forecasted,30.07 16:00,Максим Бадай vs Максим Губенко,,,,3-2,hit,30,Максим Бадай,Максим Губенко,,,,-,,,,,,,,СТАВИМ,1,start-collapse-salvage-v4-2026-07-28,collapse-or-strength-15-or-history-share-61_5-or-relative-form-h5-edge-10,,,,,,,0,,,,,,,,,,,,,,,,,,,,,,,,,,,,,,,
bsportsfan-telegram-prediction-games-610-1785446385942.csv,https://ru.bsportsfan.com/table-tennis/r/12323111/oleksandr-zhyrnov-vs-evhenii-hrytsenko,observed_only,30.07 15:29,Александр Жирнов vs Евгений Гриценко,,,,,,11,Александр Жирнов,Евгений Гриценко,,,,-,,,,,,,,,0,,,,,,,,,0,,,,,,,,,,,,,,,,,,,,,,,,,,,,,,,
bsportsfan-telegram-prediction-games-610-1785446385942.csv,https://ru.bsportsfan.com/table-tennis/r/12323114/andrii-lifanov-vs-ivan-elfemov,observed_only,30.07 17:08,Андрей Лифанов vs Иван Ельфемов,,,,,,25,Андрей Лифанов,Иван Ельфемов,,,,-,,,,,,,,,0,,,,,,,,,0,,,,,,,,,,,,,,,,,,,,,,,,,,,,,,,
bsportsfan-telegram-prediction-games-610-1785446385942.csv,https://ru.bsportsfan.com/table-tennis/r/12323115/vladyslav-stukalov-vs-vasyl-kondratenko,observed_only,30.07 11:47,Владислав Стукалов vs Василий Кондратернко,,,,,,5,Владислав Стукалов,Василий Кондратернко,,,,-,,,,,,,,,0,,,,,,,,,0,,,,,,,,,,,,,,,,,,,,,,,,,,,,,,,
bsportsfan-telegram-prediction-games-610-1785446385942.csv,https://ru.bsportsfan.com/table-tennis/r/12323116/oleksandr-mytsyk-vs-vladyslav-stukalov,observed_only,30.07 10:40,Александр Мыцык vs Владислав Стукалов,,,,,,1,Александр Мыцык,Владислав Стукалов,,,,-,,,,,,,,,0,,,,,,,,,0,,,,,,,,,,,,,,,,,,,,,,,,,,,,,,,
bsportsfan-telegram-prediction-games-610-1785446385942.csv,https://ru.bsportsfan.com/table-tennis/r/12323119/yehor-riadynskyi-vs-ruslan-khripun,forecasted,30.07 15:31,Егор Рядинский vs Руслан Хрипун,,,,0-3,hit,28,Егор Рядинский,Руслан Хрипун,,,,-,,,,,,,,СТАВИМ,1,start-collapse-salvage-v4-2026-07-28,collapse-or-strength-15-or-history-share-61_5-or-relative-form-h5-edge-10,,,,,,,1,,,,,,,,,,,,,,,,,,,,,,,,,,,,,,,
bsportsfan-telegram-prediction-games-610-1785446385942.csv,https://ru.bsportsfan.com/table-tennis/r/12323122/mykhailo-sokur-vs-yevhenii-holoborodko,forecasted,30.07 17:40,Михаил Сокур vs Евгений Голобородько,,,,3-1,miss,32,Михаил Сокур,Евгений Голобородько,1.85,1.8,bsportsfan-odds-frame,30.07 17:39,,,,,,,,СТАВИМ,1,start-collapse-salvage-v4-2026-07-28,collapse-or-strength-15-or-history-share-61_5-or-relative-form-h5-edge-10,,,,,,,1,,,,,,,,,,,,,,,,,,,,,,,,,,,,,,,
bsportsfan-telegram-prediction-games-610-1785446385942.csv,https://ru.bsportsfan.com/table-tennis/r/12323123/pavel-oplt-vs-martin-melisek,forecasted,30.07 13:15,Павел Оплт vs Мартин Мелисек,,,,3-2,hit,42,Павел Оплт,Мартин Мелисек,,,,-,,,,,,,,СТАВИМ,1,start-collapse-salvage-v4-2026-07-28,collapse-or-strength-15-or-history-share-61_5-or-relative-form-h5-edge-10,,,,,,,1,,,,,,,,,,,,,,,,,,,,,,,,,,,,,,,
bsportsfan-telegram-prediction-games-610-1785446385942.csv,https://ru.bsportsfan.com/table-tennis/r/12323125/ladislav-dobias-vs-ondrej-kaderabek,observed_only,30.07 18:47,Ладислав Добиас vs Ондржей Кадерабек,,,,,,37,Ладислав Добиас,Ондржей Кадерабек,,,,-,,,,,,,,,0,,,,,,,,,0,,,,,,,,,,,,,,,,,,,,,,,,,,,,,,,
bsportsfan-telegram-prediction-games-610-1785446385942.csv,https://ru.bsportsfan.com/table-tennis/r/12323128/radovan-debnar-vs-ladislav-dobias,observed_only,30.07 16:50,Радован Дебнар vs Ладислав Добиас,,,,,,38,Радован Дебнар,Ладислав Добиас,,,,-,,,,,,,,,0,,,,,,,,,0,,,,,,,,,,,,,,,,,,,,,,,,,,,,,,,
bsportsfan-telegram-prediction-games-610-1785446385942.csv,https://ru.bsportsfan.com/table-tennis/r/12323129/oleksandr-mytsyk-vs-oleksandr-leonenko,forecasted,30.07 13:08,Александр Мыцык vs Олександр Леоненко,,,,3-0,hit,24,Александр Мыцык,Олександр Леоненко,,,,-,,,,,,,,ПРОПУСК,0,start-collapse-salvage-v4-2026-07-28,collapse-or-strength-15-or-history-share-61_5-or-relative-form-h5-edge-10,,,,,,,0,,,,,,,,,,,,,,,,,,,,,,,,,,,,,,,
bsportsfan-telegram-prediction-games-610-1785446385942.csv,https://ru.bsportsfan.com/table-tennis/r/12323132/vasyl-verbianyi-vs-anton-molochko,observed_only,30.07 18:27,Василий Вербяный vs Антон Молочко,,,,,,31,Василий Вербяный,Антон Молочко,,,,-,,,,,,,,,0,,,,,,,,,0,,,,,,,,,,,,,,,,,,,,,,,,,,,,,,,
bsportsfan-telegram-prediction-games-610-1785446385942.csv,https://ru.bsportsfan.com/table-tennis/r/12323133/dmytro-kryshtal-vs-serhii-kiilo,observed_only,30.07 16:34,Дмитро Крышталь vs Сергей Кийло,,,,,,40,Дмитро Крышталь,Сергей Кийло,,,,-,,,,,,,,,0,,,,,,,,,0,,,,,,,,,,,,,,,,,,,,,,,,,,,,,,,
bsportsfan-telegram-prediction-games-610-1785446385942.csv,https://ru.bsportsfan.com/table-tennis/r/12323138/anatolii-nazarov-vs-anatolii-levshyn,observed_only,30.07 16:04,Анатолий Назаров vs Анатолий Левшин,,,,,,45,Анатолий Назаров,Анатолий Левшин,,,,-,,,,,,,,,0,,,,,,,,,0,,,,,,,,,,,,,,,,,,,,,,,,,,,,,,,
bsportsfan-telegram-prediction-games-610-1785446385942.csv,https://ru.bsportsfan.com/table-tennis/r/12323140/oleksandr-zhyrnov-vs-yevhenii-holoborodko,forecasted,30.07 13:40,Александр Жирнов vs Евгений Голобородько,,,,3-1,miss,37,Александр Жирнов,Евгений Голобородько,,,,-,,,,,,,,ПРОПУСК,0,start-collapse-salvage-v4-2026-07-28,collapse-or-strength-15-or-history-share-61_5-or-relative-form-h5-edge-10,,,,,,,1,,,,,,,,,,,,,,,,,,,,,,,,,,,,,,,
bsportsfan-telegram-prediction-games-610-1785446385942.csv,https://ru.bsportsfan.com/table-tennis/r/12323143/viacheslav-kovalenko-vs-eduard-rubtsov,observed_only,30.07 18:57,Вячеслав Коваленко vs Эдуард Рубцов,,,,,,25,Вячеслав Коваленко,Эдуард Рубцов,,,,-,,,,,,,,,0,,,,,,,,,0,,,,,,,,,,,,,,,,,,,,,,,,,,,,,,,
bsportsfan-telegram-prediction-games-610-1785446385942.csv,https://ru.bsportsfan.com/table-tennis/r/12323144/miroslav-vana-vs-adam-dvoracek,forecasted,30.07 13:09,Мирослав Вана vs Адам Дворачек,,,,0-3,miss,36,Мирослав Вана,Адам Дворачек,,,,-,,,,,,,,ПРОПУСК,0,start-collapse-salvage-v4-2026-07-28,collapse-or-strength-15-or-history-share-61_5-or-relative-form-h5-edge-10,,,,,,,0,,,,,,,,,,,,,,,,,,,,,,,,,,,,,,,
bsportsfan-telegram-prediction-games-610-1785446385942.csv,https://ru.bsportsfan.com/table-tennis/r/12323145/jan-blazek-vs-marian-melisek,observed_only,30.07 13:06,Ян Блажек vs Мариан Мелисек,,,,,,2,Ян Блажек,Мариан Мелисек,,,,-,,,,,,,,,0,,,,,,,,,0,,,,,,,,,,,,,,,,,,,,,,,,,,,,,,,
bsportsfan-telegram-prediction-games-610-1785446385942.csv,https://ru.bsportsfan.com/table-tennis/r/12323146/bohdan-kohut-vs-anton-molochko,observed_only,30.07 16:31,Богдан Кохут vs Антон Молочко,,,,,,30,Богдан Кохут,Антон Молочко,,,,-,,,,,,,,,0,,,,,,,,,0,,,,,,,,,,,,,,,,,,,,,,,,,,,,,,,
bsportsfan-telegram-prediction-games-610-1785446385942.csv,https://ru.bsportsfan.com/table-tennis/r/12323149/adam-radkovsky-vs-martin-melisek,forecasted,30.07 13:47,Адам Радковски vs Мартин Мелисек,,,,3-1,hit,28,Адам Радковски,Мартин Мелисек,,,,-,,,,,,,,СТАВИМ,1,start-collapse-salvage-v4-2026-07-28,collapse-or-strength-15-or-history-share-61_5-or-relative-form-h5-edge-10,,,,,,,0,,,,,,,,,,,,,,,,,,,,,,,,,,,,,,,
bsportsfan-telegram-prediction-games-610-1785446385942.csv,https://ru.bsportsfan.com/table-tennis/r/12323150/oleksandr-bondarchuk-vs-oleksandr-ivchuk,observed_only,30.07 10:40,Олександр Бондарчук vs Александр Ивчук,,,,,,1,Олександр Бондарчук,Александр Ивчук,,,,-,,,,,,,,,0,,,,,,,,,0,,,,,,,,,,,,,,,,,,,,,,,,,,,,,,,
bsportsfan-telegram-prediction-games-610-1785446385942.csv,https://ru.bsportsfan.com/table-tennis/r/12323158/anatolii-nazarov-vs-ruslan-khripun,forecasted,30.07 18:33,Анатолий Назаров vs Руслан Хрипун,,,,3-1,miss,41,Анатолий Назаров,Руслан Хрипун,1.57,2.25,bsportsfan-odds-frame,30.07 18:33,,,,,,,,СТАВИМ,1,start-dual-signal-v5-2026-07-30,relative-accuracy-and-moderate-tiers-v1,accuracy,1,1,1,5,0,1,1,weak-relative-agreement,2,1,1,0,1,1,1,1,1,3.8,-3.4,7.2,0,8,50,0,75,100,5,5,52.6,47.8,4.8,65.6,76.9,1,1,1,0
bsportsfan-telegram-prediction-games-610-1785446385942.csv,https://ru.bsportsfan.com/table-tennis/r/12323159/vadym-komar-vs-roman-horokh,observed_only,30.07 16:04,Вадим Комар vs Роман Хорокх,,,,,,43,Вадим Комар,Роман Хорокх,,,,-,,,,,,,,,0,,,,,,,,,0,,,,,,,,,,,,,,,,,,,,,,,,,,,,,,,
bsportsfan-telegram-prediction-games-610-1785446385942.csv,https://ru.bsportsfan.com/table-tennis/r/12323165/yehor-riadynskyi-vs-yehor-opryshchenko,observed_only,30.07 19:03,Егор Рядинский vs Егор Оприщенко,,,,,,12,Егор Рядинский,Егор Оприщенко,,,,-,,,,,,,,,0,,,,,,,,,0,,,,,,,,,,,,,,,,,,,,,,,,,,,,,,,
bsportsfan-telegram-prediction-games-610-1785446385942.csv,https://ru.bsportsfan.com/table-tennis/r/12323166/oleksandr-mishchenko-vs-mykhailo-makienko,forecasted,30.07 18:27,Александр Мищенко vs Михаил Макиенко,,,,3-1,miss,35,Александр Мищенко,Михаил Макиенко,1.8,1.905,bsportsfan-odds-frame,30.07 18:27,,,,,,,,ПРОПУСК,0,start-dual-signal-v5-2026-07-30,relative-accuracy-and-moderate-tiers-v1,rejected,0,0,0,5,1,1,0,outside-base-collapse-branch,2.5,1,4,2,6,2,0,1,0,1.4,-12,13.4,0,8,47.1,0,63,68,5,5,45.5,42.9,2.6,69.4,65.6,1,0,1,0
bsportsfan-telegram-prediction-games-610-1785446385942.csv,https://ru.bsportsfan.com/table-tennis/r/12323168/ruslan-ivanov-vs-maksym-hubenko,observed_only,30.07 17:37,Руслан Иванов vs Максим Губенко,,,,,,59,Руслан Иванов,Максим Губенко,,,,-,,,,,,,,,0,,,,,,,,,0,,,,,,,,,,,,,,,,,,,,,,,,,,,,,,,
bsportsfan-telegram-prediction-games-610-1785446385942.csv,https://ru.bsportsfan.com/table-tennis/r/12323171/andrii-derevianko-vs-ruslan-khripun,observed_only,30.07 16:37,Андрий Деревянко vs Руслан Хрипун,,,,,,35,Андрий Деревянко,Руслан Хрипун,,,,-,,,,,,,,,0,,,,,,,,,0,,,,,,,,,,,,,,,,,,,,,,,,,,,,,,,
bsportsfan-telegram-prediction-games-610-1785446385942.csv,https://ru.bsportsfan.com/table-tennis/r/12323172/fedir-chashchin-vs-valentyn-chumak,forecasted,30.07 18:06,Федор Чащин vs Валентин Чумак,,,,3-2,hit,39,Федор Чащин,Валентин Чумак,,,,-,,,,,,,,СТАВИМ,1,start-collapse-salvage-v4-2026-07-28,collapse-or-strength-15-or-history-share-61_5-or-relative-form-h5-edge-10,,,,,,,0,,,,,,,,,,,,,,,,,,,,,,,,,,,,,,,
bsportsfan-telegram-prediction-games-610-1785446385942.csv,https://ru.bsportsfan.com/table-tennis/r/12323173/frantisek-schmidtmayer-vs-tomas-hanke,observed_only,30.07 16:34,Франтисек Шмидтмайер vs Томас Ханке,,,,,,32,Франтисек Шмидтмайер,Томас Ханке,,,,-,,,,,,,,,0,,,,,,,,,0,,,,,,,,,,,,,,,,,,,,,,,,,,,,,,,
bsportsfan-telegram-prediction-games-610-1785446385942.csv,https://ru.bsportsfan.com/table-tennis/r/12323175/viktor-slozka-vs-vitalii-krokhmal,observed_only,30.07 17:07,Виктор Слозка vs Виталий Крохмал,,,,,,23,Виктор Слозка,Виталий Крохмал,,,,-,,,,,,,,,0,,,,,,,,,0,,,,,,,,,,,,,,,,,,,,,,,,,,,,,,,
bsportsfan-telegram-prediction-games-610-1785446385942.csv,https://ru.bsportsfan.com/table-tennis/r/12323176/serhii-kiilo-vs-serhii-balabei,forecasted,30.07 15:32,Сергей Кийло vs Сергей Балабей,,,,2-3,hit,50,Сергей Кийло,Сергей Балабей,,,,-,,,,,,,,СТАВИМ,1,start-collapse-salvage-v4-2026-07-28,collapse-or-strength-15-or-history-share-61_5-or-relative-form-h5-edge-10,,,,,,,1,,,,,,,,,,,,,,,,,,,,,,,,,,,,,,,
bsportsfan-telegram-prediction-games-610-1785446385942.csv,https://ru.bsportsfan.com/table-tennis/r/12323177/oleksandr-mytsyk-vs-oleksandr-ovsiienko,observed_only,30.07 12:08,Александр Мыцык vs Александр Овсиенко,,,,,,22,Александр Мыцык,Александр Овсиенко,,,,-,,,,,,,,,0,,,,,,,,,0,,,,,,,,,,,,,,,,,,,,,,,,,,,,,,,
bsportsfan-telegram-prediction-games-610-1785446385942.csv,https://ru.bsportsfan.com/table-tennis/r/12323178/mykhailo-sokur-vs-volodymyr-maksiuta,observed_only,30.07 18:42,Михаил Сокур vs Владимир Максюта,,,,,,39,Михаил Сокур,Владимир Максюта,,,,-,,,,,,,,,0,,,,,,,,,0,,,,,,,,,,,,,,,,,,,,,,,,,,,,,,,
bsportsfan-telegram-prediction-games-610-1785446385942.csv,https://ru.bsportsfan.com/table-tennis/r/12323179/myroslav-loboda-vs-yaroslav-vorsuliak,forecasted,30.07 15:35,Мирослав Лобода vs Ярослав Ворсуляк,,,,3-1,miss,29,Мирослав Лобода,Ярослав Ворсуляк,,,,-,,,,,,,,СТАВИМ,1,start-collapse-salvage-v4-2026-07-28,collapse-or-strength-15-or-history-share-61_5-or-relative-form-h5-edge-10,,,,,,,1,,,,,,,,,,,,,,,,,,,,,,,,,,,,,,,
bsportsfan-telegram-prediction-games-610-1785446385942.csv,https://ru.bsportsfan.com/table-tennis/r/12323181/oleksandr-bondarchuk-vs-oleksandr-shkurupii,observed_only,30.07 11:53,Олександр Бондарчук vs Александр Шкурупий,,,,,,30,Олександр Бондарчук,Александр Шкурупий,,,,-,,,,,,,,,0,,,,,,,,,0,,,,,,,,,,,,,,,,,,,,,,,,,,,,,,,
bsportsfan-telegram-prediction-games-610-1785446385942.csv,https://ru.bsportsfan.com/table-tennis/r/12323190/andrii-zeniuk-vs-anton-molochko,observed_only,30.07 15:29,Андрей Зенюк vs Антон Молочко,,,,,,25,Андрей Зенюк,Антон Молочко,,,,-,,,,,,,,,0,,,,,,,,,0,,,,,,,,,,,,,,,,,,,,,,,,,,,,,,,
bsportsfan-telegram-prediction-games-610-1785446385942.csv,https://ru.bsportsfan.com/table-tennis/r/12323195/eduard-rubtsov-vs-oleksandr-mishchenko,observed_only,30.07 17:38,Эдуард Рубцов vs Александр Мищенко,,,,,,21,Эдуард Рубцов,Александр Мищенко,,,,-,,,,,,,,,0,,,,,,,,,0,,,,,,,,,,,,,,,,,,,,,,,,,,,,,,,
bsportsfan-telegram-prediction-games-610-1785446385942.csv,https://ru.bsportsfan.com/table-tennis/r/12323196/ruslan-ivanov-vs-andrii-vasylets,forecasted,30.07 15:32,Руслан Иванов vs Андрей Василец,,,,3-0,hit,28,Руслан Иванов,Андрей Василец,,,,-,,,,,,,,СТАВИМ,1,start-collapse-salvage-v4-2026-07-28,collapse-or-strength-15-or-history-share-61_5-or-relative-form-h5-edge-10,,,,,,,0,,,,,,,,,,,,,,,,,,,,,,,,,,,,,,,
bsportsfan-telegram-prediction-games-610-1785446385942.csv,https://ru.bsportsfan.com/table-tennis/r/12323198/radovan-debnar-vs-ondrej-kaderabek,forecasted,30.07 17:46,Радован Дебнар vs Ондржей Кадерабек,,,,1-3,miss,34,Радован Дебнар,Ондржей Кадерабек,,,,-,,,,,,,,ПРОПУСК,0,start-collapse-salvage-v4-2026-07-28,collapse-or-strength-15-or-history-share-61_5-or-relative-form-h5-edge-10,,,,,,,0,,,,,,,,,,,,,,,,,,,,,,,,,,,,,,,
bsportsfan-telegram-prediction-games-610-1785446385942.csv,https://ru.bsportsfan.com/table-tennis/r/12323199/maksym-badai-vs-andrii-vasylets,observed_only,30.07 17:02,Максим Бадай vs Андрей Василец,,,,,,24,Максим Бадай,Андрей Василец,,,,-,,,,,,,,,0,,,,,,,,,0,,,,,,,,,,,,,,,,,,,,,,,,,,,,,,,
bsportsfan-telegram-prediction-games-610-1785446385942.csv,https://ru.bsportsfan.com/table-tennis/r/12323205/frantisek-schmidtmayer-vs-zdenek-kuksa,observed_only,30.07 17:37,Франтисек Шмидтмайер vs Жденек Кукса,,,,,,27,Франтисек Шмидтмайер,Жденек Кукса,,,,-,,,,,,,,,0,,,,,,,,,0,,,,,,,,,,,,,,,,,,,,,,,,,,,,,,,
bsportsfan-telegram-prediction-games-610-1785446385942.csv,https://ru.bsportsfan.com/table-tennis/r/12323213/avraham-nazrin-vs-viktor-slozka,forecasted,30.07 16:07,Avraham Nazrin vs Виктор Слозка,,,,3-1,miss,33,Avraham Nazrin,Виктор Слозка,,,,-,,,,,,,,ПРОПУСК,0,start-collapse-salvage-v4-2026-07-28,collapse-or-strength-15-or-history-share-61_5-or-relative-form-h5-edge-10,,,,,,,1,,,,,,,,,,,,,,,,,,,,,,,,,,,,,,,
bsportsfan-telegram-prediction-games-610-1785446385942.csv,https://ru.bsportsfan.com/table-tennis/r/12323217/stepan-rejent-vs-radovan-debnar,forecasted,30.07 18:15,Степан Реджент vs Радован Дебнар,,,,3-1,hit,13,Степан Реджент,Радован Дебнар,,,,-,,,,,,,,СТАВИМ,1,start-collapse-salvage-v4-2026-07-28,collapse-or-strength-15-or-history-share-61_5-or-relative-form-h5-edge-10,,,,,,,0,,,,,,,,,,,,,,,,,,,,,,,,,,,,,,,
bsportsfan-telegram-prediction-games-610-1785446385942.csv,https://ru.bsportsfan.com/table-tennis/r/12323220/adam-radkovsky-vs-leon-kolman,observed_only,30.07 13:06,Адам Радковски vs Леон Колман,,,,,,5,Адам Радковски,Леон Колман,,,,-,,,,,,,,,0,,,,,,,,,0,,,,,,,,,,,,,,,,,,,,,,,,,,,,,,,
bsportsfan-telegram-prediction-games-610-1785446385942.csv,https://ru.bsportsfan.com/table-tennis/r/12323225/serhii-kiilo-vs-roman-horokh,observed_only,30.07 17:37,Сергей Кийло vs Роман Хорокх,,,,,,23,Сергей Кийло,Роман Хорокх,,,,-,,,,,,,,,0,,,,,,,,,0,,,,,,,,,,,,,,,,,,,,,,,,,,,,,,,
bsportsfan-telegram-prediction-games-610-1785446385942.csv,https://ru.bsportsfan.com/table-tennis/r/12323226/stepan-rejent-vs-ondrej-kaderabek,forecasted,30.07 16:23,Степан Реджент vs Ондржей Кадерабек,,,,3-0,miss,10,Степан Реджент,Ондржей Кадерабек,2.35,1.52,bsportsfan-odds-frame,30.07 16:23,,,,,,,,СТАВИМ,1,start-collapse-salvage-v4-2026-07-28,collapse-or-strength-15-or-history-share-61_5-or-relative-form-h5-edge-10,,,,,,,1,,,,,,,,,,,,,,,,,,,,,,,,,,,,,,,
bsportsfan-telegram-prediction-games-610-1785446385942.csv,https://ru.bsportsfan.com/table-tennis/r/12323230/miroslav-vana-vs-marian-melisek,forecasted,30.07 14:00,Мирослав Вана vs Мариан Мелисек,,,,0-3,hit,32,Мирослав Вана,Мариан Мелисек,,,,-,,,,,,,,СТАВИМ,1,start-collapse-salvage-v4-2026-07-28,collapse-or-strength-15-or-history-share-61_5-or-relative-form-h5-edge-10,,,,,,,1,,,,,,,,,,,,,,,,,,,,,,,,,,,,,,,
bsportsfan-telegram-prediction-games-610-1785446385942.csv,https://ru.bsportsfan.com/table-tennis/r/12323232/ladislav-tuma-vs-tomas-hanke,forecasted,30.07 18:01,Ладислав Тума vs Томас Ханке,,,,0-3,hit,20,Ладислав Тума,Томас Ханке,,,,-,,,,,,,,ПРОПУСК,0,start-collapse-salvage-v4-2026-07-28,collapse-or-strength-15-or-history-share-61_5-or-relative-form-h5-edge-10,,,,,,,1,,,,,,,,,,,,,,,,,,,,,,,,,,,,,,,
bsportsfan-telegram-prediction-games-610-1785446385942.csv,https://ru.bsportsfan.com/table-tennis/r/12323239/fedir-chashchin-vs-ivan-elfemov,forecasted,30.07 16:08,Федор Чащин vs Иван Ельфемов,,,,3-1,miss,33,Федор Чащин,Иван Ельфемов,,,,-,,,,,,,,СТАВИМ,1,start-collapse-salvage-v4-2026-07-28,collapse-or-strength-15-or-history-share-61_5-or-relative-form-h5-edge-10,,,,,,,1,,,,,,,,,,,,,,,,,,,,,,,,,,,,,,,
bsportsfan-telegram-prediction-games-610-1785446385942.csv,https://ru.bsportsfan.com/table-tennis/r/12323247/anton-shypilov-vs-oleksii-mitla,observed_only,31.07 00:19,Антон Шипилов vs Алексей Митла,,,,,,1,Антон Шипилов,Алексей Митла,,,,-,,,,,,,,,0,,,,,,,,,0,,,,,,,,,,,,,,,,,,,,,,,,,,,,,,,
bsportsfan-telegram-prediction-games-610-1785446385942.csv,https://ru.bsportsfan.com/table-tennis/r/12323259/dmytro-neborak-vs-oleksandr-bondarchuk,forecasted,30.07 13:22,Дмитрий Неборак vs Олександр Бондарчук,,,,2-3,hit,42,Дмитрий Неборак,Олександр Бондарчук,,,,-,,,,,,,,СТАВИМ,1,start-collapse-salvage-v4-2026-07-28,collapse-or-strength-15-or-history-share-61_5-or-relative-form-h5-edge-10,,,,,,,1,,,,,,,,,,,,,,,,,,,,,,,,,,,,,,,
bsportsfan-telegram-prediction-games-610-1785446385942.csv,https://ru.bsportsfan.com/table-tennis/r/12323262/oleksandr-zhyrnov-vs-oleg-varlamov,forecasted,30.07 18:10,Александр Жирнов vs Олег Варламов,,,,3-1,hit,28,Александр Жирнов,Олег Варламов,,,,-,,,,,,,,СТАВИМ,1,start-collapse-salvage-v4-2026-07-28,collapse-or-strength-15-or-history-share-61_5-or-relative-form-h5-edge-10,,,,,,,0,,,,,,,,,,,,,,,,,,,,,,,,,,,,,,,
bsportsfan-telegram-prediction-games-610-1785446385942.csv,https://ru.bsportsfan.com/table-tennis/r/12323263/zdenek-kuksa-vs-tomas-hanke,observed_only,30.07 19:02,Жденек Кукса vs Томас Ханке,,,,,,17,Жденек Кукса,Томас Ханке,,,,-,,,,,,,,,0,,,,,,,,,0,,,,,,,,,,,,,,,,,,,,,,,,,,,,,,,
bsportsfan-telegram-prediction-games-610-1785446385942.csv,https://ru.bsportsfan.com/table-tennis/r/12323264/mykhailo-sokur-vs-oleg-varlamov,forecasted,30.07 16:11,Михаил Сокур vs Олег Варламов,,,,3-0,miss,27,Михаил Сокур,Олег Варламов,,,,-,,,,,,,,СТАВИМ,1,start-collapse-salvage-v4-2026-07-28,collapse-or-strength-15-or-history-share-61_5-or-relative-form-h5-edge-10,,,,,,,1,,,,,,,,,,,,,,,,,,,,,,,,,,,,,,,
bsportsfan-telegram-prediction-games-610-1785446385942.csv,https://ru.bsportsfan.com/table-tennis/r/12323265/serhii-chelpanov-vs-o-volo-kovalchuk,observed_only,30.07 18:00,Сергей Челпанов vs Александр В. Ковальчук,,,,,,39,Сергей Челпанов,Александр В. Ковальчук,,,,-,,,,,,,,,0,,,,,,,,,0,,,,,,,,,,,,,,,,,,,,,,,,,,,,,,,
bsportsfan-telegram-prediction-games-610-1785446385942.csv,https://ru.bsportsfan.com/table-tennis/r/12323267/vasyl-kondratenko-vs-oleksandr-ovsiienko,observed_only,30.07 13:38,Василий Кондратернко vs Александр Овсиенко,,,,,,40,Василий Кондратернко,Александр Овсиенко,,,,-,,,,,,,,,0,,,,,,,,,0,,,,,,,,,,,,,,,,,,,,,,,,,,,,,,,
bsportsfan-telegram-prediction-games-610-1785446385942.csv,https://ru.bsportsfan.com/table-tennis/r/12323277/iurii-hrekh-vs-viktor-slozka,forecasted,30.07 18:06,Юрий Хрекх vs Виктор Слозка,,,,3-0,hit,25,Юрий Хрекх,Виктор Слозка,,,,-,,,,,,,,СТАВИМ,1,start-collapse-salvage-v4-2026-07-28,collapse-or-strength-15-or-history-share-61_5-or-relative-form-h5-edge-10,,,,,,,0,,,,,,,,,,,,,,,,,,,,,,,,,,,,,,,
bsportsfan-telegram-prediction-games-610-1785446385942.csv,https://ru.bsportsfan.com/table-tennis/r/12323278/roman-konkulovskyi-vs-andrii-romanenko,observed_only,30.07 10:40,Роман Конкуловский vs Андрей Романенко,,,,,,1,Роман Конкуловский,Андрей Романенко,,,,-,,,,,,,,,0,,,,,,,,,0,,,,,,,,,,,,,,,,,,,,,,,,,,,,,,,
bsportsfan-telegram-prediction-games-610-1785446385942.csv,https://ru.bsportsfan.com/table-tennis/r/12323280/bohdan-chaikovskyi-vs-ihor-sukovatyi,observed_only,30.07 11:48,Богдан Чайковский vs Игорь Суковатый,,,,,,13,Богдан Чайковский,Игорь Суковатый,,,,-,,,,,,,,,0,,,,,,,,,0,,,,,,,,,,,,,,,,,,,,,,,,,,,,,,,
bsportsfan-telegram-prediction-games-610-1785446385942.csv,https://ru.bsportsfan.com/table-tennis/r/12323285/yehor-riadynskyi-vs-anatolii-nazarov,observed_only,30.07 17:37,Егор Рядинский vs Анатолий Назаров,,,,,,23,Егор Рядинский,Анатолий Назаров,,,,-,,,,,,,,,0,,,,,,,,,0,,,,,,,,,,,,,,,,,,,,,,,,,,,,,,,
bsportsfan-telegram-prediction-games-610-1785446385942.csv,https://ru.bsportsfan.com/table-tennis/r/12323288/pavel-oplt-vs-leon-kolman,forecasted,30.07 14:05,Павел Оплт vs Леон Колман,,,,,,22,Павел Оплт,Леон Колман,,,,-,,,,,,,,ПРОПУСК,0,start-collapse-salvage-v4-2026-07-28,collapse-or-strength-15-or-history-share-61_5-or-relative-form-h5-edge-10,,,,,,,1,,,,,,,,,,,,,,,,,,,,,,,,,,,,,,,
bsportsfan-telegram-prediction-games-610-1785446385942.csv,https://ru.bsportsfan.com/table-tennis/r/12323289/oleksandr-zhyrnov-vs-volodymyr-maksiuta,observed_only,30.07 16:42,Александр Жирнов vs Владимир Максюта,,,,,,30,Александр Жирнов,Владимир Максюта,,,,-,,,,,,,,,0,,,,,,,,,0,,,,,,,,,,,,,,,,,,,,,,,,,,,,,,,
bsportsfan-telegram-prediction-games-610-1785446385942.csv,https://ru.bsportsfan.com/table-tennis/r/12323293/oleg-varlamov-vs-evhenii-hrytsenko,observed_only,30.07 17:11,Олег Варламов vs Евгений Гриценко,,,,,,17,Олег Варламов,Евгений Гриценко,,,,-,,,,,,,,,0,,,,,,,,,0,,,,,,,,,,,,,,,,,,,,,,,,,,,,,,,
bsportsfan-telegram-prediction-games-610-1785446385942.csv,https://ru.bsportsfan.com/table-tennis/r/12323296/roman-konkulovskyi-vs-bohdan-chaikovskyi,forecasted,30.07 13:35,Роман Конкуловский vs Богдан Чайковский,,,,3-2,hit,36,Роман Конкуловский,Богдан Чайковский,,,,-,,,,,,,,ПРОПУСК,0,start-collapse-salvage-v4-2026-07-28,collapse-or-strength-15-or-history-share-61_5-or-relative-form-h5-edge-10,,,,,,,1,,,,,,,,,,,,,,,,,,,,,,,,,,,,,,,
bsportsfan-telegram-prediction-games-610-1785446385942.csv,https://ru.bsportsfan.com/table-tennis/r/12323300/myroslav-loboda-vs-avraham-nazrin,forecasted,30.07 17:38,Мирослав Лобода vs Авраам Назрин,,,,3-0,hit,26,Мирослав Лобода,Авраам Назрин,,,,-,,,,,,,,СТАВИМ,1,start-collapse-salvage-v4-2026-07-28,collapse-or-strength-15-or-history-share-61_5-or-relative-form-h5-edge-10,,,,,,,0,,,,,,,,,,,,,,,,,,,,,,,,,,,,,,,
bsportsfan-telegram-prediction-games-610-1785446385942.csv,https://ru.bsportsfan.com/table-tennis/r/12323301/viacheslav-simchuk-vs-serhii-honcharenko,observed_only,30.07 12:03,Вячеслав Симчук vs Сергей Гончаренко,,,,,,32,Вячеслав Симчук,Сергей Гончаренко,,,,-,,,,,,,,,0,,,,,,,,,0,,,,,,,,,,,,,,,,,,,,,,,,,,,,,,,
bsportsfan-telegram-prediction-games-610-1785446385942.csv,https://ru.bsportsfan.com/table-tennis/r/12323303/mykhailo-sokur-vs-evhenii-hrytsenko,forecasted,30.07 14:10,Михаил Сокур vs Евгений Гриценко,,,,,,22,Михаил Сокур,Евгений Гриценко,,,,-,,,,,,,,ПРОПУСК,0,start-collapse-salvage-v4-2026-07-28,collapse-or-strength-15-or-history-share-61_5-or-relative-form-h5-edge-10,,,,,,,1,,,,,,,,,,,,,,,,,,,,,,,,,,,,,,,
bsportsfan-telegram-prediction-games-610-1785446385942.csv,https://ru.bsportsfan.com/table-tennis/r/12323305/vadym-komar-vs-serhii-kiilo,observed_only,30.07 18:33,Вадим Комар vs Сергей Кийло,,,,,,48,Вадим Комар,Сергей Кийло,,,,-,,,,,,,,,0,,,,,,,,,0,,,,,,,,,,,,,,,,,,,,,,,,,,,,,,,
bsportsfan-telegram-prediction-games-610-1785446385942.csv,https://ru.bsportsfan.com/table-tennis/r/12323306/volodymyr-maksiuta-vs-yevhenii-holoborodko,observed_only,30.07 15:43,Владимир Максюта vs Евгений Голобородько,,,,,,30,Владимир Максюта,Евгений Голобородько,,,,-,,,,,,,,,0,,,,,,,,,0,,,,,,,,,,,,,,,,,,,,,,,,,,,,,,,
bsportsfan-telegram-prediction-games-610-1785446385942.csv,https://ru.bsportsfan.com/table-tennis/r/12323308/andrii-derevianko-vs-anatolii-levshyn,observed_only,30.07 18:04,Андрий Деревянко vs Анатолий Левшин,,,,,,31,Андрий Деревянко,Анатолий Левшин,,,,-,,,,,,,,,0,,,,,,,,,0,,,,,,,,,,,,,,,,,,,,,,,,,,,,,,,
bsportsfan-telegram-prediction-games-610-1785446385942.csv,https://ru.bsportsfan.com/table-tennis/r/12323312/bohdan-kohut-vs-nazar-danyliuk,forecasted,30.07 17:55,Богдан Кохут vs Назар Данилюк,,,,3-0,miss,31,Богдан Кохут,Назар Данилюк,,,,-,,,,,,,,ПРОПУСК,0,start-collapse-salvage-v4-2026-07-28,collapse-or-strength-15-or-history-share-61_5-or-relative-form-h5-edge-10,,,,,,,1,,,,,,,,,,,,,,,,,,,,,,,,,,,,,,,
bsportsfan-telegram-prediction-games-610-1785446385942.csv,https://ru.bsportsfan.com/table-tennis/r/12323317/kostiantyn-klymenko-vs-oleksandr-mytsyk,forecasted,30.07 14:08,Константин Клименко vs Александр Мыцык,,,,3-0,miss,27,Константин Клименко,Александр Мыцык,,,,-,,,,,,,,ПРОПУСК,0,start-collapse-salvage-v4-2026-07-28,collapse-or-strength-15-or-history-share-61_5-or-relative-form-h5-edge-10,,,,,,,1,,,,,,,,,,,,,,,,,,,,,,,,,,,,,,,
bsportsfan-telegram-prediction-games-610-1785446385942.csv,https://ru.bsportsfan.com/table-tennis/r/12323318/serhii-balabei-vs-roman-horokh,observed_only,30.07 19:05,Сергей Балабей vs Роман Хорокх,,,,,,5,Сергей Балабей,Роман Хорокх,,,,-,,,,,,,,,0,,,,,,,,,0,,,,,,,,,,,,,,,,,,,,,,,,,,,,,,,
bsportsfan-telegram-prediction-games-610-1785446385942.csv,https://ru.bsportsfan.com/table-tennis/r/12323319/frantisek-schmidtmayer-vs-ladislav-tuma,forecasted,30.07 18:32,Франтисек Шмидтмайер vs Ладислав Тума,,,,1-3,miss,37,Франтисек Шмидтмайер,Ладислав Тума,,,,-,,,,,,,,СТАВИМ,1,start-dual-signal-v5-2026-07-30,relative-accuracy-and-moderate-tiers-v1,moderate,1,0,1,5,0,0,0,base-side-kept,4,0,0,3,3,3,1,1,1,-2.9,-16.3,13.4,0,8,45.5,0,60,11,5,5,38.1,21.1,17,64.4,40.6,1,0,0,0
bsportsfan-telegram-prediction-games-610-1785446385942.csv,https://ru.bsportsfan.com/table-tennis/r/12323320/andrii-lifanov-vs-ruslan-serhyenko,forecasted,30.07 15:36,Андрей Лифанов vs Руслан Сергиенко,,,,3-0,miss,20,Андрей Лифанов,Руслан Сергиенко,,,,-,,,,,,,,СТАВИМ,1,start-collapse-salvage-v4-2026-07-28,collapse-or-strength-15-or-history-share-61_5-or-relative-form-h5-edge-10,,,,,,,1,,,,,,,,,,,,,,,,,,,,,,,,,,,,,,,
bsportsfan-telegram-prediction-games-610-1785446385942.csv,https://ru.bsportsfan.com/table-tennis/r/12323325/avraham-nazrin-vs-yaroslav-vorsuliak,forecasted,30.07 18:35,Авраам Назрин vs Ярослав Ворсуляк,,,,3-0,miss,28,Авраам Назрин,Ярослав Ворсуляк,,,,-,,,,,,,,ПРОПУСК,0,start-dual-signal-v5-2026-07-30,relative-accuracy-and-moderate-tiers-v1,rejected,0,0,0,5,1,1,0,outside-base-collapse-branch,1.5,1,4,1,5,3,0,1,0,-13.8,-4.8,-9,0,8,42.9,0,28,40,5,5,40,52.6,-12.6,67.5,60.6,1,0,0,0
bsportsfan-telegram-prediction-games-610-1785446385942.csv,https://ru.bsportsfan.com/table-tennis/r/12323326/vadym-komar-vs-serhii-balabei,observed_only,30.07 17:02,Вадим Комар vs Сергей Балабей,,,,,,29,Вадим Комар,Сергей Балабей,,,,-,,,,,,,,,0,,,,,,,,,0,,,,,,,,,,,,,,,,,,,,,,,,,,,,,,,
bsportsfan-telegram-prediction-games-610-1785446385942.csv,https://ru.bsportsfan.com/table-tennis/r/12323331/andrii-zeniuk-vs-vadym-hryban,observed_only,30.07 18:57,Андрей Зенюк vs Вадим Грибан,,,,,,24,Андрей Зенюк,Вадим Грибан,,,,-,,,,,,,,,0,,,,,,,,,0,,,,,,,,,,,,,,,,,,,,,,,,,,,,,,,
bsportsfan-telegram-prediction-games-610-1785446385942.csv,https://ru.bsportsfan.com/table-tennis/r/12323332/maksym-badai-vs-ruslan-ivanov,forecasted,30.07 18:35,Максим Бадай vs Руслан Иванов,,,,0-3,miss,38,Максим Бадай,Руслан Иванов,1.527,2.363,bsportsfan-odds-frame,30.07 18:34,,,,,,,,СТАВИМ,1,start-dual-signal-v5-2026-07-30,relative-accuracy-and-moderate-tiers-v1,accuracy,1,1,1,5,0,0,0,base-side-kept,3,0,1,2,3,1,1,1,1,14.2,7.4,6.8,0,8,71.9,1,100,100,5,5,75,70,5,96.9,96.9,1,1,1,0
bsportsfan-telegram-prediction-games-610-1785446385942.csv,https://ru.bsportsfan.com/table-tennis/r/12323333/jan-blazek-vs-adam-dvoracek,observed_only,30.07 13:32,Ян Блажек vs Адам Дворачек,,,,,,39,Ян Блажек,Адам Дворачек,,,,-,,,,,,,,,0,,,,,,,,,0,,,,,,,,,,,,,,,,,,,,,,,,,,,,,,,
bsportsfan-telegram-prediction-games-610-1785446385942.csv,https://ru.bsportsfan.com/table-tennis/r/12323335/serhii-maksymiv-vs-ihor-sukovatyi,forecasted,30.07 13:07,Сергей Максимив vs Игорь Суковатый,,,,3-0,hit,30,Сергей Максимив,Игорь Суковатый,,,,-,,,,,,,,ПРОПУСК,0,start-collapse-salvage-v4-2026-07-28,collapse-or-strength-15-or-history-share-61_5-or-relative-form-h5-edge-10,,,,,,,0,,,,,,,,,,,,,,,,,,,,,,,,,,,,,,,
bsportsfan-telegram-prediction-games-610-1785446385942.csv,https://ru.bsportsfan.com/table-tennis/r/12323339/stepan-rejent-vs-ladislav-dobias,observed_only,30.07 17:37,Степан Реджент vs Ладислав Добиас,,,,,,6,Степан Реджент,Ладислав Добиас,,,,-,,,,,,,,,0,,,,,,,,,0,,,,,,,,,,,,,,,,,,,,,,,,,,,,,,,
bsportsfan-telegram-prediction-games-610-1785446385942.csv,https://ru.bsportsfan.com/table-tennis/r/12323342/denys-boltnekov-vs-ruslan-serhyenko,forecasted,30.07 17:37,Денис Болнеков vs Руслан Сергиенко,,,,3-0,hit,27,Денис Болнеков,Руслан Сергиенко,,,,-,,,,,,,,ПРОПУСК,0,start-collapse-salvage-v4-2026-07-28,collapse-or-strength-15-or-history-share-61_5-or-relative-form-h5-edge-10,,,,,,,0,,,,,,,,,,,,,,,,,,,,,,,,,,,,,,,
bsportsfan-telegram-prediction-games-610-1785446385942.csv,https://ru.bsportsfan.com/table-tennis/r/12323345/viacheslav-kovalenko-vs-o-volo-kovalchuk,observed_only,30.07 17:00,Вячеслав Коваленко vs Александр В. Ковальчук,,,,,,33,Вячеслав Коваленко,Александр В. Ковальчук,,,,-,,,,,,,,,0,,,,,,,,,0,,,,,,,,,,,,,,,,,,,,,,,,,,,,,,,
bsportsfan-telegram-prediction-games-610-1785446385942.csv,https://ru.bsportsfan.com/table-tennis/r/12323349/serhii-chuhai-vs-andrii-vasylets,forecasted,30.07 18:08,Сергей Чухай vs Андрей Василец,,,,3-1,miss,34,Сергей Чухай,Андрей Василец,1.48,2.45,bsportsfan-odds-frame,30.07 18:05,,,,,,,,ПРОПУСК,0,start-collapse-salvage-v4-2026-07-28,collapse-or-strength-15-or-history-share-61_5-or-relative-form-h5-edge-10,,,,,,,1,,,,,,,,,,,,,,,,,,,,,,,,,,,,,,,
bsportsfan-telegram-prediction-games-610-1785446385942.csv,https://ru.bsportsfan.com/table-tennis/r/12323350/dmytro-kryshtal-vs-serhii-balabei,observed_only,30.07 18:02,Дмитро Крышталь vs Сергей Балабей,,,,,,42,Дмитро Крышталь,Сергей Балабей,,,,-,,,,,,,,,0,,,,,,,,,0,,,,,,,,,,,,,,,,,,,,,,,,,,,,,,,
bsportsfan-telegram-prediction-games-610-1785446385942.csv,https://ru.bsportsfan.com/table-tennis/r/12323355/valentyn-chumak-vs-ruslan-serhyenko,observed_only,31.07 00:19,Валентин Чумак vs Руслан Сергиенко,,,,,,1,Валентин Чумак,Руслан Сергиенко,,,,-,,,,,,,,,0,,,,,,,,,0,,,,,,,,,,,,,,,,,,,,,,,,,,,,,,,
bsportsfan-telegram-prediction-games-610-1785446385942.csv,https://ru.bsportsfan.com/table-tennis/r/12323357/serhii-chuhai-vs-ruslan-ivanov,observed_only,30.07 16:37,Сергей Чухай vs Руслан Иванов,,,,,,32,Сергей Чухай,Руслан Иванов,,,,-,,,,,,,,,0,,,,,,,,,0,,,,,,,,,,,,,,,,,,,,,,,,,,,,,,,
bsportsfan-telegram-prediction-games-610-1785446385942.csv,https://ru.bsportsfan.com/table-tennis/r/12323358/ladislav-tuma-vs-zdenek-kuksa,observed_only,30.07 17:03,Ладислав Тума vs Жденек Кукса,,,,,,28,Ладислав Тума,Жденек Кукса,,,,-,,,,,,,,,0,,,,,,,,,0,,,,,,,,,,,,,,,,,,,,,,,,,,,,,,,
bsportsfan-telegram-prediction-games-610-1785446385942.csv,https://ru.bsportsfan.com/table-tennis/r/12323359/serhii-chelpanov-vs-mykhailo-makienko,observed_only,30.07 16:31,Сергей Челпанов vs Михаил Макиенко,,,,,,39,Сергей Челпанов,Михаил Макиенко,,,,-,,,,,,,,,0,,,,,,,,,0,,,,,,,,,,,,,,,,,,,,,,,,,,,,,,,
bsportsfan-telegram-prediction-games-610-1785446385942.csv,https://ru.bsportsfan.com/table-tennis/r/12323366/vasyl-verbianyi-vs-nazar-danyliuk,forecasted,30.07 15:55,Василий Вербяный vs Назар Данилюк,,,,2-3,hit,40,Василий Вербяный,Назар Данилюк,,,,-,,,,,,,,СТАВИМ,1,start-collapse-salvage-v4-2026-07-28,collapse-or-strength-15-or-history-share-61_5-or-relative-form-h5-edge-10,,,,,,,1,,,,,,,,,,,,,,,,,,,,,,,,,,,,,,,
bsportsfan-telegram-prediction-games-610-1785446385942.csv,https://ru.bsportsfan.com/table-tennis/r/12323374/anatolii-levshyn-vs-yehor-opryshchenko,observed_only,30.07 17:07,Анатолий Левшин vs Егор Оприщенко,,,,,,20,Анатолий Левшин,Егор Оприщенко,,,,-,,,,,,,,,0,,,,,,,,,0,,,,,,,,,,,,,,,,,,,,,,,,,,,,,,,
bsportsfan-telegram-prediction-games-610-1785446385942.csv,https://ru.bsportsfan.com/table-tennis/r/12323376/iurii-hrekh-vs-yaroslav-vorsuliak,observed_only,30.07 16:38,Юрий Хрекх vs Ярослав Ворсуляк,,,,,,20,Юрий Хрекх,Ярослав Ворсуляк,,,,-,,,,,,,,,0,,,,,,,,,0,,,,,,,,,,,,,,,,,,,,,,,,,,,,,,,
bsportsfan-telegram-prediction-games-610-1785446385942.csv,https://ru.bsportsfan.com/table-tennis/r/12325354/jan-muska-vs-tomas-trnka,forecasted,30.07 14:05,Ян Муска vs Томаш Трнка,,,,,,27,Ян Муска,Томаш Трнка,,,,-,,,,,,,,ПРОПУСК,0,start-collapse-salvage-v4-2026-07-28,collapse-or-strength-15-or-history-share-61_5-or-relative-form-h5-edge-10,,,,,,,1,,,,,,,,,,,,,,,,,,,,,,,,,,,,,,,
bsportsfan-telegram-prediction-games-610-1785446385942.csv,https://ru.bsportsfan.com/table-tennis/r/12325356/jachym-sebl-vs-ladislav-moravec,forecasted,30.07 13:23,Яхим Себл vs Ладислав Моравец,,,,1-3,hit,29,Яхим Себл,Ладислав Моравец,,,,-,,,,,,,,ПРОПУСК,0,start-collapse-salvage-v4-2026-07-28,collapse-or-strength-15-or-history-share-61_5-or-relative-form-h5-edge-10,,,,,,,1,,,,,,,,,,,,,,,,,,,,,,,,,,,,,,,
bsportsfan-telegram-prediction-games-610-1785446385942.csv,https://ru.bsportsfan.com/table-tennis/r/12325357/tomas-hnizdil-vs-ladislav-moravec,forecasted,30.07 15:50,Томаш Гниздил vs Ладислав Моравец,,,,0-3,hit,26,Томаш Гниздил,Ладислав Моравец,1.727,1.95,bsportsfan-odds-frame,30.07 15:48,,,,,,,,ПРОПУСК,0,start-collapse-salvage-v4-2026-07-28,collapse-or-strength-15-or-history-share-61_5-or-relative-form-h5-edge-10,,,,,,,1,,,,,,,,,,,,,,,,,,,,,,,,,,,,,,,
bsportsfan-telegram-prediction-games-610-1785446385942.csv,https://ru.bsportsfan.com/table-tennis/r/12325359/filip-marat-vs-adam-kral,observed_only,30.07 11:58,Филипп Марат vs Адам Крал,,,,,,41,Филипп Марат,Адам Крал,,,,-,,,,,,,,,0,,,,,,,,,0,,,,,,,,,,,,,,,,,,,,,,,,,,,,,,,
bsportsfan-telegram-prediction-games-610-1785446385942.csv,https://ru.bsportsfan.com/table-tennis/r/12325362/richard-jancak-vs-jan-sevecek,observed_only,30.07 15:29,Ричард Янчак vs Ян Севечек,,,,,,4,Ричард Янчак,Ян Севечек,,,,-,,,,,,,,,0,,,,,,,,,0,,,,,,,,,,,,,,,,,,,,,,,,,,,,,,,
bsportsfan-telegram-prediction-games-610-1785446385942.csv,https://ru.bsportsfan.com/table-tennis/r/12325366/jachym-sebl-vs-jan-srnka,observed_only,30.07 15:30,Яхим Себл vs Ян Срнка,,,,,,5,Яхим Себл,Ян Срнка,,,,-,,,,,,,,,0,,,,,,,,,0,,,,,,,,,,,,,,,,,,,,,,,,,,,,,,,
bsportsfan-telegram-prediction-games-610-1785446385942.csv,https://ru.bsportsfan.com/table-tennis/r/12325367/martin-filipek-vs-adam-kral,observed_only,30.07 16:31,Мартин Филипек vs Адам Крал,,,,,,42,Мартин Филипек,Адам Крал,,,,-,,,,,,,,,0,,,,,,,,,0,,,,,,,,,,,,,,,,,,,,,,,,,,,,,,,
bsportsfan-telegram-prediction-games-610-1785446385942.csv,https://ru.bsportsfan.com/table-tennis/r/12325369/jan-sevecek-vs-jaroslav-sindler,forecasted,30.07 14:10,Ян Севечек vs Ярослав Синдлер,,,,,,22,Ян Севечек,Ярослав Синдлер,,,,-,,,,,,,,ПРОПУСК,0,start-collapse-salvage-v4-2026-07-28,collapse-or-strength-15-or-history-share-61_5-or-relative-form-h5-edge-10,,,,,,,1,,,,,,,,,,,,,,,,,,,,,,,,,,,,,,,
bsportsfan-telegram-prediction-games-610-1785446385942.csv,https://ru.bsportsfan.com/table-tennis/r/12325372/lukas-zustina-vs-richard-jancak,observed_only,30.07 13:43,Lukas Zustina vs Ричард Янчак,,,,,,33,Lukas Zustina,Ричард Янчак,,,,-,,,,,,,,,0,,,,,,,,,0,,,,,,,,,,,,,,,,,,,,,,,,,,,,,,,
bsportsfan-telegram-prediction-games-610-1785446385942.csv,https://ru.bsportsfan.com/table-tennis/r/12325373/jachym-sebl-vs-tomas-hnizdil,forecasted,30.07 14:24,Яхим Себл vs Томаш Гниздил,,,,,,3,Яхим Себл,Томаш Гниздил,,,,-,,,,,,,,ПРОПУСК,0,start-collapse-salvage-v4-2026-07-28,collapse-or-strength-15-or-history-share-61_5-or-relative-form-h5-edge-10,,,,,,,0,,,,,,,,,,,,,,,,,,,,,,,,,,,,,,,
bsportsfan-telegram-prediction-games-610-1785446385942.csv,https://ru.bsportsfan.com/table-tennis/r/12325374/zdenek-zahradka-vs-milan-tlusty,forecasted,30.07 15:56,Зденек Захрадка vs Милан Тлусти,,,,3-1,miss,31,Зденек Захрадка,Милан Тлусти,,,,-,,,,,,,,ПРОПУСК,0,start-collapse-salvage-v4-2026-07-28,collapse-or-strength-15-or-history-share-61_5-or-relative-form-h5-edge-10,,,,,,,1,,,,,,,,,,,,,,,,,,,,,,,,,,,,,,,
bsportsfan-telegram-prediction-games-610-1785446385942.csv,https://ru.bsportsfan.com/table-tennis/r/12325378/adam-kral-vs-milan-tlusty,forecasted,30.07 15:29,Адам Крал vs Милан Тлусти,,,,1-3,miss,43,Адам Крал,Милан Тлусти,,,,-,,,,,,,,ПРОПУСК,0,start-collapse-salvage-v4-2026-07-28,collapse-or-strength-15-or-history-share-61_5-or-relative-form-h5-edge-10,,,,,,,0,,,,,,,,,,,,,,,,,,,,,,,,,,,,,,,
bsportsfan-telegram-prediction-games-610-1785446385942.csv,https://ru.bsportsfan.com/table-tennis/r/12325385/tomas-trnka-vs-radek-vosyka,forecasted,30.07 15:36,Томаш Трнка vs Радек Восыка,,,,3-0,hit,38,Томаш Трнка,Радек Восыка,,,,-,,,,,,,,ПРОПУСК,0,start-collapse-salvage-v4-2026-07-28,collapse-or-strength-15-or-history-share-61_5-or-relative-form-h5-edge-10,,,,,,,0,,,,,,,,,,,,,,,,,,,,,,,,,,,,,,,
bsportsfan-telegram-prediction-games-610-1785446385942.csv,https://ru.bsportsfan.com/table-tennis/r/12329200/michal-prochazka-vs-david-vesecky,forecasted,30.07 18:06,Михал Прохазка vs Давид Весецки,,,,2-3,hit,26,Михал Прохазка,Давид Весецки,2,1.67,bsportsfan-odds-frame,30.07 18:06,,,,,,,,ПРОПУСК,0,start-collapse-salvage-v4-2026-07-28,collapse-or-strength-15-or-history-share-61_5-or-relative-form-h5-edge-10,,,,,,,0,,,,,,,,,,,,,,,,,,,,,,,,,,,,,,,
bsportsfan-telegram-prediction-games-610-1785446385942.csv,https://ru.bsportsfan.com/table-tennis/r/12329239/jan-ruzicka-vs-jan-lovl,forecasted,30.07 17:39,Ян Ружичка vs Ян Ловл,,,,2-3,hit,49,Ян Ружичка,Ян Ловл,,,,-,,,,,,,,ПРОПУСК,0,start-collapse-salvage-v4-2026-07-28,collapse-or-strength-15-or-history-share-61_5-or-relative-form-h5-edge-10,,,,,,,1,,,,,,,,,,,,,,,,,,,,,,,,,,,,,,,
bsportsfan-telegram-prediction-games-610-1785446385942.csv,https://ru.bsportsfan.com/table-tennis/r/12329254/ondrej-fiklik-vs-marek-kulisek,forecasted,30.07 17:51,Ондрей Фиклик vs Марер Кулисек,,,,3-2,hit,33,Ондрей Фиклик,Марер Кулисек,,,,-,,,,,,,,ПРОПУСК,0,start-collapse-salvage-v4-2026-07-28,collapse-or-strength-15-or-history-share-61_5-or-relative-form-h5-edge-10,,,,,,,0,,,,,,,,,,,,,,,,,,,,,,,,,,,,,,,
bsportsfan-telegram-prediction-games-610-1785446385942.csv,https://ru.bsportsfan.com/table-tennis/r/12329255/daniel-hyza-vs-michal-brozek,observed_only,30.07 17:37,Даниэль Хиза vs Михал Брозек,,,,,,11,Даниэль Хиза,Михал Брозек,,,,-,,,,,,,,,0,,,,,,,,,0,,,,,,,,,,,,,,,,,,,,,,,,,,,,,,,
bsportsfan-telegram-prediction-games-610-1785446385942.csv,https://ru.bsportsfan.com/table-tennis/r/12329298/marek-vyskocil-vs-ondrej-mezera,forecasted,30.07 11:58,Марек Выскочил vs Ондрей Мезера,,,,2-3,hit,39,Марек Выскочил,Ондрей Мезера,,,,-,,,,,,,,СТАВИМ,1,start-collapse-salvage-v4-2026-07-28,collapse-or-strength-15-or-history-share-61_5-or-relative-form-h5-edge-10,,,,,,,1,,,,,,,,,,,,,,,,,,,,,,,,,,,,,,,
bsportsfan-telegram-prediction-games-610-1785446385942.csv,https://ru.bsportsfan.com/table-tennis/r/12329481/lukas-kantor-vs-vladislav-reska,forecasted,30.07 11:48,Лукас Кантор vs Владислав Реска,,,,1-3,hit,30,Лукас Кантор,Владислав Реска,,,,-,,,,,,,,ПРОПУСК,0,start-collapse-salvage-v4-2026-07-28,collapse-or-strength-15-or-history-share-61_5-or-relative-form-h5-edge-10,,,,,,,1,,,,,,,,,,,,,,,,,,,,,,,,,,,,,,,
bsportsfan-telegram-prediction-games-610-1785446385942.csv,https://ru.bsportsfan.com/table-tennis/r/12329507/jan-vrnak-vs-antonin-skyba,forecasted,30.07 11:58,Ян Врнак vs Антонин Скиба,,,,0-3,hit,28,Ян Врнак,Антонин Скиба,,,,-,,,,,,,,СТАВИМ,1,start-collapse-salvage-v4-2026-07-28,collapse-or-strength-15-or-history-share-61_5-or-relative-form-h5-edge-10,,,,,,,1,,,,,,,,,,,,,,,,,,,,,,,,,,,,,,,
bsportsfan-telegram-prediction-games-610-1785446385942.csv,https://ru.bsportsfan.com/table-tennis/r/12329542/andrii-tkachenko-vs-cesta-havrda,observed_only,30.07 12:02,Андрей Ткаченко vs Честа Гаврда,,,,,,32,Андрей Ткаченко,Честа Гаврда,,,,-,,,,,,,,,0,,,,,,,,,0,,,,,,,,,,,,,,,,,,,,,,,,,,,,,,,
bsportsfan-telegram-prediction-games-610-1785446385942.csv,https://ru.bsportsfan.com/table-tennis/r/12329543/milan-regner-vs-julius-didi,observed_only,30.07 12:03,Милан Регнер vs Юлиус Диди,,,,,,36,Милан Регнер,Юлиус Диди,,,,-,,,,,,,,,0,,,,,,,,,0,,,,,,,,,,,,,,,,,,,,,,,,,,,,,,,
bsportsfan-telegram-prediction-games-610-1785446385942.csv,https://ru.bsportsfan.com/table-tennis/r/12329544/matyas-navedla-vs-radovan-polasek,observed_only,30.07 12:03,Матьяш Наведла vs Радован Поласек,,,,,,29,Матьяш Наведла,Радован Поласек,,,,-,,,,,,,,,0,,,,,,,,,0,,,,,,,,,,,,,,,,,,,,,,,,,,,,,,,
bsportsfan-telegram-prediction-games-610-1785446385942.csv,https://ru.bsportsfan.com/table-tennis/r/12329546/ivan-kolenciak-vs-miroslav-stolba,observed_only,30.07 12:03,Иван Коленсяк vs Мирослав Столба,,,,,,30,Иван Коленсяк,Мирослав Столба,,,,-,,,,,,,,,0,,,,,,,,,0,,,,,,,,,,,,,,,,,,,,,,,,,,,,,,,
bsportsfan-telegram-prediction-games-610-1785446385942.csv,https://ru.bsportsfan.com/table-tennis/r/12329547/mark-robin-wagner-vs-martin-sychra,observed_only,30.07 12:05,Марк Робин Вагнер vs Мартин Сихра,,,,,,35,Марк Робин Вагнер,Мартин Сихра,,,,-,,,,,,,,,0,,,,,,,,,0,,,,,,,,,,,,,,,,,,,,,,,,,,,,,,,
bsportsfan-telegram-prediction-games-610-1785446385942.csv,https://ru.bsportsfan.com/table-tennis/r/12329587/michal-mikolasik-vs-jan-pribyl,observed_only,30.07 16:48,Мичал Миколасик vs Ян Прибыл,,,,,,37,Мичал Миколасик,Ян Прибыл,,,,-,,,,,,,,,0,,,,,,,,,0,,,,,,,,,,,,,,,,,,,,,,,,,,,,,,,
bsportsfan-telegram-prediction-games-610-1785446385942.csv,https://ru.bsportsfan.com/table-tennis/r/12329602/ludek-madle-vs-zdenek-kasinski,forecasted,30.07 13:31,Людек Мадле vs Зденек Касински,,,,3-1,hit,33,Людек Мадле,Зденек Касински,,,,-,,,,,,,,ПРОПУСК,0,start-collapse-salvage-v4-2026-07-28,collapse-or-strength-15-or-history-share-61_5-or-relative-form-h5-edge-10,,,,,,,0,,,,,,,,,,,,,,,,,,,,,,,,,,,,,,,
bsportsfan-telegram-prediction-games-610-1785446385942.csv,https://ru.bsportsfan.com/table-tennis/r/12329603/julius-didi-vs-martin-stefek,forecasted,30.07 13:32,Юлиус Диди vs Мартин Штефек,,,,3-0,miss,28,Юлиус Диди,Мартин Штефек,,,,-,,,,,,,,ПРОПУСК,0,start-collapse-salvage-v4-2026-07-28,collapse-or-strength-15-or-history-share-61_5-or-relative-form-h5-edge-10,,,,,,,1,,,,,,,,,,,,,,,,,,,,,,,,,,,,,,,
bsportsfan-telegram-prediction-games-610-1785446385942.csv,https://ru.bsportsfan.com/table-tennis/r/12329631/libor-prikasky-vs-jakub-vales,observed_only,30.07 17:37,Либор Прикаски vs Якуб Велес,,,,,,11,Либор Прикаски,Якуб Велес,,,,-,,,,,,,,,0,,,,,,,,,0,,,,,,,,,,,,,,,,,,,,,,,,,,,,,,,
bsportsfan-telegram-prediction-games-610-1785446385942.csv,https://ru.bsportsfan.com/table-tennis/r/12329753/petr-chlumsky-vs-adam-kral,observed_only,30.07 13:07,Петр Хлумский vs Адам Крал,,,,,,9,Петр Хлумский,Адам Крал,,,,-,,,,,,,,,0,,,,,,,,,0,,,,,,,,,,,,,,,,,,,,,,,,,,,,,,,
bsportsfan-telegram-prediction-games-610-1785446385942.csv,https://ru.bsportsfan.com/table-tennis/r/12329873/serhii-honcharenko-vs-viacheslav-simchuk,observed_only,30.07 13:12,Сергей Гончаренко vs Вячеслав Симчук,,,,,,38,Сергей Гончаренко,Вячеслав Симчук,,,,-,,,,,,,,,0,,,,,,,,,0,,,,,,,,,,,,,,,,,,,,,,,,,,,,,,,
bsportsfan-telegram-prediction-games-610-1785446385942.csv,https://ru.bsportsfan.com/table-tennis/r/12329902/petr-moravec-vs-filip-marat,forecasted,30.07 13:26,Петр Моравец vs Филипп Марат,,,,3-1,hit,46,Петр Моравец,Филипп Марат,,,,-,,,,,,,,ПРОПУСК,0,start-collapse-salvage-v4-2026-07-28,collapse-or-strength-15-or-history-share-61_5-or-relative-form-h5-edge-10,,,,,,,0,,,,,,,,,,,,,,,,,,,,,,,,,,,,,,,
bsportsfan-telegram-prediction-games-610-1785446385942.csv,https://ru.bsportsfan.com/table-tennis/r/12329945/valentyn-kurliuk-vs-yurii-zvolynskyi,forecasted,30.07 13:40,Валентин Курлюк vs Юрий Зволинский,,,,2-3,hit,38,Валентин Курлюк,Юрий Зволинский,,,,-,,,,,,,,ПРОПУСК,0,start-collapse-salvage-v4-2026-07-28,collapse-or-strength-15-or-history-share-61_5-or-relative-form-h5-edge-10,,,,,,,1,,,,,,,,,,,,,,,,,,,,,,,,,,,,,,,
bsportsfan-telegram-prediction-games-610-1785446385942.csv,https://ru.bsportsfan.com/table-tennis/r/12330075/illia-hermakivskyi-vs-oleksandr-ivchuk,forecasted,30.07 14:06,Илья Гермаковский vs Александр Ивчук,,,,,,29,Илья Гермаковский,Александр Ивчук,,,,-,,,,,,,,ПРОПУСК,0,start-collapse-salvage-v4-2026-07-28,collapse-or-strength-15-or-history-share-61_5-or-relative-form-h5-edge-10,,,,,,,0,,,,,,,,,,,,,,,,,,,,,,,,,,,,,,,
bsportsfan-telegram-prediction-games-610-1785446385942.csv,https://ru.bsportsfan.com/table-tennis/r/12330247/ladislav-havel-1956-vs-martin-stefek,forecasted,30.07 15:30,Ладислав Гавел 1956 vs Мартин Штефек,,,,2-3,hit,40,Ладислав Гавел 1956,Мартин Штефек,,,,-,,,,,,,,ПРОПУСК,0,start-collapse-salvage-v4-2026-07-28,collapse-or-strength-15-or-history-share-61_5-or-relative-form-h5-edge-10,,,,,,,1,,,,,,,,,,,,,,,,,,,,,,,,,,,,,,,
bsportsfan-telegram-prediction-games-610-1785446385942.csv,https://ru.bsportsfan.com/table-tennis/r/12330248/jiri-svec-vs-zdenek-kasinski,forecasted,30.07 15:30,Иржи Швец vs Зденек Касински,,,,3-1,hit,34,Иржи Швец,Зденек Касински,,,,-,,,,,,,,СТАВИМ,1,start-collapse-salvage-v4-2026-07-28,collapse-or-strength-15-or-history-share-61_5-or-relative-form-h5-edge-10,,,,,,,0,,,,,,,,,,,,,,,,,,,,,,,,,,,,,,,
bsportsfan-telegram-prediction-games-610-1785446385942.csv,https://ru.bsportsfan.com/table-tennis/r/12330325/tomas-ogrocki-vs-lukas-zustina,observed_only,30.07 18:42,Томас Огроцкий vs Лукас Зустина,,,,,,30,Томас Огроцкий,Лукас Зустина,,,,-,,,,,,,,,0,,,,,,,,,0,,,,,,,,,,,,,,,,,,,,,,,,,,,,,,,
bsportsfan-telegram-prediction-games-610-1785446385942.csv,https://ru.bsportsfan.com/table-tennis/r/12330329/david-bochnak-vs-petr-dvorak,observed_only,30.07 18:31,Дэвид Бочнак vs Петр Дворак,,,,,,19,Дэвид Бочнак,Петр Дворак,,,,-,,,,,,,,,0,,,,,,,,,0,,,,,,,,,,,,,,,,,,,,,,,,,,,,,,,
bsportsfan-telegram-prediction-games-610-1785446385942.csv,https://ru.bsportsfan.com/table-tennis/r/12330339/michal-mikolasik-vs-dalibor-velky-jnr,observed_only,30.07 18:48,Мичал Миколасик vs Далибор Велки мл.,,,,,,33,Мичал Миколасик,Далибор Велки мл.,,,,-,,,,,,,,,0,,,,,,,,,0,,,,,,,,,,,,,,,,,,,,,,,,,,,,,,,
bsportsfan-telegram-prediction-games-610-1785446385942.csv,https://ru.bsportsfan.com/table-tennis/r/12330341/jan-hendrych-vs-jan-hrncir,observed_only,31.07 00:19,Ян Хендрик vs Ян Хрнцир,,,,,,1,Ян Хендрик,Ян Хрнцир,,,,-,,,,,,,,,0,,,,,,,,,0,,,,,,,,,,,,,,,,,,,,,,,,,,,,,,,
bsportsfan-telegram-prediction-games-610-1785446385942.csv,https://ru.bsportsfan.com/table-tennis/r/12330342/daniel-hyza-vs-marek-kulisek,observed_only,30.07 18:23,Даниэль Хиза vs Марер Кулисек,,,,,,45,Даниэль Хиза,Марер Кулисек,,,,-,,,,,,,,,0,,,,,,,,,0,,,,,,,,,,,,,,,,,,,,,,,,,,,,,,,
bsportsfan-telegram-prediction-games-610-1785446385942.csv,https://ru.bsportsfan.com/table-tennis/r/12330347/michal-prochazka-vs-petr-dvorak,observed_only,30.07 18:58,Михал Прохазка vs Петр Дворак,,,,,,24,Михал Прохазка,Петр Дворак,,,,-,,,,,,,,,0,,,,,,,,,0,,,,,,,,,,,,,,,,,,,,,,,,,,,,,,,
bsportsfan-telegram-prediction-games-610-1785446385942.csv,https://ru.bsportsfan.com/table-tennis/r/12330349/tomas-ogrocki-vs-jaroslav-sindler,forecasted,30.07 17:40,Томас Огроцкий vs Ярослав Синдлер,,,,3-0,miss,32,Томас Огроцкий,Ярослав Синдлер,,,,-,,,,,,,,ПРОПУСК,0,start-collapse-salvage-v4-2026-07-28,collapse-or-strength-15-or-history-share-61_5-or-relative-form-h5-edge-10,,,,,,,1,,,,,,,,,,,,,,,,,,,,,,,,,,,,,,,
bsportsfan-telegram-prediction-games-610-1785446385942.csv,https://ru.bsportsfan.com/table-tennis/r/12330350/jan-gembala-vs-david-sarganek,observed_only,31.07 00:19,Ян Гембала vs Давид Сарганек,,,,,,1,Ян Гембала,Давид Сарганек,,,,-,,,,,,,,,0,,,,,,,,,0,,,,,,,,,,,,,,,,,,,,,,,,,,,,,,,
bsportsfan-telegram-prediction-games-610-1785446385942.csv,https://ru.bsportsfan.com/table-tennis/r/12330352/zdenek-dusek-vs-martin-zajicek,observed_only,31.07 00:19,Зденек Душек vs Мартин Зайичек,,,,,,3,Зденек Душек,Мартин Зайичек,,,,-,,,,,,,,,0,,,,,,,,,0,,,,,,,,,,,,,,,,,,,,,,,,,,,,,,,
bsportsfan-telegram-prediction-games-610-1785446385942.csv,https://ru.bsportsfan.com/table-tennis/r/12330355/lukas-zustina-vs-jaroslav-sindler,observed_only,30.07 17:12,Лукас Зустина vs Ярослав Синдлер,,,,,,17,Лукас Зустина,Ярослав Синдлер,,,,-,,,,,,,,,0,,,,,,,,,0,,,,,,,,,,,,,,,,,,,,,,,,,,,,,,,
bsportsfan-telegram-prediction-games-610-1785446385942.csv,https://ru.bsportsfan.com/table-tennis/r/12330356/tomas-ogrocki-vs-jan-sevecek,observed_only,30.07 16:50,Томас Огроцкий vs Ян Севечек,,,,,,38,Томас Огроцкий,Ян Севечек,,,,-,,,,,,,,,0,,,,,,,,,0,,,,,,,,,,,,,,,,,,,,,,,,,,,,,,,
bsportsfan-telegram-prediction-games-610-1785446385942.csv,https://ru.bsportsfan.com/table-tennis/r/12330357/jan-pribyl-vs-dalibor-velky-jnr,observed_only,30.07 18:18,Ян Прибыл vs Далибор Велки мл.,,,,,,32,Ян Прибыл,Далибор Велки мл.,,,,-,,,,,,,,,0,,,,,,,,,0,,,,,,,,,,,,,,,,,,,,,,,,,,,,,,,
bsportsfan-telegram-prediction-games-610-1785446385942.csv,https://ru.bsportsfan.com/table-tennis/r/12330361/michal-mikolasik-vs-michal-moravek,observed_only,30.07 17:49,Мичал Миколасик vs Михал Моравек,,,,,,41,Мичал Миколасик,Михал Моравек,,,,-,,,,,,,,,0,,,,,,,,,0,,,,,,,,,,,,,,,,,,,,,,,,,,,,,,,
bsportsfan-telegram-prediction-games-610-1785446385942.csv,https://ru.bsportsfan.com/table-tennis/r/12330363/stepan-vyskocil-vs-jan-lovl,observed_only,30.07 18:30,Степан Выскочил vs Ян Ловл,,,,,,36,Степан Выскочил,Ян Ловл,,,,-,,,,,,,,,0,,,,,,,,,0,,,,,,,,,,,,,,,,,,,,,,,,,,,,,,,
bsportsfan-telegram-prediction-games-610-1785446385942.csv,https://ru.bsportsfan.com/table-tennis/r/12330364/michal-brozek-vs-ondrej-fiklik,observed_only,30.07 18:53,Михал Брозек vs Ондрей Фиклик,,,,,,24,Михал Брозек,Ондрей Фиклик,,,,-,,,,,,,,,0,,,,,,,,,0,,,,,,,,,,,,,,,,,,,,,,,,,,,,,,,
bsportsfan-telegram-prediction-games-610-1785446385942.csv,https://ru.bsportsfan.com/table-tennis/r/12330367/stepan-vyskocil-vs-radek-neterda,observed_only,30.07 17:10,Степан Выскочил vs Радек Нетерда,,,,,,21,Степан Выскочил,Радек Нетерда,,,,-,,,,,,,,,0,,,,,,,,,0,,,,,,,,,,,,,,,,,,,,,,,,,,,,,,,
bsportsfan-telegram-prediction-games-610-1785446385942.csv,https://ru.bsportsfan.com/table-tennis/r/12330370/jan-sevecek-vs-lukas-zustina,forecasted,30.07 18:10,Ян Севечек vs Лукас Зустина,,,,2-3,hit,35,Ян Севечек,Лукас Зустина,2.338,1.507,bsportsfan-odds-frame,30.07 18:09,,,,,,,,ПРОПУСК,0,start-collapse-salvage-v4-2026-07-28,collapse-or-strength-15-or-history-share-61_5-or-relative-form-h5-edge-10,,,,,,,0,,,,,,,,,,,,,,,,,,,,,,,,,,,,,,,
bsportsfan-telegram-prediction-games-610-1785446385942.csv,https://ru.bsportsfan.com/table-tennis/r/12330371/radek-neterda-vs-jan-ruzicka,observed_only,30.07 18:53,Радек Нетерда vs Ян Ружичка,,,,,,30,Радек Нетерда,Ян Ружичка,,,,-,,,,,,,,,0,,,,,,,,,0,,,,,,,,,,,,,,,,,,,,,,,,,,,,,,,
bsportsfan-telegram-prediction-games-610-1785446385942.csv,https://ru.bsportsfan.com/table-tennis/r/12330794/pavel-oplt-vs-adam-radkovsky,forecasted,30.07 15:29,Павел Оплт vs Адам Радковски,,,,2-3,hit,41,Павел Оплт,Адам Радковски,,,,-,,,,,,,,СТАВИМ,1,start-collapse-salvage-v4-2026-07-28,collapse-or-strength-15-or-history-share-61_5-or-relative-form-h5-edge-10,,,,,,,1,,,,,,,,,,,,,,,,,,,,,,,,,,,,,,,
bsportsfan-telegram-prediction-games-610-1785446385942.csv,https://ru.bsportsfan.com/table-tennis/r/12330808/miroslav-vana-vs-jan-blazek,forecasted,30.07 15:31,Мирослав Вана vs Ян Блажек,,,,0-3,hit,33,Мирослав Вана,Ян Блажек,,,,-,,,,,,,,СТАВИМ,1,start-collapse-salvage-v4-2026-07-28,collapse-or-strength-15-or-history-share-61_5-or-relative-form-h5-edge-10,,,,,,,1,,,,,,,,,,,,,,,,,,,,,,,,,,,,,,,
bsportsfan-telegram-prediction-games-610-1785446385942.csv,https://ru.bsportsfan.com/table-tennis/r/12330885/leon-kolman-vs-martin-melisek,forecasted,30.07 16:01,Леон Колман vs Мартин Мелисек,,,,1-3,hit,35,Леон Колман,Мартин Мелисек,2.1,1.658,bsportsfan-odds-frame,30.07 16:01,,,,,,,,ПРОПУСК,0,start-collapse-salvage-v4-2026-07-28,collapse-or-strength-15-or-history-share-61_5-or-relative-form-h5-edge-10,,,,,,,1,,,,,,,,,,,,,,,,,,,,,,,,,,,,,,,
bsportsfan-telegram-prediction-games-610-1785446385942.csv,https://ru.bsportsfan.com/table-tennis/r/12330888/lukas-zustina-vs-jan-sevecek,observed_only,30.07 15:59,Лукас Зустина vs Ян Севечек,,,,,,47,Лукас Зустина,Ян Севечек,,,,-,,,,,,,,,0,,,,,,,,,0,,,,,,,,,,,,,,,,,,,,,,,,,,,,,,,
bsportsfan-telegram-prediction-games-610-1785446385942.csv,https://ru.bsportsfan.com/table-tennis/r/12330895/pavel-kulhanek-vs-ladislav-havel-1956,forecasted,30.07 16:00,Павел Кулханек vs Ладислав Гавел 1956,,,,3-1,miss,25,Павел Кулханек,Ладислав Гавел 1956,,,,-,,,,,,,,ПРОПУСК,0,start-collapse-salvage-v4-2026-07-28,collapse-or-strength-15-or-history-share-61_5-or-relative-form-h5-edge-10,,,,,,,1,,,,,,,,,,,,,,,,,,,,,,,,,,,,,,,
bsportsfan-telegram-prediction-games-610-1785446385942.csv,https://ru.bsportsfan.com/table-tennis/r/12330896/jiri-svec-vs-zdenek-kasinski,forecasted,30.07 16:00,Иржи Швец vs Зденек Касински,,,,3-0,hit,24,Иржи Швец,Зденек Касински,,,,-,,,,,,,,СТАВИМ,1,start-collapse-salvage-v4-2026-07-28,collapse-or-strength-15-or-history-share-61_5-or-relative-form-h5-edge-10,,,,,,,0,,,,,,,,,,,,,,,,,,,,,,,,,,,,,,,
bsportsfan-telegram-prediction-games-610-1785446385942.csv,https://ru.bsportsfan.com/table-tennis/r/12330897/marian-melisek-vs-adam-dvoracek,forecasted,30.07 16:01,Мариан Мелисек vs Адам Дворачек,,,,3-1,hit,24,Мариан Мелисек,Адам Дворачек,,,,-,,,,,,,,СТАВИМ,1,start-collapse-salvage-v4-2026-07-28,collapse-or-strength-15-or-history-share-61_5-or-relative-form-h5-edge-10,,,,,,,0,,,,,,,,,,,,,,,,,,,,,,,,,,,,,,,
bsportsfan-telegram-prediction-games-610-1785446385942.csv,https://ru.bsportsfan.com/table-tennis/r/12330899/jan-szotkowski-vs-michal-vavrecka,forecasted,30.07 16:00,Ян Шотковски vs Михал Ваврецка,,,,3-0,hit,27,Ян Шотковски,Михал Ваврецка,,,,-,,,,,,,,СТАВИМ,1,start-collapse-salvage-v4-2026-07-28,collapse-or-strength-15-or-history-share-61_5-or-relative-form-h5-edge-10,,,,,,,0,,,,,,,,,,,,,,,,,,,,,,,,,,,,,,,
bsportsfan-telegram-prediction-games-610-1785446385942.csv,https://ru.bsportsfan.com/table-tennis/r/12330900/michal-cabis-vs-tadeas-zika,forecasted,30.07 16:01,Михал Кабис vs Тадеас Зика,,,,2-3,hit,29,Михал Кабис,Тадеас Зика,,,,-,,,,,,,,СТАВИМ,1,start-collapse-salvage-v4-2026-07-28,collapse-or-strength-15-or-history-share-61_5-or-relative-form-h5-edge-10,,,,,,,0,,,,,,,,,,,,,,,,,,,,,,,,,,,,,,,
bsportsfan-telegram-prediction-games-610-1785446385942.csv,https://ru.bsportsfan.com/table-tennis/r/12330915/petr-sebera-vs-mark-robin-wagner,forecasted,30.07 16:06,Петр Себера vs Марк Робин Вагнер,,,,0-3,miss,28,Петр Себера,Марк Робин Вагнер,,,,-,,,,,,,,СТАВИМ,1,start-collapse-salvage-v4-2026-07-28,collapse-or-strength-15-or-history-share-61_5-or-relative-form-h5-edge-10,,,,,,,0,,,,,,,,,,,,,,,,,,,,,,,,,,,,,,,
bsportsfan-telegram-prediction-games-610-1785446385942.csv,https://ru.bsportsfan.com/table-tennis/r/12331176/radek-vosyka-vs-jan-muska,forecasted,30.07 16:11,Радек Восыка vs Ян Муска,,,,2-3,hit,30,Радек Восыка,Ян Муска,,,,-,,,,,,,,ПРОПУСК,0,start-collapse-salvage-v4-2026-07-28,collapse-or-strength-15-or-history-share-61_5-or-relative-form-h5-edge-10,,,,,,,1,,,,,,,,,,,,,,,,,,,,,,,,,,,,,,,
bsportsfan-telegram-prediction-games-610-1785446385942.csv,https://ru.bsportsfan.com/table-tennis/r/12331223/julius-didi-vs-martin-stefek,observed_only,30.07 16:32,Юлиус Диди vs Мартин Штефек,,,,,,41,Юлиус Диди,Мартин Штефек,,,,-,,,,,,,,,0,,,,,,,,,0,,,,,,,,,,,,,,,,,,,,,,,,,,,,,,,
bsportsfan-telegram-prediction-games-610-1785446385942.csv,https://ru.bsportsfan.com/table-tennis/r/12331224/ludek-madle-vs-milan-chalupnicek,observed_only,30.07 16:32,Людек Мадле vs Милан Халупничек,,,,,,28,Людек Мадле,Милан Халупничек,,,,-,,,,,,,,,0,,,,,,,,,0,,,,,,,,,,,,,,,,,,,,,,,,,,,,,,,
bsportsfan-telegram-prediction-games-610-1785446385942.csv,https://ru.bsportsfan.com/table-tennis/r/12331225/tomas-dousek-vs-michael-sedlacek,observed_only,30.07 16:31,Томаш Доусек vs Михаэль Седлачек,,,,,,36,Томаш Доусек,Михаэль Седлачек,,,,-,,,,,,,,,0,,,,,,,,,0,,,,,,,,,,,,,,,,,,,,,,,,,,,,,,,
bsportsfan-telegram-prediction-games-610-1785446385942.csv,https://ru.bsportsfan.com/table-tennis/r/12331235/pavel-gireth-vs-libor-prikasky,forecasted,30.07 18:01,Павел Гирет vs Либор Прикаски,,,,1-3,hit,26,Павел Гирет,Либор Прикаски,,,,-,,,,,,,,ПРОПУСК,0,start-collapse-salvage-v4-2026-07-28,collapse-or-strength-15-or-history-share-61_5-or-relative-form-h5-edge-10,,,,,,,1,,,,,,,,,,,,,,,,,,,,,,,,,,,,,,,
bsportsfan-telegram-prediction-games-610-1785446385942.csv,https://ru.bsportsfan.com/table-tennis/r/12331298/tomas-hnizdil-vs-jachym-sebl,forecasted,30.07 16:21,Томаш Гниздил vs Яхим Себл,,,,3-0,hit,6,Томаш Гниздил,Яхим Себл,,,,-,,,,,,,,ПРОПУСК,0,start-collapse-salvage-v4-2026-07-28,collapse-or-strength-15-or-history-share-61_5-or-relative-form-h5-edge-10,,,,,,,0,,,,,,,,,,,,,,,,,,,,,,,,,,,,,,,
bsportsfan-telegram-prediction-games-610-1785446385942.csv,https://ru.bsportsfan.com/table-tennis/r/12331299/denis-hofman-vs-martin-sychra,observed_only,30.07 16:32,Денис Хофман vs Мартин Сихра,,,,,,35,Денис Хофман,Мартин Сихра,,,,-,,,,,,,,,0,,,,,,,,,0,,,,,,,,,,,,,,,,,,,,,,,,,,,,,,,
bsportsfan-telegram-prediction-games-610-1785446385942.csv,https://ru.bsportsfan.com/table-tennis/r/12331318/erik-mares-vs-libor-prikasky,observed_only,30.07 19:02,Эрик Марес vs Либор Прикаски,,,,,,19,Эрик Марес,Либор Прикаски,,,,-,,,,,,,,,0,,,,,,,,,0,,,,,,,,,,,,,,,,,,,,,,,,,,,,,,,
bsportsfan-telegram-prediction-games-610-1785446385942.csv,https://ru.bsportsfan.com/table-tennis/r/12331323/jaroslav-sindler-vs-richard-jancak,observed_only,30.07 16:31,Ярослав Синдлер vs Ричард Янчак,,,,,,25,Ярослав Синдлер,Ричард Янчак,,,,-,,,,,,,,,0,,,,,,,,,0,,,,,,,,,,,,,,,,,,,,,,,,,,,,,,,
bsportsfan-telegram-prediction-games-610-1785446385942.csv,https://ru.bsportsfan.com/table-tennis/r/12331338/radovan-polasek-vs-radomir-revay,observed_only,30.07 16:32,Радован Поласек vs Радомир Ревай,,,,,,28,Радован Поласек,Радомир Ревай,,,,-,,,,,,,,,0,,,,,,,,,0,,,,,,,,,,,,,,,,,,,,,,,,,,,,,,,
bsportsfan-telegram-prediction-games-610-1785446385942.csv,https://ru.bsportsfan.com/table-tennis/r/12331421/tomas-trnka-vs-jiri-babinek,observed_only,30.07 16:43,Томаш Трнка vs Жири Бабинек,,,,,,27,Томаш Трнка,Жири Бабинек,,,,-,,,,,,,,,0,,,,,,,,,0,,,,,,,,,,,,,,,,,,,,,,,,,,,,,,,
bsportsfan-telegram-prediction-games-610-1785446385942.csv,https://ru.bsportsfan.com/table-tennis/r/12331448/ladislav-moravec-vs-jan-srnka,observed_only,30.07 16:53,Ладислав Моравец vs Ян Срнка,,,,,,37,Ладислав Моравец,Ян Срнка,,,,-,,,,,,,,,0,,,,,,,,,0,,,,,,,,,,,,,,,,,,,,,,,,,,,,,,,
bsportsfan-telegram-prediction-games-610-1785446385942.csv,https://ru.bsportsfan.com/table-tennis/r/12331490/adam-kral-vs-martin-filipek,observed_only,30.07 17:07,Адам Крал vs Мартин Филипек,,,,,,24,Адам Крал,Мартин Филипек,,,,-,,,,,,,,,0,,,,,,,,,0,,,,,,,,,,,,,,,,,,,,,,,,,,,,,,,
bsportsfan-telegram-prediction-games-610-1785446385942.csv,https://ru.bsportsfan.com/table-tennis/r/12331579/zdenek-zahradka-vs-milan-tlusty,forecasted,30.07 17:38,Зденек Захрадка vs Милан Тлусти,,,,2-3,hit,41,Зденек Захрадка,Милан Тлусти,1.915,1.799,bsportsfan-odds-frame,30.07 17:38,,,,,,,,ПРОПУСК,0,start-collapse-salvage-v4-2026-07-28,collapse-or-strength-15-or-history-share-61_5-or-relative-form-h5-edge-10,,,,,,,0,,,,,,,,,,,,,,,,,,,,,,,,,,,,,,,
bsportsfan-telegram-prediction-games-610-1785446385942.csv,https://ru.bsportsfan.com/table-tennis/r/12333561/david-szotek-vs-lukas-kern,observed_only,31.07 00:19,Дэвид Шотек vs Лукас Керн,,,,,,3,Дэвид Шотек,Лукас Керн,,,,-,,,,,,,,,0,,,,,,,,,0,,,,,,,,,,,,,,,,,,,,,,,,,,,,,,,
bsportsfan-telegram-prediction-games-610-1785446385942.csv,https://ru.bsportsfan.com/table-tennis/r/12333671/jiri-dedek-vs-milan-kolar,observed_only,31.07 00:19,Иржи Дедек vs Милан Колар,,,,,,4,Иржи Дедек,Милан Колар,,,,-,,,,,,,,,0,,,,,,,,,0,,,,,,,,,,,,,,,,,,,,,,,,,,,,,,,
